,Mutant_A,Mutant_B,NM,ACCGATCTC,TCCGATCTC,CCCGATCTC,GACGATCTC,GTCGATCTC,GGCGATCTC,GCAGATCTC,GCTGATCTC,GCGGATCTC,GCCAATCTC,GCCTATCTC,GCCCATCTC,GCCGTTCTC,GCCGGTCTC,GCCGCTCTC,GCCGAACTC,GCCGAGCTC,GCCGACCTC,GCCGATATC,GCCGATTTC,GCCGATGTC,GCCGATCAC,GCCGATCGC,GCCGATCCC,GCCGATCTA,GCCGATCTT,GCCGATCTG
0,GCCGATCCC,GCCGATCTG,,,,,,,,Negative,,Negative,,,,,Positive,,No,Positive,,Negative,,Negative,,,,,,
1,GCCGATCCC,GCCGATCTT,,,,,,,,Negative,,Positive,,,,,Positive,,Negative,Positive,,Negative,,No,,,,,,
2,GCCGATCCC,GCCGATCTA,Positive,,,,,,,Negative,,Negative,,,,,Positive,,Positive,Positive,,Negative,,Negative,,,,,,
3,GCCGATCGC,GCCGATCTG,,Negative,Negative,Negative,Positive,No,Negative,Negative,,Negative,Positive,Positive,No,,,,Negative,Negative,No,Negative,,Negative,,,,,,
4,GCCGATCGC,GCCGATCTT,,Negative,Negative,Negative,Positive,,No,Negative,,Negative,Positive,Positive,Reciprocal Sign,,,,Negative,Negative,Negative,Negative,,Negative,,,,,,
5,GCCGATCGC,GCCGATCTA,No,Negative,Negative,Negative,No,,Negative,Negative,,Negative,Positive,Positive,Positive,,,,Positive,Negative,Negative,Negative,,Negative,,,,,,
6,GCCGATCAC,GCCGATCTG,,Negative,Single Sign,Single Sign,Single Sign,Reciprocal Sign,Single Sign,Reciprocal Sign,,Single Sign,Positive,Positive,Reciprocal Sign,,Positive,,Positive,Positive,Reciprocal Sign,Reciprocal Sign,,Negative,,,,,,
7,GCCGATCAC,GCCGATCTT,,Negative,Negative,Negative,Negative,,Positive,Positive,,Negative,Positive,Negative,Positive,,Positive,,Negative,Negative,Negative,No,,Negative,,,,,,
8,GCCGATCAC,GCCGATCTA,,Positive,Single Sign,Single Sign,Single Sign,,Single Sign,Reciprocal Sign,,Single Sign,Positive,Positive,Negative,,Reciprocal Sign,,Positive,Positive,Reciprocal Sign,Negative,,Negative,,,,,,
9,GCCGATGTC,GCCGATCTG,,Negative,Positive,Single Sign,Single Sign,Single Sign,Single Sign,Single Sign,,Single Sign,Positive,Positive,Negative,,Positive,,Positive,Positive,Single Sign,,,,,Positive,Single Sign,,,
10,GCCGATGTC,GCCGATCTT,,Negative,Negative,Positive,Single Sign,,Single Sign,Single Sign,,Single Sign,Positive,Negative,Positive,,Positive,,Positive,Positive,Positive,,,,,Positive,Single Sign,,,
11,GCCGATGTC,GCCGATCTA,Single Sign,Negative,Single Sign,No,Single Sign,,Single Sign,Single Sign,,Single Sign,Positive,Positive,Positive,,Positive,,Positive,Positive,Single Sign,,,,,Positive,Positive,,,
12,GCCGATTTC,GCCGATCTG,,Negative,Negative,Negative,Negative,Positive,Negative,Negative,,Negative,Positive,Positive,No,,Positive,,Negative,Negative,Negative,,,,,Positive,Negative,,,
13,GCCGATTTC,GCCGATCTT,,Negative,Negative,Negative,Single Sign,,Positive,Positive,,Positive,Positive,Positive,Positive,,Positive,,Negative,Negative,Negative,,,,,Positive,No,,,
14,GCCGATTTC,GCCGATCTA,,Negative,Negative,Negative,Negative,,Negative,Negative,,Negative,Positive,Positive,Reciprocal Sign,,Positive,,Negative,Negative,Negative,,,,,Negative,Negative,,,
15,GCCGATATC,GCCGATCTG,,Positive,Single Sign,Reciprocal Sign,Single Sign,Single Sign,Single Sign,Single Sign,,Single Sign,Positive,Positive,Negative,,Positive,,Reciprocal Sign,Single Sign,Reciprocal Sign,,,,,Positive,Negative,,,
16,GCCGATATC,GCCGATCTT,,Negative,Negative,Negative,Positive,,Positive,Positive,,Positive,Positive,Positive,Positive,,Positive,,Positive,Negative,Positive,,,,,Positive,Single Sign,,,
17,GCCGATATC,GCCGATCTA,Positive,Negative,Negative,Negative,Positive,,Positive,Negative,,No,Positive,Positive,Positive,,Positive,,Positive,Positive,Positive,,,,,Positive,Negative,,,
18,GCCGATGTC,GCCGATCCC,Positive,,,,,,,Negative,,Negative,,,,,Positive,,Positive,Positive,,,,,,,,Negative,,
19,GCCGATGTC,GCCGATCGC,Negative,Negative,Negative,Negative,Negative,Negative,Negative,Negative,,Negative,Positive,Positive,Positive,,,,Positive,Positive,Negative,,,,,,,Negative,,
20,GCCGATGTC,GCCGATCAC,,Reciprocal Sign,Reciprocal Sign,Reciprocal Sign,Reciprocal Sign,Negative,Reciprocal Sign,Negative,,Reciprocal Sign,Positive,Positive,No,,Positive,,Positive,Positive,Negative,,,,,,,Reciprocal Sign,,
21,GCCGATTTC,GCCGATCCC,,,,,,,,Positive,,Single Sign,,,,,Positive,,Positive,Positive,,,,,,,,Reciprocal Sign,,
22,GCCGATTTC,GCCGATCGC,,Negative,Negative,Negative,Negative,Negative,Negative,Negative,,Negative,Positive,Positive,Positive,,,,Positive,Positive,Negative,,,,,,,Negative,,
23,GCCGATTTC,GCCGATCAC,,Negative,Negative,Negative,Negative,Single Sign,Negative,Negative,,Negative,Positive,No,No,,Positive,,Positive,Positive,Negative,,,,,,,Negative,,
24,GCCGATATC,GCCGATCCC,Reciprocal Sign,,,,,,,Positive,,Single Sign,,,,,Positive,,Positive,Positive,,,,,,,,Single Sign,,
25,GCCGATATC,GCCGATCGC,Positive,Negative,Negative,Single Sign,Positive,Positive,Negative,Negative,,Negative,No,Positive,Reciprocal Sign,,,,Positive,Positive,Positive,,,,,,,Positive,,
26,GCCGATATC,GCCGATCAC,,Negative,Negative,Negative,Negative,Single Sign,Negative,Single Sign,,No,No,Negative,Negative,,Positive,,Positive,Positive,Positive,,,,,,,Reciprocal Sign,,
27,GCCGACCTC,GCCGATCTG,,Negative,No,Positive,,Reciprocal Sign,Positive,Single Sign,,Single Sign,Positive,Positive,,,Single Sign,,,,,Negative,,No,,Positive,,,,
28,GCCGACCTC,GCCGATCTT,,Negative,Reciprocal Sign,No,,,Single Sign,Single Sign,,Single Sign,Negative,Positive,,,Positive,,,,,Positive,,Single Sign,,Positive,,,,
29,GCCGACCTC,GCCGATCTA,Positive,Negative,Negative,Positive,,,Single Sign,Single Sign,,Single Sign,Positive,Positive,,,Positive,,,,,Negative,,Positive,,Positive,,,,
30,GCCGAGCTC,GCCGATCTG,,Negative,No,Single Sign,Positive,Positive,Single Sign,Negative,,Negative,Positive,Positive,Positive,,Positive,,,,,Negative,,Positive,,Positive,Positive,,,
31,GCCGAGCTC,GCCGATCTT,,Negative,Negative,No,Positive,,Single Sign,Positive,,Positive,Positive,Positive,Positive,,Positive,,,,,Negative,,No,,Positive,Positive,,,
32,GCCGAGCTC,GCCGATCTA,Positive,Negative,No,Positive,Positive,,Positive,No,,Positive,Positive,Positive,Negative,,Negative,,,,,Negative,,No,,Positive,Positive,,,
33,GCCGAACTC,GCCGATCTG,,Negative,Negative,Negative,No,Positive,Positive,Negative,,No,Positive,Positive,No,,Positive,,,,,Positive,,Positive,,Positive,No,,,
34,GCCGAACTC,GCCGATCTT,,Negative,Negative,No,Positive,,Positive,Positive,,Single Sign,No,Positive,Positive,,Positive,,,,,Positive,,Single Sign,,Positive,Positive,,,
35,GCCGAACTC,GCCGATCTA,Positive,Negative,No,Positive,Positive,,Single Sign,Negative,,Positive,Positive,Positive,Positive,,Negative,,,,,Negative,,Negative,,Positive,Positive,,,
36,GCCGACCTC,GCCGATCCC,,,,,,,,Negative,,Negative,,,,,,,,,,Negative,,Positive,,,,Negative,,
37,GCCGACCTC,GCCGATCGC,Single Sign,Negative,Negative,Negative,,Single Sign,Negative,Negative,,Negative,No,Positive,,,,,,,,Positive,,Negative,,,,Positive,,
38,GCCGACCTC,GCCGATCAC,,Negative,Negative,No,,Reciprocal Sign,Negative,Single Sign,,Positive,Negative,Positive,,,Negative,,,,,Positive,,Positive,,,,Positive,,
39,GCCGAGCTC,GCCGATCCC,Negative,,,,,,,Reciprocal Sign,,Negative,,,,,Negative,,,,,Negative,,Negative,,,,Negative,,
40,GCCGAGCTC,GCCGATCGC,Reciprocal Sign,Negative,Reciprocal Sign,Reciprocal Sign,Negative,Reciprocal Sign,Reciprocal Sign,Reciprocal Sign,,Reciprocal Sign,Positive,Positive,Positive,,,,,,,Negative,,Negative,,,,Reciprocal Sign,,
41,GCCGAGCTC,GCCGATCAC,,Negative,Negative,Reciprocal Sign,Negative,Negative,Reciprocal Sign,Negative,,Reciprocal Sign,Positive,Positive,Positive,,No,,,,,Reciprocal Sign,,Positive,,,,Negative,,
42,GCCGAACTC,GCCGATCCC,Negative,,,,,,,Reciprocal Sign,,Negative,,,,,No,,,,,Negative,,Negative,,,,Negative,,
43,GCCGAACTC,GCCGATCGC,Reciprocal Sign,Negative,Reciprocal Sign,Reciprocal Sign,Negative,Reciprocal Sign,Reciprocal Sign,Reciprocal Sign,,Reciprocal Sign,Positive,Positive,Positive,,,,,,,Negative,,Negative,,,,Reciprocal Sign,,
44,GCCGAACTC,GCCGATCAC,,Negative,Negative,Reciprocal Sign,Negative,Negative,Reciprocal Sign,Negative,,Reciprocal Sign,Negative,No,Negative,,Reciprocal Sign,,,,,Reciprocal Sign,,Positive,,,,Negative,,
45,GCCGACCTC,GCCGATGTC,No,Negative,Negative,Negative,,Positive,Negative,Negative,,Negative,No,Positive,,,Negative,,,,,,,,,Negative,,Negative,,
46,GCCGACCTC,GCCGATTTC,,Negative,Negative,Negative,,Single Sign,Negative,Negative,,Negative,Negative,Positive,,,Negative,,,,,,,,,Negative,,Negative,,
47,GCCGACCTC,GCCGATATC,Positive,Negative,Reciprocal Sign,Negative,,No,Negative,Negative,,Reciprocal Sign,Negative,Positive,,,Single Sign,,,,,,,,,No,,Negative,,
48,GCCGAGCTC,GCCGATGTC,Negative,Negative,Negative,Negative,Negative,Negative,Negative,Negative,,Negative,Positive,Positive,Positive,,No,,,,,,,,,Positive,Negative,Negative,,
49,GCCGAGCTC,GCCGATTTC,,Negative,Negative,Negative,Negative,Negative,Negative,Negative,,Negative,No,Positive,Positive,,Negative,,,,,,,,,Positive,Negative,Negative,,
50,GCCGAGCTC,GCCGATATC,Negative,Negative,Negative,Negative,Negative,Negative,Negative,Negative,,Negative,Negative,Positive,Positive,,Positive,,,,,,,,,Positive,Positive,Negative,,
51,GCCGAACTC,GCCGATGTC,Negative,Negative,Negative,Negative,Negative,Negative,Negative,Negative,,Negative,Negative,Positive,Positive,,No,,,,,,,,,Positive,Negative,Negative,,
52,GCCGAACTC,GCCGATTTC,,Negative,Negative,Negative,Negative,Negative,Negative,Negative,,Negative,Positive,Positive,Positive,,Negative,,,,,,,,,Positive,Negative,Negative,,
53,GCCGAACTC,GCCGATATC,Negative,Negative,Negative,Negative,Negative,Negative,Negative,Negative,,Negative,No,Positive,Negative,,Positive,,,,,,,,,Positive,Positive,Negative,,
54,GCCGCTCTC,GCCGATCTG,,Negative,Positive,Negative,Positive,Positive,,Positive,,No,,Reciprocal Sign,Negative,,,,Negative,Positive,,Negative,,Negative,,Positive,Negative,,,
55,GCCGCTCTC,GCCGATCTT,,Negative,Positive,No,Positive,,,Positive,,Positive,,Positive,Reciprocal Sign,,,,Negative,Negative,,Positive,,Negative,,Positive,Positive,,,
56,GCCGCTCTC,GCCGATCTA,,Negative,Positive,Positive,Positive,,,Positive,,Negative,,Reciprocal Sign,Negative,,,,Positive,Positive,,Positive,,Negative,,Positive,Negative,,,
57,GCCGGTCTC,GCCGATCTG,,,Positive,,Positive,Positive,,Negative,,Positive,,Positive,Reciprocal Sign,,,,Positive,Negative,Positive,Negative,,Negative,,,Positive,,,
58,GCCGGTCTC,GCCGATCTT,,,Negative,,Positive,,Positive,Positive,,Positive,,Single Sign,Positive,,,,Negative,Negative,Negative,Positive,,Negative,,,Positive,,,
59,GCCGGTCTC,GCCGATCTA,Positive,,Positive,,Positive,,Positive,Negative,,Positive,,Positive,Negative,,,,No,Negative,Negative,Negative,,Negative,,,Positive,,,
60,GCCGTTCTC,GCCGATCTG,,Negative,Positive,,Positive,,,Negative,,Positive,,Positive,Reciprocal Sign,,,,Positive,No,Positive,Negative,,Negative,,Positive,Negative,,,
61,GCCGTTCTC,GCCGATCTT,,Negative,Negative,,No,,,Positive,,Positive,,Positive,Positive,,,,Positive,Positive,Negative,Negative,,Negative,,Positive,Positive,,,
62,GCCGTTCTC,GCCGATCTA,,Negative,Negative,,No,,,No,,Positive,,Positive,Negative,,,,Positive,Negative,Positive,Negative,,Negative,,Positive,Positive,,,
63,GCCGCTCTC,GCCGATCCC,,,,,,,,Negative,,Positive,,,,,,,Positive,Positive,,Negative,,Positive,,,,Positive,,
64,GCCGCTCTC,GCCGATCGC,,Negative,Negative,Negative,Negative,Negative,,Negative,,Negative,,Negative,Positive,,,,Positive,Positive,,Negative,,Positive,,,,Negative,,
65,GCCGCTCTC,GCCGATCAC,,Negative,Negative,Negative,Negative,Positive,,Negative,,Negative,,Negative,Single Sign,,,,Positive,Positive,,Negative,,Positive,,,,Negative,,
66,GCCGGTCTC,GCCGATCCC,Positive,,,,,,,Negative,,Positive,,,,,,,Positive,Positive,,Negative,,Positive,,,,Positive,,
67,GCCGGTCTC,GCCGATCGC,,,Negative,,Negative,Negative,Negative,Negative,,Negative,,Negative,Negative,,,,Positive,Positive,Negative,Negative,,Positive,,,,Negative,,
68,GCCGGTCTC,GCCGATCAC,,,Negative,,Negative,No,Positive,Negative,,Positive,,Negative,Reciprocal Sign,,,,Positive,Positive,Negative,Negative,,Positive,,,,Negative,,
69,GCCGTTCTC,GCCGATCCC,,,,,,,,Negative,,Positive,,,,,,,Positive,Positive,,Negative,,Positive,,,,Positive,,
70,GCCGTTCTC,GCCGATCGC,,Negative,Negative,,Negative,,,Negative,,Negative,,Positive,No,,,,Positive,Positive,Negative,Negative,,Negative,,,,Negative,,
71,GCCGTTCTC,GCCGATCAC,,Negative,Negative,,Negative,,,Negative,,Positive,,Positive,Reciprocal Sign,,,,Positive,Positive,Positive,Negative,,Positive,,,,Negative,,
72,GCCGCTCTC,GCCGATGTC,,Negative,Negative,Negative,Negative,Negative,,Negative,,Negative,,Positive,Positive,,,,Positive,Positive,,,,,,Positive,Negative,Negative,,
73,GCCGCTCTC,GCCGATTTC,,Negative,Negative,Negative,Negative,Negative,,Negative,,Negative,,Positive,Positive,,,,Positive,Positive,,,,,,Positive,Negative,Positive,,
74,GCCGCTCTC,GCCGATATC,,Negative,Negative,Negative,Negative,Negative,,Negative,,Negative,,Positive,Positive,,,,Positive,Positive,,,,,,Positive,Negative,Positive,,
75,GCCGGTCTC,GCCGATGTC,Negative,,Negative,,Negative,Negative,Negative,Negative,,Negative,,Negative,Negative,,,,Positive,Positive,Negative,,,,,,Negative,Negative,,
76,GCCGGTCTC,GCCGATTTC,,,Negative,,Negative,Negative,Negative,Negative,,Negative,,Negative,Negative,,,,Positive,Negative,Negative,,,,,,Negative,Positive,,
77,GCCGGTCTC,GCCGATATC,Positive,,Negative,,Negative,Negative,Negative,Negative,,No,,Negative,Negative,,,,Positive,Positive,Positive,,,,,,Negative,Negative,,
78,GCCGTTCTC,GCCGATGTC,,Negative,Negative,,Negative,,,Negative,,Negative,,Positive,Positive,,,,Positive,Positive,Negative,,,,,Positive,Negative,Negative,,
79,GCCGTTCTC,GCCGATTTC,,Negative,Negative,,,,,Negative,,Negative,,Positive,Negative,,,,Positive,Positive,Negative,,,,,Positive,,No,,
80,GCCGTTCTC,GCCGATATC,,Negative,Negative,,Negative,,,Negative,,Positive,,Positive,Negative,,,,Positive,Positive,Positive,,,,,Positive,Negative,Negative,,
81,GCCGCTCTC,GCCGACCTC,,Negative,,Negative,,Positive,,Positive,,Negative,,Reciprocal Sign,,,,,,,,Positive,,Positive,,Positive,,Negative,,
82,GCCGCTCTC,GCCGAGCTC,,Negative,Negative,Negative,Negative,Negative,,Negative,,Negative,,Reciprocal Sign,No,,,,,,,Negative,,Positive,,Positive,Positive,Negative,,
83,GCCGCTCTC,GCCGAACTC,,Negative,Negative,Negative,Negative,Negative,,Negative,,Negative,,Positive,Negative,,,,,,,Negative,,Positive,,Positive,Negative,Negative,,
84,GCCGGTCTC,GCCGACCTC,Positive,,,,,Positive,Negative,No,,Positive,,Single Sign,,,,,,,,Positive,,Positive,,,,Negative,,
85,GCCGGTCTC,GCCGAGCTC,Negative,,Negative,,Negative,Negative,Negative,Negative,,Negative,,Negative,No,,,,,,,Negative,,Positive,,,Positive,Negative,,
86,GCCGGTCTC,GCCGAACTC,Negative,,Negative,,Negative,Negative,Negative,Negative,,Negative,,Negative,Negative,,,,,,,Negative,,Positive,,,Positive,Negative,,
87,GCCGTTCTC,GCCGACCTC,,,Negative,,,,,Negative,,Negative,,Positive,,,,,,,,Negative,,Positive,,No,,Negative,,
88,GCCGTTCTC,GCCGAGCTC,,Negative,Negative,,Negative,,,Negative,,Negative,,Positive,Positive,,,,,,,Negative,,Positive,,Positive,Positive,Negative,,
89,GCCGTTCTC,GCCGAACTC,,Negative,Negative,,Negative,,,Negative,,Negative,,Positive,Positive,,,,,,,Negative,,Positive,,Positive,Positive,Negative,,
90,GCCCATCTC,GCCGATCTG,,Negative,Positive,,Positive,Positive,Positive,Positive,,Negative,,,,,Positive,,Positive,Positive,,Negative,,Negative,,Positive,,,,
91,GCCCATCTC,GCCGATCTT,,No,Negative,,Positive,,Positive,Positive,,Negative,,,,,Positive,,Negative,Positive,,Negative,,No,,Positive,,,,
92,GCCCATCTC,GCCGATCTA,Positive,No,Positive,,Positive,,Positive,Positive,,Negative,,,,,Negative,,Positive,Negative,,Negative,,Negative,,Positive,,,,
93,GCCTATCTC,GCCGATCTG,,Negative,Positive,Negative,Positive,Positive,Positive,Positive,,Positive,,,,,Positive,,Positive,No,Positive,Negative,,Negative,,Positive,,,,
94,GCCTATCTC,GCCGATCTT,,Negative,Negative,Positive,Positive,,Positive,Positive,,Positive,,,,,Single Sign,,Negative,Positive,Positive,Negative,,Negative,,Positive,,,,
95,GCCTATCTC,GCCGATCTA,Negative,Negative,No,Positive,Positive,,Positive,Positive,,Positive,,,,,Positive,,Positive,Positive,Positive,Negative,,Negative,,Positive,,,,
96,GCCAATCTC,GCCGATCTG,,Negative,Positive,No,Positive,Positive,Positive,Positive,,Negative,,,,,,,Negative,Negative,Positive,Negative,,Negative,,Positive,,,,
97,GCCAATCTC,GCCGATCTT,,Negative,Negative,Positive,Positive,,Positive,Positive,,Positive,,,,,,,Negative,Positive,Negative,Negative,,Negative,,Positive,,,,
98,GCCAATCTC,GCCGATCTA,Positive,Negative,Positive,Positive,Positive,,Positive,Positive,,No,,,,,,,Positive,Positive,Negative,Negative,,Negative,,Positive,,,,
99,GCCCATCTC,GCCGATCCC,,,,,,,,Negative,,Negative,,,,,Single Sign,,Positive,Positive,,Negative,,Positive,,,,Positive,,
100,GCCCATCTC,GCCGATCGC,Negative,Negative,Negative,,Negative,Negative,Negative,Negative,,Negative,,,,,,,Positive,Positive,,Negative,,Positive,,,,Negative,,
101,GCCCATCTC,GCCGATCAC,,Negative,Negative,,Negative,Positive,No,No,,Negative,,,,,Negative,,Positive,Positive,,Negative,,Positive,,,,Negative,,
102,GCCTATCTC,GCCGATCCC,,,,,,,,Negative,,Positive,,,,,Negative,,Positive,Positive,,Negative,,Positive,,,,Positive,,
103,GCCTATCTC,GCCGATCGC,Negative,Negative,Negative,Negative,Negative,Negative,Negative,Negative,,Negative,,,,,,,Positive,Positive,Negative,Negative,,Negative,,,,Negative,,
104,GCCTATCTC,GCCGATCAC,,Negative,Negative,Negative,Negative,Positive,Negative,No,,Negative,,,,,Negative,,Positive,Positive,Positive,Negative,,Positive,,,,Negative,,
105,GCCAATCTC,GCCGATCCC,,,,,,,,Negative,,Negative,,,,,,,Positive,Positive,,Negative,,Positive,,,,Positive,,
106,GCCAATCTC,GCCGATCGC,Negative,Negative,Negative,Negative,Negative,Negative,Negative,Negative,,Negative,,,,,,,Positive,Positive,Negative,Negative,,No,,,,Negative,,
107,GCCAATCTC,GCCGATCAC,,Negative,Negative,Negative,Negative,Positive,Negative,Positive,,Negative,,,,,,,Positive,Positive,Negative,Negative,,Positive,,,,Negative,,
108,GCCCATCTC,GCCGATGTC,Negative,Negative,Negative,,Negative,Negative,Negative,Negative,,Negative,,,,,Negative,,Positive,Positive,,,,,,Positive,,Negative,,
109,GCCCATCTC,GCCGATTTC,,Negative,Negative,,Negative,Negative,Negative,Negative,,Negative,,,,,Negative,,Positive,Positive,,,,,,Positive,,Positive,,
110,GCCCATCTC,GCCGATATC,Positive,Negative,Negative,,Negative,Negative,Negative,No,,Negative,,,,,Positive,,Positive,Positive,,,,,,Positive,,Negative,,
111,GCCTATCTC,GCCGATGTC,Negative,Negative,Negative,Negative,Negative,Negative,Negative,Negative,,Negative,,,,,Negative,,Positive,Positive,Negative,,,,,Positive,,Negative,,
112,GCCTATCTC,GCCGATTTC,,Negative,Negative,Negative,Negative,Negative,Negative,Negative,,Negative,,,,,Negative,,Positive,Positive,Negative,,,,,Positive,,Positive,,
113,GCCTATCTC,GCCGATATC,Positive,Negative,Negative,Negative,Negative,Negative,Negative,Negative,,Negative,,,,,Negative,,Positive,Positive,Positive,,,,,Positive,,Positive,,
114,GCCAATCTC,GCCGATGTC,Negative,Negative,Negative,Negative,Negative,Negative,Negative,Negative,,Negative,,,,,,,Positive,Positive,Negative,,,,,Positive,,Negative,,
115,GCCAATCTC,GCCGATTTC,,Negative,Negative,Negative,Negative,Negative,Negative,Negative,,Negative,,,,,,,Positive,No,Negative,,,,,Positive,,Positive,,
116,GCCAATCTC,GCCGATATC,Positive,Negative,Negative,Negative,Negative,Negative,Negative,Negative,,Negative,,,,,,,Positive,Positive,Positive,,,,,Positive,,No,,
117,GCCCATCTC,GCCGACCTC,,Negative,Negative,,,Positive,Negative,Negative,,Negative,,,,,,,,,,No,,Positive,,Negative,,Negative,,
118,GCCCATCTC,GCCGAGCTC,Negative,Negative,Negative,,Negative,Negative,Negative,Negative,,Negative,,,,,Reciprocal Sign,,,,,Negative,,Positive,,Positive,,Negative,,
119,GCCCATCTC,GCCGAACTC,Negative,Negative,Negative,,Negative,Negative,Negative,Negative,,Negative,,,,,Negative,,,,,Negative,,Positive,,Positive,,Negative,,
120,GCCTATCTC,GCCGACCTC,Negative,Positive,Negative,Negative,,Positive,Negative,Negative,,No,,,,,Positive,,,,,No,,Negative,,No,,Positive,,
121,GCCTATCTC,GCCGAGCTC,Negative,Negative,Negative,Negative,Negative,Negative,Negative,Negative,,Negative,,,,,Reciprocal Sign,,,,,Negative,,No,,Positive,,Negative,,
122,GCCTATCTC,GCCGAACTC,Negative,Negative,Negative,Negative,Negative,Negative,Negative,Negative,,Negative,,,,,Negative,,,,,Negative,,Positive,,Positive,,Negative,,
123,GCCAATCTC,GCCGACCTC,Positive,Negative,Positive,Negative,,Positive,Negative,Negative,,Negative,,,,,,,,,,Negative,,Positive,,No,,Negative,,
124,GCCAATCTC,GCCGAGCTC,Negative,Negative,Negative,Negative,Negative,Negative,Negative,Negative,,Negative,,,,,,,,,,Negative,,Positive,,Positive,,Negative,,
125,GCCAATCTC,GCCGAACTC,Negative,Negative,Negative,Negative,Negative,Negative,Negative,Negative,,Negative,,,,,,,,,,Negative,,Positive,,Positive,,Negative,,
126,GCCCATCTC,GCCGCTCTC,,Positive,Positive,,Positive,Positive,,Positive,,Positive,,,,,,,Positive,Positive,,Positive,,Positive,,Positive,,Positive,,
127,GCCCATCTC,GCCGGTCTC,Positive,,Positive,,Positive,,,,,Positive,,,,,,,Positive,Positive,,Positive,,Positive,,,,Positive,,
128,GCCCATCTC,GCCGTTCTC,,Positive,Positive,,Positive,,,Positive,,Positive,,,,,,,Positive,Positive,,Positive,,Positive,,Positive,,Positive,,
129,GCCTATCTC,GCCGCTCTC,,Positive,Positive,,Positive,Positive,,Positive,,Positive,,,,,,,Positive,Positive,,Positive,,Positive,,Positive,,Positive,,
130,GCCTATCTC,GCCGGTCTC,Reciprocal Sign,,Reciprocal Sign,,Positive,Positive,Positive,Reciprocal Sign,,Reciprocal Sign,,,,,,,Positive,Positive,Reciprocal Sign,Positive,,Positive,,,,Reciprocal Sign,,
131,GCCTATCTC,GCCGTTCTC,,Positive,Positive,,Positive,,,Positive,,Positive,,,,,,,Positive,Positive,Positive,Positive,,Positive,,Positive,,Positive,,
132,GCCAATCTC,GCCGCTCTC,,Positive,Positive,Positive,Positive,Positive,,Positive,,Positive,,,,,,,Positive,Positive,,Positive,,Positive,,Positive,,Positive,,
133,GCCAATCTC,GCCGGTCTC,,,Positive,,Positive,Positive,Positive,Positive,,Positive,,,,,,,Positive,Positive,Positive,Positive,,Positive,,,,Positive,,
134,GCCAATCTC,GCCGTTCTC,,Positive,Positive,,Positive,,,Positive,,Positive,,,,,,,Positive,Positive,Positive,Positive,,Positive,,Positive,,Positive,,
135,GCGGATCTC,GCCGATCTG,,Negative,Positive,Negative,Positive,Positive,No,,,,Positive,Positive,Reciprocal Sign,,Positive,,No,Negative,Reciprocal Sign,Negative,,Negative,,Positive,No,,,
136,GCGGATCTC,GCCGATCTT,,Negative,Negative,Negative,Positive,,Positive,,,,Positive,Positive,Positive,,Positive,,Negative,Negative,Single Sign,Negative,,Positive,,Positive,Positive,,,
137,GCGGATCTC,GCCGATCTA,Positive,Negative,Positive,Negative,Positive,,Positive,,,,Positive,Positive,Negative,,Reciprocal Sign,,Positive,No,Reciprocal Sign,Negative,,No,,Negative,Negative,,,
138,GCTGATCTC,GCCGATCTG,,Reciprocal Sign,No,Negative,Positive,Positive,Negative,,,,Positive,Positive,Reciprocal Sign,,Positive,,Single Sign,Positive,,Negative,,Positive,,Positive,,,,
139,GCTGATCTC,GCCGATCTT,,Reciprocal Sign,Negative,Negative,Positive,,Positive,,,,Positive,Positive,Negative,,Positive,,No,Positive,,Negative,,Single Sign,,Positive,,,,
140,GCTGATCTC,GCCGATCTA,,Reciprocal Sign,Negative,Negative,No,,Negative,,,,Positive,Positive,Positive,,Positive,,Single Sign,Single Sign,,Negative,,Single Sign,,Positive,,,,
141,GCAGATCTC,GCCGATCTG,,Reciprocal Sign,Positive,Negative,Positive,Positive,Single Sign,,,,Positive,Positive,Negative,,Positive,,Negative,Negative,Reciprocal Sign,Negative,,Negative,,Positive,Negative,,,
142,GCAGATCTC,GCCGATCTT,,Negative,Negative,No,Positive,,Positive,,,,Positive,Positive,Positive,,Positive,,Negative,Negative,No,Negative,,Positive,,No,No,,,
143,GCAGATCTC,GCCGATCTA,Positive,Reciprocal Sign,No,Negative,Positive,,Single Sign,,,,Positive,Positive,Positive,,Negative,,Negative,Negative,Positive,Negative,,Negative,,Negative,Negative,,,
144,GCGGATCTC,GCCGATCCC,Positive,,,,,,,,,,,,,,Positive,,Negative,No,,Negative,,No,,,,No,,
145,GCGGATCTC,GCCGATCGC,Single Sign,Negative,Negative,Negative,Positive,Negative,Negative,,,,Positive,Positive,Negative,,,,Negative,Negative,Negative,Negative,,No,,,,Negative,,
146,GCGGATCTC,GCCGATCAC,,Negative,Positive,Negative,No,Single Sign,Positive,,,,Positive,Positive,Reciprocal Sign,,Positive,,Negative,Negative,Reciprocal Sign,Negative,,No,,,,Positive,,
147,GCTGATCTC,GCCGATCCC,,,,,,,,,,,,,,,Positive,,Negative,Positive,,Negative,,Positive,,,,Negative,,
148,GCTGATCTC,GCCGATCGC,,Negative,Negative,Negative,No,Positive,Negative,,,,Positive,Positive,Negative,,,,Negative,Negative,,Negative,,Positive,,,,Negative,,
149,GCTGATCTC,GCCGATCAC,,Negative,Negative,Negative,Negative,Single Sign,Negative,,,,Positive,Positive,Reciprocal Sign,,Positive,,Negative,Negative,,No,,Positive,,,,Negative,,
150,GCAGATCTC,GCCGATCCC,Positive,,,,,,,,,,,,,,Negative,,Negative,Positive,,Negative,,Negative,,,,Positive,,
151,GCAGATCTC,GCCGATCGC,Positive,Negative,Negative,Negative,Positive,Negative,Negative,,,,Positive,Positive,Reciprocal Sign,,,,Negative,Negative,Negative,Negative,,No,,,,Negative,,
152,GCAGATCTC,GCCGATCAC,,Negative,Negative,Negative,Negative,Single Sign,Positive,,,,Positive,Positive,No,,Negative,,Negative,Negative,Reciprocal Sign,No,,Negative,,,,Positive,,
153,GCGGATCTC,GCCGATGTC,Single Sign,Negative,Negative,Negative,Negative,Negative,Negative,,,,Negative,Positive,Positive,,Positive,,Positive,Negative,Single Sign,,,,,Positive,Negative,No,,
154,GCGGATCTC,GCCGATTTC,,Negative,Negative,Negative,Negative,Negative,Negative,,,,Positive,Positive,No,,Positive,,Positive,Negative,Negative,,,,,Positive,No,Single Sign,,
155,GCGGATCTC,GCCGATATC,Positive,Negative,Negative,Negative,Negative,Negative,Negative,,,,Negative,Positive,Negative,,Positive,,Positive,No,Positive,,,,,Positive,Negative,No,,
156,GCTGATCTC,GCCGATGTC,,Negative,Negative,Negative,Negative,Negative,Negative,,,,Positive,Positive,No,,Positive,,Positive,Positive,,,,,,Positive,,Negative,,
157,GCTGATCTC,GCCGATTTC,,Negative,Positive,Positive,Negative,Positive,Negative,,,,Positive,Positive,Positive,,Positive,,Positive,Single Sign,,,,,,Positive,,Single Sign,,
158,GCTGATCTC,GCCGATATC,,No,Single Sign,Single Sign,Negative,Positive,Negative,,,,Positive,Positive,Negative,,Positive,,Positive,Positive,,,,,,Positive,,Negative,,
159,GCAGATCTC,GCCGATGTC,Single Sign,Negative,Negative,Negative,Negative,Negative,Negative,,,,Positive,Positive,Positive,,No,,Positive,No,Single Sign,,,,,Positive,Negative,Negative,,
160,GCAGATCTC,GCCGATTTC,,Negative,Negative,Negative,Negative,Negative,Negative,,,,Positive,Positive,Positive,,No,,Positive,Negative,Negative,,,,,Positive,Negative,Single Sign,,
161,GCAGATCTC,GCCGATATC,Positive,Negative,Negative,Negative,Negative,Negative,Negative,,,,No,Positive,Reciprocal Sign,,Positive,,Positive,Negative,Positive,,,,,Positive,Negative,Negative,,
162,GCGGATCTC,GCCGACCTC,Positive,Negative,Negative,Negative,,No,Negative,,,,Negative,Positive,,,Positive,,,,,Negative,,Single Sign,,Reciprocal Sign,,Positive,,
163,GCGGATCTC,GCCGAGCTC,Single Sign,Negative,Positive,Negative,Negative,Negative,Negative,,,,No,Positive,Negative,,Positive,,,,,Negative,,Positive,,Negative,Positive,Positive,,
164,GCGGATCTC,GCCGAACTC,Single Sign,Negative,No,Negative,Negative,Negative,Negative,,,,Negative,Positive,Negative,,Positive,,,,,Positive,,Single Sign,,Negative,Negative,Positive,,
165,GCTGATCTC,GCCGACCTC,,No,Negative,Negative,,Single Sign,Negative,,,,Positive,Positive,,,Positive,,,,,No,,Reciprocal Sign,,Positive,,Negative,,
166,GCTGATCTC,GCCGAGCTC,,Negative,Positive,Positive,Negative,Negative,Negative,,,,Positive,Positive,No,,Positive,,,,,Positive,,Reciprocal Sign,,Positive,,Negative,,
167,GCTGATCTC,GCCGAACTC,,Negative,Positive,Positive,Negative,No,Negative,,,,Positive,Positive,Negative,,Positive,,,,,Positive,,Reciprocal Sign,,Positive,,Positive,,
168,GCAGATCTC,GCCGACCTC,Positive,Negative,Negative,Reciprocal Sign,,Single Sign,Negative,,,,Negative,Positive,,,Positive,,,,,Negative,,Negative,,Negative,,Negative,,
169,GCAGATCTC,GCCGAGCTC,Single Sign,Negative,Negative,Negative,Negative,Negative,Negative,,,,Positive,Positive,Reciprocal Sign,,Reciprocal Sign,,,,,Negative,,Positive,,Positive,No,Positive,,
170,GCAGATCTC,GCCGAACTC,Single Sign,Negative,Negative,Negative,Negative,Negative,Negative,,,,No,Positive,Reciprocal Sign,,Negative,,,,,Positive,,Single Sign,,Positive,Negative,Positive,,
171,GCGGATCTC,GCCGCTCTC,,Negative,Positive,Negative,No,Negative,,,,,,Reciprocal Sign,Negative,,,,Negative,Negative,,No,,Negative,,Negative,Negative,Negative,,
172,GCGGATCTC,GCCGGTCTC,Negative,,Positive,,Negative,Negative,Negative,,,,,Single Sign,Reciprocal Sign,,,,Negative,Negative,Negative,Negative,,Negative,,,Negative,Positive,,
173,GCGGATCTC,GCCGTTCTC,,Negative,Positive,,Negative,,,,,,,Positive,Reciprocal Sign,,,,Positive,Negative,Positive,Negative,,Negative,,Negative,Negative,Negative,,
174,GCTGATCTC,GCCGCTCTC,,Negative,Positive,Negative,Negative,No,,,,,,Reciprocal Sign,No,,,,Negative,Negative,,Negative,,Positive,,Positive,,Negative,,
175,GCTGATCTC,GCCGGTCTC,,,Positive,,Negative,Negative,Negative,,,,,Single Sign,Reciprocal Sign,,,,Negative,Negative,,Positive,,Positive,,,,Negative,,
176,GCTGATCTC,GCCGTTCTC,,Negative,Positive,,Negative,,,,,,,Positive,Reciprocal Sign,,,,Positive,No,,Negative,,Positive,,Positive,,Negative,,
177,GCAGATCTC,GCCGCTCTC,,Negative,Positive,Negative,Negative,Negative,,,,,,Reciprocal Sign,Positive,,,,Negative,No,,Negative,,Negative,,Positive,Negative,Positive,,
178,GCAGATCTC,GCCGGTCTC,Positive,,Positive,,Negative,Negative,Negative,,,,,Positive,,,,,Negative,Negative,Positive,Negative,,Negative,,,Negative,Negative,,
179,GCAGATCTC,GCCGTTCTC,,Negative,Positive,,Negative,,,,,,,Positive,Negative,,,,Positive,Negative,Positive,Negative,,Negative,,No,Negative,No,,
180,GCGGATCTC,GCCCATCTC,Positive,Negative,Positive,,Positive,Negative,Negative,,,,,,,,Positive,,Negative,Negative,,Negative,,Positive,,Negative,,Negative,,
181,GCGGATCTC,GCCTATCTC,Negative,Negative,Positive,Negative,No,Negative,Negative,,,,,,,,Single Sign,,Negative,Negative,Positive,Negative,,Negative,,Negative,,Positive,,
182,GCGGATCTC,GCCAATCTC,Positive,Negative,Positive,Negative,Negative,Negative,Negative,,,,,,,,,,Negative,Negative,Negative,Negative,,Negative,,Positive,,Positive,,
183,GCTGATCTC,GCCCATCTC,,Positive,Positive,,Negative,No,Negative,,,,,,,,Positive,,Negative,Positive,,Negative,,Positive,,Positive,,Negative,,
184,GCTGATCTC,GCCTATCTC,,Positive,Negative,Negative,Negative,Positive,Negative,,,,,,,,Single Sign,,Negative,Negative,,Negative,,Positive,,Positive,,Positive,,
185,GCTGATCTC,GCCAATCTC,,Positive,Positive,Negative,Negative,Negative,Negative,,,,,,,,,,Negative,Negative,,Negative,,Positive,,Positive,,Negative,,
186,GCAGATCTC,GCCCATCTC,Positive,Negative,Positive,,Negative,Negative,Negative,,,,,,,,,,No,Positive,,Negative,,No,,Positive,,Negative,,
187,GCAGATCTC,GCCTATCTC,Positive,Negative,Positive,Negative,Negative,Negative,Negative,,,,,,,,Negative,,Negative,Negative,Positive,Negative,,Negative,,Positive,,Positive,,
188,GCAGATCTC,GCCAATCTC,Positive,Negative,Positive,Negative,Negative,Negative,No,,,,,,,,,,Negative,Negative,Negative,Negative,,Negative,,Positive,,Positive,,
189,GGCGATCTC,GCCGATCTG,,Negative,Negative,Negative,,,,Single Sign,,Negative,Positive,Positive,Negative,,,,No,No,Positive,Negative,,Negative,,Positive,,,,
190,GGCGATCTC,GCCGATCTT,,Negative,Negative,Negative,,,,Positive,,Positive,Positive,Reciprocal Sign,Positive,,Positive,,Negative,No,Negative,Negative,,No,,Positive,,,,
191,GGCGATCTC,GCCGATCTA,Positive,Negative,Negative,Negative,,,,Single Sign,,Positive,Positive,Positive,Positive,,Positive,,Single Sign,No,Single Sign,Negative,,Negative,,Positive,,,,
192,GTCGATCTC,GCCGATCTG,,Negative,Negative,Negative,,,,Negative,,Negative,Positive,Positive,Positive,,No,,Negative,Negative,Single Sign,Negative,,Negative,,Positive,,,,
193,GTCGATCTC,GCCGATCTT,,Negative,Negative,Negative,,,,No,,No,Positive,Positive,Positive,,Positive,,Negative,Negative,Positive,Negative,,Positive,,Positive,,,,
194,GTCGATCTC,GCCGATCTA,,Negative,Negative,Negative,,,,Negative,,Negative,Positive,Positive,Positive,,No,,Positive,Negative,Single Sign,Negative,,Negative,,Negative,,,,
195,GACGATCTC,GCCGATCTG,,Reciprocal Sign,Negative,Negative,,,,Negative,,Negative,Positive,Positive,Positive,,Reciprocal Sign,,Negative,Negative,,Negative,,Negative,,Positive,,,,
196,GACGATCTC,GCCGATCTT,,Negative,Negative,Negative,,,,Positive,,Positive,Positive,Positive,Positive,,Positive,,Negative,Negative,,Negative,,Positive,,Positive,,,,
197,GACGATCTC,GCCGATCTA,Positive,Reciprocal Sign,Negative,Negative,,,,Negative,,Positive,Positive,Positive,Positive,,Positive,,Positive,Negative,,Negative,,Negative,,Positive,,,,
198,GGCGATCTC,GCCGATCCC,,,,,,,,Reciprocal Sign,,Negative,,,,,No,,Positive,Positive,,Negative,,Negative,,,,No,,
199,GGCGATCTC,GCCGATCGC,Negative,Negative,Negative,Negative,,,,Negative,,Negative,Positive,Positive,Positive,,,,Negative,Negative,Negative,Negative,,Negative,,,,Negative,,
200,GGCGATCTC,GCCGATCAC,,Negative,Negative,No,,,,Single Sign,,No,Positive,Negative,Positive,,Reciprocal Sign,,Negative,Negative,No,Negative,,Negative,,,,Positive,,
201,GTCGATCTC,GCCGATCCC,,,,,,,,Reciprocal Sign,,Negative,,,,,Negative,,Negative,Negative,,Negative,,No,,,,,,
202,GTCGATCTC,GCCGATCGC,Negative,Negative,Negative,Negative,,,,Negative,,Negative,Positive,Positive,Positive,,,,Negative,Negative,Negative,Negative,,Negative,,,,,,
203,GTCGATCTC,GCCGATCAC,,Negative,Negative,Negative,,,,Single Sign,,No,Negative,No,Negative,,Negative,,Positive,No,Single Sign,Negative,,Negative,,,,,,
204,GACGATCTC,GCCGATCCC,,,,,,,,Negative,,Negative,,,,,Positive,,Negative,Negative,,Negative,,No,,,,Positive,,
205,GACGATCTC,GCCGATCGC,Negative,Negative,Negative,Negative,,,,Negative,,Negative,Positive,Positive,Positive,,,,Negative,Positive,,Negative,,Negative,,,,Negative,,
206,GACGATCTC,GCCGATCAC,,Negative,Negative,Positive,,,,Single Sign,,Positive,Negative,Positive,Positive,,Positive,,Positive,Positive,,No,,Negative,,,,Single Sign,,
207,GGCGATCTC,GCCGATGTC,Positive,Negative,Single Sign,Positive,,,,No,,Positive,Positive,Negative,Positive,,No,,Positive,Positive,Positive,,,,,Positive,,Positive,,
208,GGCGATCTC,GCCGATTTC,,Negative,Single Sign,Positive,,,,Negative,,Negative,No,Positive,Positive,,Reciprocal Sign,,Positive,No,Positive,,,,,Positive,,Single Sign,,
209,GGCGATCTC,GCCGATATC,Single Sign,Negative,Single Sign,Single Sign,,,,Negative,,Negative,Negative,Negative,Positive,,Positive,,Positive,Positive,Positive,,,,,Single Sign,,Positive,,
210,GTCGATCTC,GCCGATGTC,Positive,Negative,Negative,Negative,,,,No,,No,Positive,Positive,Positive,,Negative,,Positive,Positive,Positive,,,,,Reciprocal Sign,,,,
211,GTCGATCTC,GCCGATTTC,,Negative,Negative,Positive,,,,Negative,,Negative,Negative,Positive,Positive,,Positive,,Negative,Negative,Positive,,,,,Reciprocal Sign,,,,
212,GTCGATCTC,GCCGATATC,Single Sign,Negative,Negative,No,,,,No,,Negative,No,Positive,No,,No,,Positive,Negative,Single Sign,,,,,Reciprocal Sign,,,,
213,GACGATCTC,GCCGATGTC,Single Sign,Negative,Negative,No,,,,No,,Positive,Negative,Positive,Positive,,Positive,,Single Sign,Single Sign,,,,,,Positive,,Single Sign,,
214,GACGATCTC,GCCGATTTC,,Negative,Negative,Positive,,,,Negative,,Negative,Positive,Positive,Positive,,Reciprocal Sign,,Single Sign,Single Sign,,,,,,Positive,,Reciprocal Sign,,
215,GACGATCTC,GCCGATATC,Reciprocal Sign,Negative,Negative,Single Sign,,,,Negative,,Negative,Negative,Positive,Positive,,Positive,,Positive,Positive,,,,,,Reciprocal Sign,,Single Sign,,
216,GGCGATCTC,GCCGACCTC,Single Sign,No,Single Sign,Positive,,,,Positive,,No,Negative,Positive,,,Negative,,,,,Negative,,Single Sign,,Reciprocal Sign,,Positive,,
217,GGCGATCTC,GCCGAGCTC,Positive,Positive,No,Positive,,,,Negative,,Negative,Positive,Positive,Positive,,No,,,,,Negative,,Negative,,No,,Negative,,
218,GGCGATCTC,GCCGAACTC,Positive,Positive,Negative,No,,,,Negative,,Negative,Positive,Positive,Positive,,Positive,,,,,Positive,,Negative,,Negative,,Positive,,
219,GTCGATCTC,GCCGACCTC,Negative,Negative,Negative,Negative,,,,Negative,,Negative,Negative,Positive,,,Negative,,,,,Negative,,No,,No,,,,
220,GTCGATCTC,GCCGAGCTC,Positive,Negative,Negative,Negative,,,,Negative,,Negative,Negative,Positive,Positive,,No,,,,,Negative,,Negative,,Positive,,,,
221,GTCGATCTC,GCCGAACTC,Positive,Negative,Negative,Negative,,,,Negative,,Negative,Negative,Positive,Reciprocal Sign,,Negative,,,,,Negative,,Negative,,Positive,,,,
222,GACGATCTC,GCCGACCTC,,Reciprocal Sign,Negative,Negative,,,,Negative,,Reciprocal Sign,Negative,Positive,,,Single Sign,,,,,Negative,,Negative,,Negative,,Single Sign,,
223,GACGATCTC,GCCGAGCTC,Single Sign,Negative,Negative,Negative,,,,Negative,,Negative,Positive,Positive,Reciprocal Sign,,No,,,,,Negative,,Single Sign,,Positive,,Single Sign,,
224,GACGATCTC,GCCGAACTC,Single Sign,Negative,Negative,Negative,,,,Negative,,Negative,Negative,Positive,Positive,,Negative,,,,,Positive,,Single Sign,,Positive,,Single Sign,,
225,GGCGATCTC,GCCGCTCTC,,Positive,Positive,Negative,,,,Negative,,Negative,,Positive,Positive,,,,,,,Negative,,Negative,,,,Negative,,
226,GGCGATCTC,GCCGGTCTC,Negative,,Negative,,,,,Negative,,Negative,,Negative,,,,,Negative,Negative,Negative,Negative,,Negative,,,,Negative,,
227,GGCGATCTC,GCCGTTCTC,,Negative,Positive,,,,,Negative,,Negative,,Positive,Single Sign,,,,No,,,,,,,,,,,
228,GTCGATCTC,GCCGCTCTC,,Negative,Negative,Negative,,,,Negative,,Negative,,Positive,Reciprocal Sign,,,,Negative,Negative,,Negative,,Negative,,Negative,,,,
229,GTCGATCTC,GCCGGTCTC,Negative,,Negative,,,,,Negative,,Negative,,Positive,,,,,Negative,Negative,Negative,Negative,,Negative,,,,,,
230,GTCGATCTC,GCCGTTCTC,,Negative,Negative,,,,,Negative,,Negative,,Positive,Negative,,,,No,Negative,Positive,Negative,,Negative,,Negative,,,,
231,GACGATCTC,GCCGCTCTC,,Negative,Negative,Negative,,,,Negative,,No,,Positive,Positive,,,,Negative,Negative,,Negative,,Negative,,Positive,,Positive,,
232,GACGATCTC,GCCGGTCTC,Positive,,Negative,,,,,Negative,,No,,No,Negative,,,,Negative,Negative,,Negative,,Negative,,,,Positive,,
233,GACGATCTC,GCCGTTCTC,,Negative,Negative,,,,,Negative,,Negative,,Positive,No,,,,Negative,Negative,,Negative,,Negative,,Positive,,Negative,,
234,GGCGATCTC,GCCCATCTC,Negative,,Positive,,,,,Negative,,Negative,,,,,,,Negative,Negative,,Negative,,Negative,,Negative,,Negative,,
235,GGCGATCTC,GCCTATCTC,Negative,Positive,No,Negative,,,,Negative,,Negative,,,,,Negative,,Negative,Negative,Negative,Negative,,Negative,,Positive,,Positive,,
236,GGCGATCTC,GCCAATCTC,Negative,No,Positive,Negative,,,,Negative,,Negative,,,,,,,Negative,Negative,Negative,Negative,,Negative,,Positive,,Negative,,
237,GTCGATCTC,GCCCATCTC,Negative,Negative,Negative,,,,,Negative,,Negative,,,,,,,Negative,Negative,,Negative,,Negative,,No,,,,
238,GTCGATCTC,GCCTATCTC,Negative,Negative,Negative,Negative,,,,Negative,,Negative,,,,,Negative,,Negative,Negative,No,Negative,,Negative,,Positive,,,,
239,GTCGATCTC,GCCAATCTC,Negative,Negative,Negative,Negative,,,,Negative,,Negative,,,,,,,Negative,Negative,Negative,Negative,,Negative,,Positive,,,,
240,GACGATCTC,GCCCATCTC,No,Negative,Negative,,,,,Negative,,Negative,,,,,Negative,,Negative,Negative,,Negative,,Negative,,Positive,,Negative,,
241,GACGATCTC,GCCTATCTC,Negative,Positive,Negative,Negative,,,,Negative,,Negative,,,,,Negative,,Negative,Negative,,Negative,,Negative,,Positive,,Positive,,
242,GACGATCTC,GCCAATCTC,Positive,Negative,Negative,Negative,,,,Negative,,Negative,,,,,,,Negative,Negative,,Negative,,Negative,,Positive,,Positive,,
243,GGCGATCTC,GCGGATCTC,Single Sign,Negative,Positive,Positive,,,,,,,Positive,Positive,No,,Positive,,Negative,Negative,Single Sign,Negative,,Negative,,Positive,,Positive,,
244,GGCGATCTC,GCTGATCTC,,Positive,Reciprocal Sign,Positive,,,,,,,Positive,Positive,No,,Positive,,Negative,No,,Negative,,Positive,,Single Sign,,Negative,,
245,GGCGATCTC,GCAGATCTC,Single Sign,Negative,Negative,Negative,,,,,,,Positive,Positive,Positive,,Negative,,Negative,Negative,Positive,Negative,,Negative,,Positive,,Positive,,
246,GTCGATCTC,GCGGATCTC,Single Sign,Negative,Positive,Negative,,,,,,,No,Positive,Negative,,Negative,,Negative,Negative,Single Sign,Negative,,Negative,,No,,,,
247,GTCGATCTC,GCTGATCTC,,No,Positive,No,,,,,,,Positive,Positive,Negative,,Negative,,Negative,Negative,,Negative,,Positive,,Reciprocal Sign,,,,
248,GTCGATCTC,GCAGATCTC,Single Sign,Negative,Positive,Negative,,,,,,,Positive,Positive,Positive,,Negative,,Negative,Negative,Single Sign,Negative,,Negative,,Reciprocal Sign,,,,
249,GACGATCTC,GCGGATCTC,Positive,Negative,Negative,Negative,,,,,,,Negative,Positive,Positive,,Positive,,Negative,Negative,,Negative,,Negative,,Single Sign,,Single Sign,,
250,GACGATCTC,GCTGATCTC,,Positive,Single Sign,Negative,,,,,,,Positive,Positive,Negative,,Positive,,Negative,Positive,,Negative,,Single Sign,,Positive,,No,,
251,GACGATCTC,GCAGATCTC,Reciprocal Sign,Negative,Negative,Negative,,,,,,,Positive,Positive,Positive,,Negative,,Negative,Negative,,Negative,,Negative,,Reciprocal Sign,,Single Sign,,
252,CCCGATCTC,GCCGATCTG,,,,,Negative,Positive,Negative,Negative,,Negative,Positive,Positive,,,,,Negative,No,Positive,Negative,,Negative,,Positive,,,,
253,CCCGATCTC,GCCGATCTT,,,,,Positive,,Negative,Positive,,Negative,Positive,Positive,,,,,Negative,Negative,Negative,Negative,,Negative,,Positive,,,,
254,CCCGATCTC,GCCGATCTA,Positive,,,,No,,Negative,Negative,,Negative,Positive,Positive,,,,,Positive,No,Negative,Negative,,Negative,,Positive,,,,
255,TCCGATCTC,GCCGATCTG,,,,,Negative,Positive,Negative,No,,Positive,Positive,Positive,Negative,,Positive,,Negative,Negative,Positive,Negative,,Negative,,Positive,,,,
256,TCCGATCTC,GCCGATCTT,,,,,Positive,,Positive,Positive,,Positive,Positive,Negative,Positive,,Reciprocal Sign,,Negative,Negative,Negative,Negative,,No,,Positive,,,,
257,TCCGATCTC,GCCGATCTA,Positive,,,,Negative,,Negative,Positive,,Positive,Positive,Positive,Reciprocal Sign,,Reciprocal Sign,,Positive,No,Negative,Negative,,Negative,,No,,,,
258,ACCGATCTC,GCCGATCTG,,,,,No,Positive,Negative,Negative,,Negative,Positive,Positive,No,,,,Single Sign,No,Single Sign,Negative,,Negative,,Positive,,,,
259,ACCGATCTC,GCCGATCTT,,,,,Positive,,Positive,Negative,,No,Positive,Positive,Reciprocal Sign,,,,Negative,Negative,No,Negative,,Negative,,Single Sign,,,,
260,ACCGATCTC,GCCGATCTA,Single Sign,,,,No,,Negative,Negative,,Negative,Positive,Positive,Reciprocal Sign,,,,Single Sign,No,Single Sign,Negative,,Negative,,Single Sign,,,,
261,CCCGATCTC,GCCGATCCC,,,,,,,,Negative,,Negative,,,,,,,,Negative,,Negative,,Negative,,,,,,
262,CCCGATCTC,GCCGATCGC,Negative,,,,Negative,Negative,Negative,Negative,,Negative,Positive,Positive,,,,,Negative,Negative,Negative,Negative,,Negative,,,,Negative,,
263,CCCGATCTC,GCCGATCAC,,,,,Negative,Positive,Single Sign,No,,Negative,Positive,Positive,,,,,Negative,Negative,Single Sign,Negative,,Negative,,,,Positive,,
264,TCCGATCTC,GCCGATCCC,,,,,,,,Negative,,Negative,,,,,No,,Negative,Negative,,No,,Negative,,,,Negative,,
265,TCCGATCTC,GCCGATCGC,Positive,,,,Negative,Negative,Negative,Negative,,Negative,Positive,Positive,No,,,,Negative,Negative,Negative,Negative,,Negative,,,,Negative,,
266,TCCGATCTC,GCCGATCAC,,,,,Negative,No,Single Sign,Reciprocal Sign,,Single Sign,Positive,Negative,Negative,,Positive,,Positive,Negative,Single Sign,Negative,,Negative,,,,Positive,,
267,ACCGATCTC,GCCGATCCC,,,,,,,,Reciprocal Sign,,Negative,,,,,,,Negative,Negative,,Negative,,Positive,,,,Negative,,
268,ACCGATCTC,GCCGATCGC,Negative,,,,Negative,Negative,Negative,Negative,,Negative,Reciprocal Sign,Positive,Positive,,,,Positive,No,Negative,Negative,,Negative,,,,Negative,,
269,ACCGATCTC,GCCGATCAC,,,,,Positive,Single Sign,Negative,Single Sign,,Positive,Positive,Positive,Positive,,,,Positive,Positive,Single Sign,Positive,,Negative,,,,Positive,,
270,CCCGATCTC,GCCGATGTC,Single Sign,,,,Negative,Negative,Single Sign,Negative,,Negative,Negative,Negative,,,,,Positive,Positive,Positive,,,,,Positive,,Negative,,
271,CCCGATCTC,GCCGATTTC,,,,,Negative,Positive,Single Sign,Negative,,Negative,Positive,Positive,,,,,Negative,Negative,Negative,,,,,Positive,,No,,
272,CCCGATCTC,GCCGATATC,Positive,,,,Negative,Negative,Single Sign,Negative,,Negative,Negative,Negative,,,,,Positive,Positive,Positive,,,,,Positive,,Negative,,
273,TCCGATCTC,GCCGATGTC,Positive,,,,Negative,Negative,Single Sign,Negative,,Single Sign,Positive,Negative,Positive,,Positive,,Positive,Positive,Positive,,,,,Positive,,Positive,,
274,TCCGATCTC,GCCGATTTC,,,,,Negative,Positive,No,Negative,,Negative,Positive,Positive,Positive,,Positive,,Positive,Positive,Negative,,,,,Positive,,Single Sign,,
275,TCCGATCTC,GCCGATATC,Single Sign,,,,Negative,Negative,Single Sign,Negative,,Negative,Positive,No,No,,Positive,,Positive,Positive,Positive,,,,,Single Sign,,Negative,,
276,ACCGATCTC,GCCGATGTC,Positive,,,,Negative,Negative,Negative,Positive,,No,Positive,Positive,Positive,,,,Single Sign,Single Sign,Positive,,,,,Single Sign,,Positive,,
277,ACCGATCTC,GCCGATTTC,,,,,Positive,Negative,No,Positive,,No,Positive,Positive,Positive,,,,Single Sign,Single Sign,Positive,,,,,Single Sign,,Single Sign,,
278,ACCGATCTC,GCCGATATC,Single Sign,,,,Negative,Negative,Negative,Positive,,Negative,Negative,Positive,No,,,,Positive,Positive,Single Sign,,,,,Single Sign,,Positive,,
279,CCCGATCTC,GCCGACCTC,Reciprocal Sign,,,,,Positive,Single Sign,Negative,,Negative,Positive,Positive,,,,,,,,No,,No,,Negative,,No,,
280,CCCGATCTC,GCCGAGCTC,Single Sign,,,,Negative,Negative,Single Sign,Negative,,Negative,Positive,Positive,,,,,,,,Positive,,Single Sign,,Positive,,Positive,,
281,CCCGATCTC,GCCGAACTC,Single Sign,,,,Negative,Negative,Single Sign,Negative,,Negative,Negative,Positive,,,,,,,,Positive,,Single Sign,,Positive,,Positive,,
282,TCCGATCTC,GCCGACCTC,Single Sign,,,,,Positive,Positive,Negative,,Negative,Positive,Positive,,,,,,,,Negative,,Negative,,Reciprocal Sign,,Negative,,
283,TCCGATCTC,GCCGAGCTC,Positive,,,,Negative,Negative,Single Sign,Negative,,Single Sign,Positive,Positive,Positive,,Negative,,,,,Positive,,Single Sign,,Positive,,Positive,,
284,TCCGATCTC,GCCGAACTC,Positive,,,,Negative,Negative,Single Sign,Negative,,Positive,No,Positive,Positive,,No,,,,,Positive,,Single Sign,,Positive,,Positive,,
285,ACCGATCTC,GCCGACCTC,Single Sign,,,,,Positive,Positive,Negative,,Negative,Positive,Reciprocal Sign,,,,,,,,Positive,,No,,Reciprocal Sign,,No,,
286,ACCGATCTC,GCCGAGCTC,Positive,,,,Negative,Negative,Single Sign,Negative,,Negative,Reciprocal Sign,Positive,Reciprocal Sign,,,,,,,Negative,,Positive,,Positive,,Negative,,
287,ACCGATCTC,GCCGAACTC,Positive,,,,Negative,Negative,Single Sign,Negative,,Negative,Negative,Positive,Positive,,,,,,,No,,Positive,,Positive,,Negative,,
288,CCCGATCTC,GCCGCTCTC,,,,,Negative,Negative,,Negative,,Negative,,,,,,,Negative,Negative,,Negative,,Negative,,Positive,,No,,
289,CCCGATCTC,GCCGGTCTC,,,,,Negative,Negative,No,Negative,,Negative,,Single Sign,,,,,Negative,Negative,,Negative,,Negative,,,,Negative,,
290,CCCGATCTC,GCCGTTCTC,,,,,Negative,,,Negative,,Negative,,Positive,,,,,Negative,Negative,Positive,Negative,,Negative,,Positive,,Negative,,
291,TCCGATCTC,GCCGCTCTC,,,,,Negative,Negative,,Positive,,Positive,,Reciprocal Sign,Positive,,,,Negative,Negative,,Negative,,Negative,,Negative,,Negative,,
292,TCCGATCTC,GCCGGTCTC,Negative,,,,Negative,Negative,Negative,No,,Positive,,Single Sign,Single Sign,,,,Negative,Negative,,Negative,,Negative,,,,Negative,,
293,TCCGATCTC,GCCGTTCTC,,,,,Negative,,,Negative,,Positive,,Positive,Positive,,,,Negative,Negative,Negative,Negative,,Negative,,Negative,,Negative,,
294,ACCGATCTC,GCCGCTCTC,,,,,Negative,Negative,,Negative,,Negative,,Positive,Reciprocal Sign,,,,Negative,Negative,,Negative,,Negative,,Negative,,Negative,,
295,ACCGATCTC,GCCGGTCTC,,,,,Negative,Negative,Positive,Negative,,Negative,,Single Sign,Negative,,,,Negative,Negative,,Negative,,Negative,,,,Negative,,
296,ACCGATCTC,GCCGTTCTC,,,,,Negative,,,Negative,,Negative,,Positive,No,,,,Negative,Negative,,Negative,,Negative,,No,,Negative,,
297,CCCGATCTC,GCCCATCTC,,,,,Negative,Negative,,Negative,,Negative,,,,,,,Negative,Negative,,Negative,,Negative,,Positive,,Negative,,
298,CCCGATCTC,GCCTATCTC,Negative,,,,Negative,Negative,Negative,Negative,,Negative,,,,,,,Negative,Negative,Negative,Negative,,Negative,,Positive,,Positive,,
299,CCCGATCTC,GCCAATCTC,Negative,,,,Negative,Negative,No,Negative,,Negative,,,,,,,Negative,Negative,Negative,Negative,,Negative,,Positive,,Negative,,
300,TCCGATCTC,GCCCATCTC,Negative,,,,Negative,Negative,Positive,Positive,,Negative,,,,,Single Sign,,Negative,Negative,,Negative,,Negative,,Negative,,Negative,,
301,TCCGATCTC,GCCTATCTC,Negative,,,,Negative,Negative,No,Positive,,Positive,,,,,Single Sign,,Negative,Negative,No,Negative,,Negative,,Negative,,No,,
302,TCCGATCTC,GCCAATCTC,Negative,,,,Negative,Negative,Positive,Positive,,No,,,,,,,Negative,Negative,Negative,Negative,,Negative,,Negative,,Negative,,
303,ACCGATCTC,GCCCATCTC,Negative,,,,Negative,Negative,,Negative,,Negative,,,,,,,Negative,Negative,,Negative,,Negative,,Negative,,Negative,,
304,ACCGATCTC,GCCTATCTC,Negative,,,,Negative,Negative,Negative,Negative,,Negative,,,,,,,Negative,Negative,Negative,Negative,,Negative,,No,,Negative,,
305,ACCGATCTC,GCCAATCTC,Negative,,,,Negative,Negative,No,Negative,,Negative,,,,,,,Negative,No,Negative,Negative,,Negative,,Positive,,Negative,,
306,CCCGATCTC,GCGGATCTC,Reciprocal Sign,,,,Negative,Negative,Single Sign,,,,Positive,Positive,,,,,Negative,Negative,Negative,Negative,,Positive,,Positive,,Negative,,
307,CCCGATCTC,GCTGATCTC,,,,,Negative,Positive,Negative,,,,Positive,Positive,,,,,No,Positive,,Negative,,Positive,,Positive,,Negative,,
308,CCCGATCTC,GCAGATCTC,Reciprocal Sign,,,,Negative,Negative,Single Sign,,,,Positive,Negative,,,,,Negative,Negative,Negative,Negative,,Positive,,Positive,,Positive,,
309,TCCGATCTC,GCGGATCTC,Negative,,,,Reciprocal Sign,Negative,Negative,,,,Positive,Positive,Negative,,Positive,,Negative,Negative,Negative,Negative,,Negative,,Reciprocal Sign,,Negative,,
310,TCCGATCTC,GCTGATCTC,,,,,Negative,Negative,No,,,,Positive,Positive,No,,Positive,,Negative,Negative,,Negative,,Positive,,Positive,,Negative,,
311,TCCGATCTC,GCAGATCTC,Negative,,,,Reciprocal Sign,Negative,Negative,,,,Positive,Positive,Positive,,No,,Reciprocal Sign,Reciprocal Sign,Negative,Negative,,Reciprocal Sign,,Negative,,Negative,,
312,ACCGATCTC,GCGGATCTC,Single Sign,,,,Positive,Negative,Positive,,,,Reciprocal Sign,Positive,Negative,,,,Negative,Negative,No,Negative,,Negative,,Positive,,Negative,,
313,ACCGATCTC,GCTGATCTC,,,,,Negative,Positive,Negative,,,,Reciprocal Sign,Positive,Positive,,,,Negative,Negative,,Negative,,Positive,,Positive,,Negative,,
314,ACCGATCTC,GCAGATCTC,Single Sign,,,,No,Negative,Positive,,,,Positive,Positive,Positive,,,,Negative,Negative,Negative,Negative,,Negative,,Single Sign,,Negative,,
315,CCCGATCTC,GGCGATCTC,Negative,,,,,,,Negative,,Negative,No,Negative,,,,,Negative,No,Negative,Negative,,Negative,,No,,Negative,,
316,CCCGATCTC,GTCGATCTC,Single Sign,,,,,,,Negative,,Negative,No,No,,,,,Negative,Negative,Positive,Negative,,Negative,,Positive,,,,
317,CCCGATCTC,GACGATCTC,Reciprocal Sign,,,,,,,Negative,,Negative,Negative,Positive,,,,,Negative,Negative,,Negative,,Negative,,Positive,,Single Sign,,
318,TCCGATCTC,GGCGATCTC,Negative,,,,,,,Negative,,Negative,Positive,Positive,Positive,,Negative,,Negative,Negative,Negative,Negative,,Negative,,Reciprocal Sign,,Negative,,
319,TCCGATCTC,GTCGATCTC,Positive,,,,,,,Single Sign,,Single Sign,Negative,Positive,Positive,,Positive,,Negative,Negative,Positive,Negative,,Negative,,Negative,,,,
320,TCCGATCTC,GACGATCTC,Single Sign,,,,,,,Negative,,Negative,No,Positive,Negative,,Positive,,Negative,Negative,,Negative,,Negative,,No,,Single Sign,,
321,ACCGATCTC,GGCGATCTC,Negative,,,,,,,Negative,,Negative,Negative,Positive,,,,,Negative,Negative,Negative,Negative,,Negative,,Reciprocal Sign,,Negative,,
322,ACCGATCTC,GTCGATCTC,Positive,,,,,,,Negative,,Negative,Negative,Positive,Positive,,,,Negative,Negative,No,Negative,,Negative,,Single Sign,,,,
323,ACCGATCTC,GACGATCTC,Single Sign,,,,,,,Negative,,Negative,Negative,Positive,Positive,,,,Negative,Negative,,Negative,,Negative,,Negative,,Negative,,
