,Mutant_A,Mutant_B,NM,AAGGACTCG,GAGGACTCG,CAGGACTCG,TTGGACTCG,TGGGACTCG,TCGGACTCG,TAAGACTCG,TATGACTCG,TACGACTCG,TAGAACTCG,TAGTACTCG,TAGCACTCG,TAGGTCTCG,TAGGGCTCG,TAGGCCTCG,TAGGAATCG,TAGGATTCG,TAGGAGTCG,TAGGACACG,TAGGACGCG,TAGGACCCG,TAGGACTAG,TAGGACTTG,TAGGACTGG,TAGGACTCA,TAGGACTCT,TAGGACTCC
0,TAGGACTGG,TAGGACTCC,Negative,Negative,Negative,Negative,Reciprocal Sign,Negative,Reciprocal Sign,No,Negative,Negative,Negative,Positive,No,Positive,Positive,Positive,Reciprocal Sign,Reciprocal Sign,Reciprocal Sign,Positive,Negative,Single Sign,,,,,,
1,TAGGACTGG,TAGGACTCT,Negative,Negative,Negative,Negative,Negative,Negative,Negative,No,Reciprocal Sign,Reciprocal Sign,Negative,Positive,Negative,Positive,Positive,Positive,Reciprocal Sign,Reciprocal Sign,Reciprocal Sign,Positive,No,Single Sign,,,,,,
2,TAGGACTGG,TAGGACTCA,Negative,Negative,Negative,Negative,Negative,Negative,Negative,No,Negative,Negative,Negative,Positive,Negative,Positive,Positive,Positive,Negative,Negative,Negative,Positive,Negative,Single Sign,,,,,,
3,TAGGACTTG,TAGGACTCC,Positive,Positive,Positive,Positive,Single Sign,Single Sign,Positive,Positive,Reciprocal Sign,Reciprocal Sign,Positive,Positive,Positive,Positive,No,No,Negative,Positive,Negative,Negative,Negative,Single Sign,,,,,,
4,TAGGACTTG,TAGGACTCT,Positive,Positive,Positive,Positive,Reciprocal Sign,Positive,Positive,Positive,Single Sign,Single Sign,Single Sign,Positive,Negative,Positive,Reciprocal Sign,Positive,Negative,Positive,Negative,Negative,No,Positive,,,,,,
5,TAGGACTTG,TAGGACTCA,Positive,Positive,No,Positive,Negative,Positive,Positive,Positive,Positive,Positive,Negative,Positive,Reciprocal Sign,Positive,No,Positive,No,Positive,Positive,Negative,Positive,Single Sign,,,,,,
6,TAGGACTAG,TAGGACTCC,Positive,Positive,No,Positive,Positive,Single Sign,Positive,No,Positive,Positive,Positive,Reciprocal Sign,Negative,Positive,Reciprocal Sign,Positive,Single Sign,Positive,Single Sign,Positive,Negative,Negative,,,,,,
7,TAGGACTAG,TAGGACTCT,Positive,Positive,Positive,Positive,No,Negative,Positive,No,No,No,No,Positive,Reciprocal Sign,Positive,Negative,Positive,Single Sign,Positive,Single Sign,Positive,Negative,Negative,,,,,,
8,TAGGACTAG,TAGGACTCA,Negative,Negative,Negative,Negative,Negative,Negative,Negative,Reciprocal Sign,Negative,Negative,Negative,Positive,Reciprocal Sign,Positive,No,Reciprocal Sign,Negative,Negative,No,No,No,Single Sign,,,,,,
9,TAGGACCCG,TAGGACTCC,Negative,Negative,No,No,Negative,Positive,Negative,Positive,Negative,Negative,Reciprocal Sign,No,Negative,No,Reciprocal Sign,Positive,No,Negative,No,,,,Negative,Negative,Reciprocal Sign,,,
10,TAGGACCCG,TAGGACTCT,Negative,No,Positive,Negative,Positive,Positive,Negative,Negative,Negative,Negative,Single Sign,Positive,Negative,Negative,Negative,Positive,Positive,Negative,Negative,,,,Negative,Reciprocal Sign,Reciprocal Sign,,,
11,TAGGACCCG,TAGGACTCA,Positive,Positive,Positive,Positive,Positive,Positive,Positive,No,Positive,Positive,Positive,Positive,Negative,Positive,Reciprocal Sign,Positive,Positive,Positive,Positive,,,,Single Sign,Positive,Positive,,,
12,TAGGACGCG,TAGGACTCC,No,Reciprocal Sign,Negative,Reciprocal Sign,Negative,Negative,No,Positive,Negative,Negative,Positive,Positive,Positive,Reciprocal Sign,Negative,Reciprocal Sign,Positive,Negative,Positive,,,,Negative,Negative,Positive,,,
13,TAGGACGCG,TAGGACTCT,No,Negative,Positive,Reciprocal Sign,Negative,Negative,No,Positive,Negative,Negative,Single Sign,No,Single Sign,Reciprocal Sign,Negative,Positive,No,Negative,No,,,,Negative,Negative,Positive,,,
14,TAGGACGCG,TAGGACTCA,Positive,Positive,Negative,Positive,Negative,Positive,Negative,Positive,Positive,Positive,Negative,Positive,Positive,Positive,Negative,Positive,Positive,Positive,Reciprocal Sign,,,,Positive,Positive,Positive,,,
15,TAGGACACG,TAGGACTCC,Positive,No,Negative,Negative,Negative,Single Sign,Negative,Positive,Negative,Single Sign,Positive,Reciprocal Sign,Negative,Positive,No,Positive,Positive,Negative,Negative,,,,No,Negative,Reciprocal Sign,,,
16,TAGGACACG,TAGGACTCT,No,Positive,Negative,Negative,Negative,Negative,Negative,Positive,Negative,Negative,Negative,No,Negative,Positive,Negative,Positive,No,Negative,Negative,,,,No,Negative,Reciprocal Sign,,,
17,TAGGACACG,TAGGACTCA,Single Sign,Positive,Negative,Positive,Negative,Positive,Negative,Positive,Positive,Positive,Negative,Reciprocal Sign,Negative,Positive,No,No,Positive,Positive,Positive,,,,Positive,Negative,Positive,,,
18,TAGGACCCG,TAGGACTGG,Positive,Positive,Reciprocal Sign,Positive,Positive,Single Sign,Positive,No,Positive,Positive,Negative,Positive,No,No,Single Sign,Positive,Positive,Positive,Positive,,,,,,,Reciprocal Sign,Positive,Positive
19,TAGGACCCG,TAGGACTTG,Positive,Positive,Positive,Positive,Positive,Single Sign,Positive,Reciprocal Sign,Positive,Positive,Negative,Reciprocal Sign,Negative,Positive,Reciprocal Sign,Reciprocal Sign,Single Sign,Positive,Positive,,,,,,,Positive,Positive,Positive
20,TAGGACCCG,TAGGACTAG,Reciprocal Sign,Reciprocal Sign,Reciprocal Sign,Reciprocal Sign,Reciprocal Sign,Single Sign,Reciprocal Sign,Reciprocal Sign,Reciprocal Sign,Reciprocal Sign,Positive,Negative,No,Reciprocal Sign,Negative,Reciprocal Sign,Reciprocal Sign,Reciprocal Sign,Reciprocal Sign,,,,,,,Reciprocal Sign,Positive,Positive
21,TAGGACGCG,TAGGACTGG,Negative,No,Negative,Negative,Negative,Negative,Reciprocal Sign,Negative,Reciprocal Sign,Negative,Negative,Reciprocal Sign,Positive,No,Reciprocal Sign,Positive,Reciprocal Sign,Negative,Negative,,,,,,,Positive,Positive,Positive
22,TAGGACGCG,TAGGACTTG,Reciprocal Sign,Positive,Single Sign,Single Sign,Single Sign,Positive,Single Sign,Reciprocal Sign,Single Sign,Single Sign,Reciprocal Sign,Reciprocal Sign,Positive,Positive,No,Positive,Positive,Reciprocal Sign,Negative,,,,,,,Single Sign,Reciprocal Sign,Reciprocal Sign
23,TAGGACGCG,TAGGACTAG,No,Negative,Negative,Negative,Negative,Negative,Negative,Negative,Negative,Negative,Negative,Positive,Positive,Positive,Negative,Negative,Negative,No,Positive,,,,,,,Positive,Negative,Negative
24,TAGGACACG,TAGGACTGG,Negative,Negative,Negative,Negative,Negative,Positive,Negative,Positive,Reciprocal Sign,Reciprocal Sign,Negative,Reciprocal Sign,Reciprocal Sign,No,Positive,Positive,Reciprocal Sign,Reciprocal Sign,Reciprocal Sign,,,,,,,Positive,Positive,Positive
25,TAGGACACG,TAGGACTTG,Positive,Positive,Positive,Positive,Single Sign,Positive,Positive,Reciprocal Sign,Single Sign,Single Sign,Negative,Positive,Reciprocal Sign,Positive,Negative,No,Positive,Positive,Positive,,,,,,,Negative,Negative,Negative
26,TAGGACACG,TAGGACTAG,Negative,Negative,Negative,Negative,Negative,Negative,Negative,Positive,Negative,Negative,Negative,Positive,Negative,Positive,Negative,Reciprocal Sign,Negative,Negative,Negative,,,,,,,Negative,Negative,Negative
27,TAGGAGTCG,TAGGACTCC,No,Positive,Positive,Positive,Positive,No,Positive,Positive,Positive,Positive,Negative,No,Reciprocal Sign,Positive,Reciprocal Sign,Positive,,,,Negative,Positive,Positive,Single Sign,Negative,Positive,,,
28,TAGGAGTCG,TAGGACTCT,No,Positive,Positive,Positive,Positive,Negative,Single Sign,No,No,Positive,No,Reciprocal Sign,Negative,Positive,Negative,Positive,,,,Negative,No,Positive,Single Sign,Negative,Positive,,,
29,TAGGAGTCG,TAGGACTCA,Negative,Positive,Negative,Positive,Negative,Positive,Negative,Positive,Positive,Positive,No,No,Negative,Positive,Positive,No,,,,Negative,Positive,Positive,Positive,Negative,Positive,,,
30,TAGGATTCG,TAGGACTCC,Positive,Single Sign,Single Sign,Single Sign,Positive,Negative,Positive,Positive,Single Sign,Reciprocal Sign,Positive,No,Reciprocal Sign,Positive,Negative,Positive,,,,Negative,Positive,Positive,Negative,Negative,Negative,,,
31,TAGGATTCG,TAGGACTCT,Positive,Reciprocal Sign,Single Sign,Single Sign,Positive,Negative,No,Reciprocal Sign,No,Single Sign,Single Sign,No,Negative,Positive,Negative,Positive,,,,Negative,Negative,Positive,No,Negative,Negative,,,
32,TAGGATTCG,TAGGACTCA,Negative,Positive,Negative,Positive,Negative,Negative,Negative,Positive,No,Positive,No,Positive,Negative,Positive,Positive,Reciprocal Sign,,,,Reciprocal Sign,No,Positive,Negative,No,Negative,,,
33,TAGGAATCG,TAGGACTCC,No,Positive,Positive,Positive,Positive,Positive,Single Sign,Positive,Positive,Positive,Single Sign,Positive,Positive,Positive,Positive,Positive,,,,No,Positive,Positive,Single Sign,Negative,Positive,,,
34,TAGGAATCG,TAGGACTCT,Negative,Positive,Positive,Positive,Positive,Negative,Reciprocal Sign,No,No,Positive,Reciprocal Sign,Positive,Positive,Negative,Positive,Positive,,,,No,No,Positive,Single Sign,Negative,Positive,,,
35,TAGGAATCG,TAGGACTCA,Positive,Positive,Positive,Positive,No,Positive,No,Positive,Positive,Positive,Single Sign,Positive,Positive,Positive,Single Sign,No,,,,Negative,Negative,Positive,Positive,Negative,Positive,,,
36,TAGGAGTCG,TAGGACTGG,Positive,Positive,Positive,Positive,Positive,Negative,Negative,Negative,Negative,Positive,Negative,Reciprocal Sign,Negative,Positive,Single Sign,Positive,,,,Negative,Negative,Negative,,,,Positive,Positive,Positive
37,TAGGAGTCG,TAGGACTTG,Reciprocal Sign,Reciprocal Sign,Reciprocal Sign,Reciprocal Sign,Reciprocal Sign,Single Sign,Single Sign,Reciprocal Sign,Reciprocal Sign,Reciprocal Sign,Negative,No,Negative,Positive,No,Positive,,,,Reciprocal Sign,Single Sign,Single Sign,,,,Reciprocal Sign,Reciprocal Sign,Reciprocal Sign
38,TAGGAGTCG,TAGGACTAG,Positive,Positive,Positive,Positive,Positive,No,Negative,Negative,Positive,Positive,Negative,No,Reciprocal Sign,Positive,Negative,Positive,,,,Positive,Positive,Positive,,,,Positive,Positive,Positive
39,TAGGATTCG,TAGGACTGG,Single Sign,Reciprocal Sign,No,Reciprocal Sign,Negative,Single Sign,Negative,Single Sign,Positive,Single Sign,Negative,Positive,Reciprocal Sign,Positive,Single Sign,Positive,,,,Negative,Negative,No,,,,Positive,Positive,Negative
40,TAGGATTCG,TAGGACTTG,No,Positive,Negative,Positive,Positive,Negative,Negative,Reciprocal Sign,Positive,Positive,Positive,Positive,Negative,Positive,Negative,Positive,,,,No,Single Sign,No,,,,Positive,Negative,Negative
41,TAGGATTCG,TAGGACTAG,No,Positive,Negative,Positive,Negative,Negative,Negative,Negative,Negative,Positive,No,No,Negative,Positive,Reciprocal Sign,Positive,,,,Negative,No,Negative,,,,Negative,No,Negative
42,TAGGAATCG,TAGGACTGG,Positive,Positive,Positive,Positive,Positive,Negative,Single Sign,No,Negative,Positive,Positive,Positive,Single Sign,Positive,Positive,Positive,,,,Negative,Negative,Negative,,,,Positive,Positive,Positive
43,TAGGAATCG,TAGGACTTG,Reciprocal Sign,Reciprocal Sign,Reciprocal Sign,Reciprocal Sign,Reciprocal Sign,Single Sign,Reciprocal Sign,Reciprocal Sign,Reciprocal Sign,Reciprocal Sign,Single Sign,Reciprocal Sign,Positive,Positive,Single Sign,Positive,,,,Reciprocal Sign,Single Sign,Single Sign,,,,Reciprocal Sign,Reciprocal Sign,Reciprocal Sign
44,TAGGAATCG,TAGGACTAG,Positive,Positive,Positive,Positive,Reciprocal Sign,Negative,Positive,Positive,Positive,Positive,Single Sign,Reciprocal Sign,No,Reciprocal Sign,Positive,Positive,,,,Positive,Negative,Negative,,,,Positive,Positive,Positive
45,TAGGAGTCG,TAGGACCCG,No,Negative,Positive,Positive,Positive,Positive,Positive,Negative,Positive,Positive,Negative,Reciprocal Sign,Reciprocal Sign,Positive,Reciprocal Sign,Positive,,,,,,,Negative,No,Negative,Positive,Positive,Positive
46,TAGGAGTCG,TAGGACGCG,Negative,Positive,Negative,Positive,Positive,Negative,Positive,Negative,Positive,Positive,No,Positive,Positive,Reciprocal Sign,Negative,Positive,,,,,,,No,Negative,Negative,Positive,Negative,Positive
47,TAGGAGTCG,TAGGACACG,Positive,Positive,Positive,Positive,Negative,Positive,Positive,Positive,Negative,Positive,Negative,Negative,Negative,Positive,Positive,Negative,,,,,,,Positive,Positive,Negative,Positive,No,Positive
48,TAGGATTCG,TAGGACCCG,Negative,No,Negative,Negative,Negative,Positive,Negative,Negative,Negative,Negative,Negative,Reciprocal Sign,Reciprocal Sign,Positive,No,Reciprocal Sign,,,,,,,Negative,Reciprocal Sign,Negative,No,Negative,Negative
49,TAGGATTCG,TAGGACGCG,Negative,Negative,Negative,Negative,Negative,No,Negative,Positive,Negative,Single Sign,Positive,Positive,Positive,Positive,Single Sign,Positive,,,,,,,Negative,No,Negative,Negative,Negative,Negative
50,TAGGATTCG,TAGGACACG,Positive,Single Sign,Negative,Single Sign,Negative,Single Sign,Positive,Reciprocal Sign,Negative,Single Sign,No,Positive,Negative,Positive,Negative,Positive,,,,,,,No,Positive,Negative,Negative,Negative,Negative
51,TAGGAATCG,TAGGACCCG,Positive,Positive,Positive,Positive,Positive,Positive,Positive,Positive,Positive,Positive,Single Sign,Positive,Negative,Negative,Single Sign,Positive,,,,,,,Negative,Positive,Negative,Positive,Positive,Positive
52,TAGGAATCG,TAGGACGCG,Positive,Positive,Positive,Positive,Positive,Negative,Single Sign,Positive,Positive,Positive,Single Sign,Positive,Reciprocal Sign,No,No,Positive,,,,,,,Negative,Negative,Negative,Positive,Positive,Positive
53,TAGGAATCG,TAGGACACG,Positive,Single Sign,Positive,Positive,Negative,No,Single Sign,Reciprocal Sign,No,Positive,Single Sign,Reciprocal Sign,Positive,No,Reciprocal Sign,Negative,,,,,,,Positive,Positive,Negative,Positive,Positive,Positive
54,TAGGCCTCG,TAGGACTCC,Negative,Negative,Negative,,Positive,Positive,,Negative,Positive,No,Single Sign,Positive,Single Sign,,,,No,Negative,No,Negative,Positive,Positive,Negative,Negative,Positive,,,
55,TAGGCCTCG,TAGGACTCT,Negative,Negative,Negative,,Positive,Positive,,Positive,Negative,Negative,Reciprocal Sign,Positive,Negative,,,,No,Negative,No,Negative,Negative,Positive,Negative,Negative,Positive,,,
56,TAGGCCTCG,TAGGACTCA,Positive,Positive,Positive,,Positive,Positive,,Positive,Positive,Positive,No,Positive,Single Sign,,,,Positive,Positive,Positive,Negative,Positive,Positive,Positive,No,Positive,,,
57,TAGGGCTCG,TAGGACTCC,Positive,Positive,Positive,Negative,Negative,Positive,Negative,Positive,Positive,No,Negative,Negative,Single Sign,,,,Positive,Negative,Negative,No,Negative,Positive,Negative,Negative,Positive,,,
58,TAGGGCTCG,TAGGACTCT,Positive,Positive,Positive,Negative,Negative,Negative,Positive,Positive,Negative,Negative,Negative,No,No,,,,Positive,Negative,No,No,Positive,Positive,Negative,Negative,Positive,,,
59,TAGGGCTCG,TAGGACTCA,Positive,Positive,Negative,Positive,Positive,Positive,Positive,Positive,Positive,Positive,Negative,Positive,Single Sign,,,,Positive,Positive,Positive,No,Negative,Positive,Positive,No,Positive,,,
60,TAGGTCTCG,TAGGACTCC,Negative,No,Negative,Negative,Positive,Negative,Negative,No,Positive,Negative,Reciprocal Sign,No,No,,,,Positive,No,No,No,Positive,Negative,Negative,Negative,Positive,,,
61,TAGGTCTCG,TAGGACTCT,Negative,Positive,Positive,Negative,Positive,No,Positive,No,Negative,Negative,Single Sign,Positive,Positive,,,,Negative,Positive,Negative,No,Negative,Positive,Negative,Negative,Positive,,,
62,TAGGTCTCG,TAGGACTCA,Positive,Positive,Positive,Positive,Positive,Positive,Negative,Positive,Positive,Positive,No,Positive,Single Sign,,,,Positive,Positive,Positive,Positive,Negative,Positive,Positive,Positive,Positive,,,
63,TAGGCCTCG,TAGGACTGG,Negative,Positive,Negative,,Negative,Negative,,Negative,Negative,Negative,Negative,Positive,Negative,,,,Negative,Negative,Negative,Positive,Positive,Negative,,,,Positive,Positive,Positive
64,TAGGCCTCG,TAGGACTTG,Positive,Positive,Positive,,Positive,Negative,,Positive,Positive,Positive,Single Sign,Positive,No,,,,Negative,Positive,Negative,Positive,Negative,Positive,,,,Positive,Positive,Positive
65,TAGGCCTCG,TAGGACTAG,Positive,Positive,Positive,,Positive,Positive,,Positive,Positive,Positive,Negative,Reciprocal Sign,Negative,,,,Positive,Positive,Positive,Positive,Positive,Negative,,,,Positive,Positive,Positive
66,TAGGGCTCG,TAGGACTGG,Negative,Positive,Negative,Negative,Negative,No,Negative,Positive,Negative,Negative,Negative,Reciprocal Sign,No,,,,Negative,Negative,No,Positive,Positive,Negative,,,,Positive,Positive,Positive
67,TAGGGCTCG,TAGGACTTG,Positive,Positive,Positive,Positive,Positive,Negative,Positive,Positive,Positive,Positive,Positive,Reciprocal Sign,Positive,,,,Negative,Positive,Negative,Positive,Negative,Negative,,,,Positive,Positive,Positive
68,TAGGGCTCG,TAGGACTAG,Positive,Positive,Positive,Positive,Positive,Negative,Positive,Positive,Positive,Positive,No,Positive,Single Sign,,,,Positive,Positive,Positive,Positive,Positive,Negative,,,,Positive,Positive,Positive
69,TAGGTCTCG,TAGGACTGG,Negative,Positive,Negative,No,Negative,Negative,Negative,Negative,Negative,Negative,Negative,No,Positive,,,,Negative,Negative,No,Positive,No,Negative,,,,Positive,Positive,Positive
70,TAGGTCTCG,TAGGACTTG,Positive,Positive,Positive,Positive,Positive,Negative,Positive,Negative,Positive,Positive,Positive,Reciprocal Sign,Single Sign,,,,Negative,Positive,Negative,Positive,Negative,Negative,,,,Positive,Positive,Positive
71,TAGGTCTCG,TAGGACTAG,Positive,Positive,Positive,Positive,Positive,Negative,Positive,Negative,Positive,Positive,No,Reciprocal Sign,Positive,,,,Positive,Positive,Positive,Positive,Positive,Negative,,,,Positive,Positive,Positive
72,TAGGCCTCG,TAGGACCCG,Positive,Positive,Positive,,,Positive,,Negative,Positive,Positive,Single Sign,Reciprocal Sign,Single Sign,,,,Positive,Positive,Positive,,,,Negative,Positive,Positive,Positive,Positive,Positive
73,TAGGCCTCG,TAGGACGCG,No,Negative,Negative,,Negative,Negative,,Negative,Negative,Negative,Single Sign,Negative,Reciprocal Sign,,,,No,Positive,Positive,,,,Negative,Negative,Positive,Negative,Positive,Positive
74,TAGGCCTCG,TAGGACACG,Negative,No,Negative,,Negative,,,Negative,Negative,Negative,Negative,No,Single Sign,,,,Negative,Negative,Negative,,,,Positive,Negative,Positive,Negative,Positive,Negative
75,TAGGGCTCG,TAGGACCCG,Positive,Positive,Positive,Positive,Positive,Positive,Positive,Positive,Positive,Positive,Positive,Positive,Single Sign,,,,Positive,Positive,Positive,,,,Negative,Negative,Positive,Positive,Positive,Positive
76,TAGGGCTCG,TAGGACGCG,Positive,Negative,Negative,Negative,Negative,Negative,Negative,Positive,Negative,Negative,Positive,Reciprocal Sign,Reciprocal Sign,,,,Negative,Positive,Negative,,,,Negative,Negative,Positive,Negative,No,Negative
77,TAGGGCTCG,TAGGACACG,Negative,Negative,Negative,Negative,Negative,Negative,Negative,Reciprocal Sign,Negative,,No,Positive,Negative,,,,Negative,Negative,Negative,,,,Positive,Negative,Positive,Negative,Negative,Negative
78,TAGGTCTCG,TAGGACCCG,Positive,Positive,Positive,Positive,Positive,Positive,Positive,Negative,Positive,Positive,Negative,Negative,Positive,,,,Positive,Positive,Positive,,,,Negative,No,Positive,Positive,Positive,Positive
79,TAGGTCTCG,TAGGACGCG,Positive,Positive,Negative,Negative,Negative,Negative,Negative,Negative,Negative,Negative,Positive,Positive,Reciprocal Sign,,,,Negative,Positive,Positive,,,,Positive,Negative,Positive,Negative,Positive,Positive
80,TAGGTCTCG,TAGGACACG,Negative,Positive,Negative,,Negative,Positive,Negative,Positive,Negative,Negative,Negative,Reciprocal Sign,Negative,,,,Negative,No,Negative,,,,Positive,Negative,No,Negative,Negative,Positive
81,TAGGCCTCG,TAGGAGTCG,Positive,Positive,Positive,,Positive,Positive,,Negative,Positive,Positive,No,Negative,Negative,,,,,,,Negative,Positive,Positive,Positive,Negative,Positive,Positive,Positive,Positive
82,TAGGCCTCG,TAGGATTCG,Negative,Positive,Negative,,Negative,Positive,,Negative,Negative,Positive,No,Reciprocal Sign,Negative,,,,,,,Negative,No,Positive,Positive,Negative,Negative,Positive,Positive,Negative
83,TAGGCCTCG,TAGGAATCG,Positive,Positive,Positive,,Positive,Positive,,Positive,Positive,Positive,Positive,No,Reciprocal Sign,,,,,,,Negative,Positive,Positive,Positive,Negative,Positive,Positive,Positive,Positive
84,TAGGGCTCG,TAGGAGTCG,Positive,Positive,Positive,Positive,Positive,Positive,No,Positive,Positive,Positive,Negative,Negative,Single Sign,,,,,,,Positive,Positive,Positive,No,Negative,Positive,Positive,Positive,Positive
85,TAGGGCTCG,TAGGATTCG,No,Positive,Negative,No,Negative,Positive,Negative,Positive,No,Positive,No,No,Negative,,,,,,,Negative,Positive,Positive,Negative,Negative,Positive,Positive,Negative,Negative
86,TAGGGCTCG,TAGGAATCG,Positive,Positive,Positive,Positive,Positive,Positive,Positive,Positive,Positive,Positive,Positive,Positive,Reciprocal Sign,,,,,,,Positive,Positive,Positive,Positive,Negative,Positive,Positive,Positive,Positive
87,TAGGTCTCG,TAGGAGTCG,Positive,Positive,Positive,Positive,Positive,Positive,Negative,Negative,Positive,Positive,Reciprocal Sign,Reciprocal Sign,Positive,,,,,,,Positive,Positive,Positive,Positive,Negative,Positive,Positive,Positive,Positive
88,TAGGTCTCG,TAGGATTCG,Negative,Positive,Negative,Negative,Negative,Positive,Negative,Negative,Positive,Positive,Positive,Positive,No,,,,,,,Negative,Negative,Negative,Negative,No,Negative,Positive,Negative,Negative
89,TAGGTCTCG,TAGGAATCG,Positive,Positive,Positive,Positive,Positive,Positive,Negative,No,Positive,Positive,Single Sign,Positive,Reciprocal Sign,,,,,,,Positive,Positive,Positive,Positive,Negative,Positive,Positive,Positive,Positive
90,TAGCACTCG,TAGGACTCC,No,No,Negative,Negative,Negative,Negative,Negative,No,Positive,Negative,,,,Positive,Single Sign,Positive,Positive,Negative,Negative,Negative,Positive,Positive,Negative,Negative,Positive,,,
91,TAGCACTCG,TAGGACTCT,No,Positive,Positive,Negative,Positive,Negative,No,No,Negative,Negative,,,,Positive,Negative,Positive,Positive,Negative,Negative,Negative,Positive,Positive,Negative,Negative,Positive,,,
92,TAGCACTCG,TAGGACTCA,Positive,Positive,Positive,Positive,Negative,Negative,No,Positive,Positive,Positive,,,,Positive,Single Sign,Positive,Positive,Positive,Positive,Negative,Positive,Positive,Positive,Negative,Positive,,,
93,TAGTACTCG,TAGGACTCC,Negative,No,Negative,Positive,No,Positive,Negative,Positive,Positive,Positive,,,,Positive,Reciprocal Sign,Positive,No,Negative,Negative,No,Positive,Positive,Negative,Negative,Positive,,,
94,TAGTACTCG,TAGGACTCT,Negative,Positive,Positive,No,Positive,Positive,Negative,Positive,Negative,Negative,,,,Positive,Reciprocal Sign,Positive,No,Negative,Negative,Negative,Negative,Positive,Negative,Negative,Positive,,,
95,TAGTACTCG,TAGGACTCA,Positive,Positive,Positive,Positive,Positive,Positive,Negative,No,Positive,Positive,,,,Positive,No,Positive,Positive,Positive,Positive,Positive,Negative,Positive,Positive,Positive,Positive,,,
96,TAGAACTCG,TAGGACTCC,No,Negative,Positive,No,Negative,Negative,Positive,No,Negative,No,,,,Positive,Negative,Positive,Positive,No,Negative,No,Positive,Positive,Negative,Negative,Positive,,,
97,TAGAACTCG,TAGGACTCT,Negative,Negative,Positive,Negative,Positive,Negative,Positive,Negative,Negative,Negative,,,,Positive,Negative,Positive,Positive,Negative,Negative,Negative,Positive,Positive,Negative,Negative,Positive,,,
98,TAGAACTCG,TAGGACTCA,Positive,Positive,Positive,Positive,Positive,Negative,Positive,Positive,Positive,Positive,,,,Positive,Positive,Positive,Positive,Positive,Positive,No,No,Positive,Positive,No,Positive,,,
99,TAGCACTCG,TAGGACTGG,Positive,Positive,Negative,Positive,Negative,Negative,Negative,Negative,Negative,Negative,,,,Positive,Reciprocal Sign,Positive,Positive,Negative,Negative,Negative,Positive,Negative,,,,Positive,Positive,Positive
100,TAGCACTCG,TAGGACTTG,Positive,Positive,Positive,Positive,Positive,Negative,Positive,Negative,Positive,Positive,,,,Positive,No,Positive,Negative,Positive,Negative,Positive,Positive,Negative,,,,Positive,Positive,Positive
101,TAGCACTCG,TAGGACTAG,Positive,Positive,Positive,Positive,No,Negative,Positive,Negative,Positive,Positive,,,,Positive,Single Sign,Positive,Positive,Positive,Positive,Positive,Positive,Negative,,,,Positive,Positive,Positive
102,TAGTACTCG,TAGGACTGG,Negative,Positive,No,Positive,Negative,Negative,Negative,Negative,Negative,Negative,,,,No,Single Sign,Positive,Negative,Negative,Negative,Positive,Positive,Negative,,,,Positive,Positive,Positive
103,TAGTACTCG,TAGGACTTG,Positive,Positive,Positive,Positive,Positive,Negative,Positive,Reciprocal Sign,Positive,Positive,,,,Reciprocal Sign,Positive,Positive,Negative,Positive,Negative,Positive,Negative,No,,,,Positive,Positive,Positive
104,TAGTACTCG,TAGGACTAG,Positive,Positive,Positive,Positive,No,Negative,Positive,Positive,Positive,Positive,,,,Positive,No,Positive,Positive,Positive,Positive,Positive,Positive,Negative,,,,Positive,Positive,Positive
105,TAGAACTCG,TAGGACTGG,Positive,Positive,Positive,Negative,Negative,Negative,Positive,Reciprocal Sign,Negative,Negative,,,,Positive,Reciprocal Sign,Positive,Positive,Negative,Negative,Positive,Positive,Negative,,,,Positive,Positive,Positive
106,TAGAACTCG,TAGGACTTG,Positive,Positive,Positive,Positive,Positive,Negative,Positive,Negative,Positive,Positive,,,,Positive,Single Sign,Positive,Negative,Positive,Negative,Positive,Negative,Negative,,,,Positive,Positive,Positive
107,TAGAACTCG,TAGGACTAG,Positive,Positive,Positive,Positive,Positive,Negative,Positive,Negative,Positive,Positive,,,,Positive,Negative,Positive,Positive,Positive,Positive,Positive,Positive,Negative,,,,Positive,Positive,Positive
108,TAGCACTCG,TAGGACCCG,Positive,Positive,Positive,Positive,Positive,Positive,,No,Positive,Positive,,,,Positive,Single Sign,Positive,Positive,Positive,Positive,,,,Negative,Negative,Positive,Positive,Positive,Positive
109,TAGCACTCG,TAGGACGCG,Negative,Negative,Negative,Positive,Negative,Negative,Negative,Negative,Negative,Negative,,,,Reciprocal Sign,Reciprocal Sign,Reciprocal Sign,Positive,Negative,No,,,,Positive,Negative,Positive,Negative,Positive,Negative
110,TAGCACTCG,TAGGACACG,No,Positive,Negative,Negative,Negative,Negative,Negative,Negative,Negative,Negative,,,,Positive,Reciprocal Sign,Reciprocal Sign,Negative,Negative,Negative,,,,Positive,Negative,Negative,Negative,Negative,Negative
111,TAGTACTCG,TAGGACCCG,Positive,Positive,Positive,Positive,Positive,Positive,Positive,No,Positive,Positive,,,,No,No,Reciprocal Sign,Positive,Positive,Positive,,,,Negative,Positive,Positive,Positive,Positive,Positive
112,TAGTACTCG,TAGGACGCG,Negative,Negative,Negative,Negative,Negative,Negative,Negative,No,Negative,Negative,,,,Negative,Single Sign,Negative,Negative,Positive,Positive,,,,No,Negative,Positive,Negative,Negative,Positive
113,TAGTACTCG,TAGGACACG,Negative,No,Negative,Negative,Negative,Positive,Negative,Positive,Negative,Negative,,,,Reciprocal Sign,No,No,Negative,Negative,Negative,,,,Positive,Negative,Positive,Negative,Negative,Negative
114,TAGAACTCG,TAGGACCCG,Positive,Positive,Positive,Positive,Positive,Positive,Positive,No,Positive,Positive,,,,Positive,Single Sign,Positive,Positive,Positive,Positive,,,,Negative,No,Positive,Positive,Positive,Positive
115,TAGAACTCG,TAGGACGCG,Positive,Negative,No,Negative,Negative,Negative,Positive,Negative,Negative,Negative,,,,Positive,Reciprocal Sign,Positive,Positive,Positive,Positive,,,,Positive,Negative,No,Negative,Positive,Positive
116,TAGAACTCG,TAGGACACG,Positive,Negative,Negative,Negative,Negative,Negative,Positive,Positive,Negative,Negative,,,,Positive,Reciprocal Sign,No,Positive,No,Negative,,,,Positive,Negative,Positive,Negative,Negative,Positive
117,TAGCACTCG,TAGGAGTCG,Positive,Positive,Positive,Positive,Positive,Positive,Negative,Negative,Positive,Positive,,,,Positive,Single Sign,Positive,,,,No,Positive,Positive,No,Negative,Positive,Positive,Positive,Positive
118,TAGCACTCG,TAGGATTCG,Positive,No,Negative,Negative,Negative,Negative,Negative,No,Negative,Negative,,,,Positive,No,Positive,,,,Negative,Positive,Negative,No,No,Negative,No,Negative,Negative
119,TAGCACTCG,TAGGAATCG,Positive,Positive,Positive,Positive,Positive,Positive,Negative,Positive,Positive,Positive,,,,Reciprocal Sign,Reciprocal Sign,Positive,,,,Positive,Positive,Positive,Negative,Negative,Positive,Positive,Positive,Positive
120,TAGTACTCG,TAGGAGTCG,Positive,Positive,Positive,Positive,Positive,Positive,Negative,No,Positive,Positive,,,,Reciprocal Sign,Reciprocal Sign,No,,,,Negative,Positive,Positive,Positive,Negative,Positive,Positive,Positive,Positive
121,TAGTACTCG,TAGGATTCG,Negative,Positive,Negative,Positive,Negative,Positive,Negative,Negative,Negative,Positive,,,,Positive,Reciprocal Sign,Positive,,,,Negative,Positive,Positive,Negative,No,Negative,Positive,Negative,Negative
122,TAGTACTCG,TAGGAATCG,Positive,Positive,Positive,Positive,Positive,Positive,Negative,Positive,Positive,Positive,,,,Positive,Single Sign,Positive,,,,Positive,Positive,Positive,Positive,Negative,Positive,Positive,Positive,Positive
123,TAGAACTCG,TAGGAGTCG,Positive,Positive,Positive,Positive,Positive,Positive,Positive,Negative,Positive,Positive,,,,Positive,Positive,Positive,,,,Negative,Positive,Positive,Positive,Negative,No,Positive,Positive,Positive
124,TAGAACTCG,TAGGATTCG,No,Negative,Negative,Negative,Negative,Negative,No,Negative,Negative,Positive,,,,Positive,Positive,Positive,,,,Negative,Positive,Positive,No,Positive,Negative,Positive,No,No
125,TAGAACTCG,TAGGAATCG,Positive,Positive,Positive,Positive,Positive,Positive,Positive,Positive,Positive,Positive,,,,Positive,No,No,,,,Positive,Positive,Positive,Positive,Negative,Positive,Positive,Positive,Positive
126,TAGCACTCG,TAGGCCTCG,Positive,Positive,Positive,,Positive,Positive,,Positive,Positive,Positive,,,,,,,Positive,Positive,Positive,Positive,Positive,Positive,Positive,Positive,Positive,Positive,Positive,Positive
127,TAGCACTCG,TAGGGCTCG,Positive,Positive,Positive,Positive,Positive,Positive,Positive,Positive,Positive,Positive,,,,,,,Positive,Positive,Positive,Positive,Positive,Positive,Positive,Positive,Positive,Positive,Positive,Positive
128,TAGCACTCG,TAGGTCTCG,Positive,Positive,Positive,Positive,Positive,Positive,Positive,Negative,Positive,Positive,,,,,,,Positive,Positive,Positive,Positive,Positive,Positive,Positive,Positive,Positive,Positive,Positive,Positive
129,TAGTACTCG,TAGGCCTCG,Positive,Positive,Positive,,Positive,Positive,,Positive,Positive,Positive,,,,,,,Positive,Positive,Positive,Positive,Positive,Positive,Positive,Positive,Positive,Positive,Positive,Positive
130,TAGTACTCG,TAGGGCTCG,Positive,Positive,Positive,Positive,Positive,Positive,Positive,Positive,Positive,Positive,,,,,,,Positive,Positive,Positive,Positive,Positive,Positive,Positive,Positive,Positive,Positive,Positive,Positive
131,TAGTACTCG,TAGGTCTCG,Positive,Positive,Positive,Positive,Positive,Positive,Positive,No,Positive,Positive,,,,,,,Positive,Positive,Positive,Positive,Positive,Positive,Positive,Positive,Positive,Positive,Positive,Positive
132,TAGAACTCG,TAGGCCTCG,Positive,Positive,Positive,,Positive,Positive,,Negative,Positive,Positive,,,,,,,Positive,Positive,Positive,Positive,Positive,Positive,Positive,Positive,Positive,Positive,Positive,Positive
133,TAGAACTCG,TAGGGCTCG,Positive,Positive,Positive,Positive,Positive,Positive,Positive,Positive,Positive,Positive,,,,,,,Positive,Positive,Positive,Positive,Positive,Positive,Positive,Positive,Positive,Positive,Positive,Positive
134,TAGAACTCG,TAGGTCTCG,Positive,Positive,Positive,,Positive,Positive,Positive,Negative,Positive,Positive,,,,,,,Positive,Positive,Positive,Positive,Positive,Positive,Positive,Positive,Positive,Positive,Positive,Positive
135,TACGACTCG,TAGGACTCC,Negative,Positive,Reciprocal Sign,Single Sign,Negative,Single Sign,Positive,,,,Negative,Positive,Negative,Positive,Negative,Positive,Positive,Positive,Single Sign,Negative,Negative,Positive,Negative,Positive,Negative,,,
136,TACGACTCG,TAGGACTCT,Positive,Reciprocal Sign,Reciprocal Sign,Single Sign,Single Sign,Positive,Single Sign,,,,Negative,Positive,Negative,Positive,Negative,Positive,Positive,Positive,Single Sign,No,Negative,Positive,Negative,Positive,Negative,,,
137,TACGACTCG,TAGGACTCA,Negative,Negative,Negative,Negative,Negative,Negative,Negative,,,,Negative,Positive,Reciprocal Sign,Positive,Negative,Negative,Positive,Negative,Positive,Negative,Negative,Negative,Negative,Negative,Negative,,,
138,TATGACTCG,TAGGACTCC,Negative,Negative,No,Positive,Reciprocal Sign,Single Sign,Positive,,,,Negative,Reciprocal Sign,Positive,Reciprocal Sign,Positive,Single Sign,Positive,Negative,Positive,Negative,Negative,Positive,No,Positive,Negative,,,
139,TATGACTCG,TAGGACTCT,Positive,Reciprocal Sign,Positive,Positive,Positive,Positive,Single Sign,,,,No,No,Negative,Reciprocal Sign,Negative,Positive,Positive,Positive,Positive,Negative,Negative,Positive,Negative,Positive,Negative,,,
140,TATGACTCG,TAGGACTCA,Negative,Negative,No,Positive,Negative,Negative,Negative,,,,Negative,Positive,Negative,Positive,No,No,Negative,Negative,Positive,Negative,Negative,Positive,Negative,Positive,Negative,,,
141,TAAGACTCG,TAGGACTCC,Negative,Positive,Positive,Positive,No,Positive,No,,,,Negative,Positive,Reciprocal Sign,Positive,Single Sign,No,Negative,Negative,Negative,Positive,No,Positive,Negative,Negative,Positive,,,
142,TAAGACTCG,TAGGACTCT,Negative,Positive,Positive,No,No,No,No,,,,Negative,Positive,Negative,Negative,No,Positive,Negative,No,Negative,Positive,Negative,Positive,Negative,Negative,Positive,,,
143,TAAGACTCG,TAGGACTCA,Positive,Positive,Positive,No,Negative,Positive,No,,,,Negative,Negative,Negative,Positive,Positive,Positive,Positive,Positive,Positive,Positive,Negative,Negative,Positive,Negative,Positive,,,
144,TACGACTCG,TAGGACTGG,Single Sign,Reciprocal Sign,No,Reciprocal Sign,No,Positive,Negative,,,,Negative,No,Reciprocal Sign,Positive,No,Negative,Positive,Positive,Single Sign,No,Negative,Positive,,,,Negative,Negative,Positive
145,TACGACTCG,TAGGACTTG,Positive,Positive,Positive,No,Single Sign,Negative,Negative,,,,Negative,Positive,Negative,No,Reciprocal Sign,No,Positive,Positive,Single Sign,Single Sign,No,Positive,,,,Single Sign,Single Sign,Single Sign
146,TACGACTCG,TAGGACTAG,Positive,Positive,Positive,Positive,Single Sign,Negative,Negative,,,,Negative,Positive,Negative,Positive,Reciprocal Sign,Positive,Single Sign,Positive,Reciprocal Sign,Negative,Negative,Positive,,,,Negative,Positive,Positive
147,TATGACTCG,TAGGACTGG,Single Sign,Reciprocal Sign,No,Reciprocal Sign,Positive,Positive,Negative,,,,Negative,No,Negative,No,Positive,Positive,Positive,Positive,Positive,Negative,Negative,Positive,,,,Negative,Positive,Positive
148,TATGACTCG,TAGGACTTG,Positive,Positive,Negative,Positive,Single Sign,Negative,Negative,,,,Negative,Positive,Negative,No,Positive,No,Positive,Positive,Positive,Single Sign,Negative,Positive,,,,Single Sign,Single Sign,Single Sign
149,TATGACTCG,TAGGACTAG,Positive,Positive,No,Positive,Positive,Negative,Negative,,,,Negative,Reciprocal Sign,Negative,Positive,Reciprocal Sign,Positive,Single Sign,Positive,Single Sign,Negative,Negative,Positive,,,,Negative,Positive,Positive
150,TAAGACTCG,TAGGACTGG,Positive,Positive,Positive,No,Negative,No,No,,,,Negative,Positive,Reciprocal Sign,Negative,Reciprocal Sign,No,Negative,Negative,Negative,Positive,Positive,Negative,,,,Positive,Positive,Positive
151,TAAGACTCG,TAGGACTTG,Positive,Positive,Positive,No,Negative,Negative,Positive,,,,Negative,Reciprocal Sign,Reciprocal Sign,No,Negative,Positive,Negative,Positive,Negative,Positive,Negative,No,,,,Positive,Positive,Positive
152,TAAGACTCG,TAGGACTAG,Positive,Positive,Positive,Positive,Negative,Negative,Negative,,,,Negative,Reciprocal Sign,Reciprocal Sign,No,Positive,Positive,Positive,Positive,Positive,Positive,Positive,Negative,,,,Positive,Positive,Positive
153,TACGACTCG,TAGGACCCG,Negative,Positive,Negative,Negative,Negative,Negative,No,,,,No,Negative,Negative,Reciprocal Sign,Positive,Positive,Positive,Negative,Positive,,,,Negative,Negative,Negative,Negative,Negative,Negative
154,TACGACTCG,TAGGACGCG,Single Sign,Negative,No,No,No,Negative,Positive,,,,No,Negative,Positive,Positive,Negative,Single Sign,Positive,Single Sign,Reciprocal Sign,,,,Negative,Positive,Negative,Positive,Single Sign,Single Sign
155,TACGACTCG,TAGGACACG,Positive,Positive,No,Single Sign,Negative,Positive,Positive,,,,Negative,Positive,Negative,Positive,,Negative,Negative,Positive,Single Sign,,,,Negative,Positive,Negative,Positive,No,Positive
156,TATGACTCG,TAGGACCCG,Negative,Negative,Negative,No,Negative,Negative,No,,,,Negative,No,Negative,No,Positive,Positive,Negative,Negative,No,,,,Negative,Positive,Negative,Negative,Negative,Negative
157,TATGACTCG,TAGGACGCG,Single Sign,Negative,Positive,Positive,Positive,Negative,Positive,,,,Negative,Positive,Single Sign,Reciprocal Sign,Single Sign,Negative,Positive,Single Sign,Single Sign,,,,Negative,Positive,Negative,Positive,Single Sign,Single Sign
158,TATGACTCG,TAGGACACG,Positive,Single Sign,No,Single Sign,Negative,Positive,Positive,,,,Negative,No,Negative,Negative,No,No,Negative,No,Negative,,,,Negative,Positive,Negative,Positive,Negative,No
159,TAAGACTCG,TAGGACCCG,Positive,Positive,Positive,Positive,Negative,Positive,No,,,,Negative,No,Negative,Negative,No,Positive,Positive,Positive,Positive,,,,Negative,Positive,Positive,Positive,Positive,Positive
160,TAAGACTCG,TAGGACGCG,Positive,Positive,Positive,No,Negative,Negative,Negative,,,,Negative,Positive,Positive,Negative,Reciprocal Sign,Negative,Negative,Positive,Positive,,,,No,Negative,Positive,Negative,Positive,Positive
161,TAAGACTCG,TAGGACACG,Negative,Single Sign,Positive,Negative,Negative,Positive,Negative,,,,Negative,No,Reciprocal Sign,Positive,Reciprocal Sign,Negative,Negative,Negative,Negative,,,,No,Negative,No,Negative,No,Negative
162,TACGACTCG,TAGGAGTCG,Negative,Negative,Positive,Negative,Negative,Negative,Negative,,,,Negative,Reciprocal Sign,Negative,Reciprocal Sign,Negative,No,,,,Negative,Negative,Negative,Negative,Negative,Negative,Negative,Negative,Negative
163,TACGACTCG,TAGGATTCG,Negative,Positive,Negative,Negative,Negative,No,Negative,,,,Positive,Reciprocal Sign,Negative,Positive,Negative,Single Sign,,,,No,Single Sign,Negative,No,Negative,Negative,Single Sign,No,No
164,TACGACTCG,TAGGAATCG,Negative,Negative,Positive,Negative,Negative,Negative,Negative,,,,Positive,Reciprocal Sign,Negative,Positive,Negative,Positive,,,,Negative,Negative,Negative,Positive,Negative,Negative,Negative,Negative,Negative
165,TATGACTCG,TAGGAGTCG,Negative,Negative,Positive,Negative,Negative,Negative,Negative,,,,Negative,Reciprocal Sign,Reciprocal Sign,Positive,Positive,Positive,,,,Negative,Negative,Negative,Negative,Negative,Negative,Negative,Negative,Negative
166,TATGACTCG,TAGGATTCG,No,Positive,No,Positive,Negative,No,No,,,,Negative,Negative,Negative,Reciprocal Sign,No,Positive,,,,Negative,Positive,No,Negative,Positive,Negative,Single Sign,Negative,No
167,TATGACTCG,TAGGAATCG,Negative,No,Positive,No,Negative,Negative,No,,,,Positive,Reciprocal Sign,Negative,Negative,Positive,Positive,,,,Negative,Negative,Negative,No,Negative,Negative,Negative,Negative,Negative
168,TAAGACTCG,TAGGAGTCG,Positive,Positive,Positive,Positive,Negative,Positive,Positive,,,,Reciprocal Sign,No,Negative,Negative,Single Sign,Positive,,,,Positive,Positive,Positive,Negative,Negative,Positive,Positive,Positive,Positive
169,TAAGACTCG,TAGGATTCG,Negative,Positive,Positive,No,Negative,Positive,Negative,,,,Negative,Negative,Negative,Positive,Single Sign,Negative,,,,Positive,Positive,Negative,Negative,No,Negative,Positive,Positive,Negative
170,TAAGACTCG,TAGGAATCG,Positive,Positive,Positive,Positive,Positive,Positive,Reciprocal Sign,,,,Positive,Positive,Single Sign,Negative,Reciprocal Sign,Positive,,,,Positive,Positive,Positive,Positive,Negative,Positive,Positive,Positive,Positive
171,TACGACTCG,TAGGCCTCG,Negative,Positive,Negative,,Positive,Negative,,,,,Negative,Reciprocal Sign,Negative,,,,Negative,Negative,Positive,Negative,Negative,Negative,Negative,Negative,Negative,Negative,Negative,Negative
172,TACGACTCG,TAGGGCTCG,Negative,Positive,Negative,,No,Negative,Negative,,,,Negative,Reciprocal Sign,Negative,,,,Negative,Negative,Positive,,Negative,Negative,Negative,Negative,Negative,Negative,Negative,Negative
173,TACGACTCG,TAGGTCTCG,Negative,Positive,Negative,Negative,Positive,Negative,Negative,,,,Negative,No,Positive,,,,Negative,Negative,Positive,Negative,Negative,Negative,Negative,Negative,Negative,Negative,Negative,Negative
174,TATGACTCG,TAGGCCTCG,Negative,Positive,Negative,,Negative,Negative,,,,,Negative,Reciprocal Sign,Negative,,,,Negative,Negative,Positive,Negative,Negative,Negative,Negative,Negative,Negative,Negative,Negative,Negative
175,TATGACTCG,TAGGGCTCG,Negative,Positive,Negative,Negative,Negative,Negative,Negative,,,,Negative,No,Negative,,,,Negative,Negative,Positive,Negative,Negative,Negative,Negative,Negative,Negative,Negative,Negative,Negative
176,TATGACTCG,TAGGTCTCG,Negative,Positive,Negative,Negative,Positive,Negative,Negative,,,,Negative,Reciprocal Sign,Positive,,,,Negative,Negative,No,Negative,Negative,Negative,Negative,Negative,Negative,Negative,Negative,Negative
177,TAAGACTCG,TAGGCCTCG,Positive,Positive,Positive,,No,Positive,,,,,Negative,Positive,No,,,,Positive,Positive,Positive,Positive,Positive,Positive,Positive,Positive,Positive,Positive,Positive,Positive
178,TAAGACTCG,TAGGGCTCG,Positive,Positive,Positive,Positive,Positive,Positive,Negative,,,,Negative,No,Single Sign,,,,Positive,Positive,Positive,Positive,Positive,Positive,Positive,Positive,Positive,Positive,Positive,Positive
179,TAAGACTCG,TAGGTCTCG,Positive,Positive,Positive,Positive,Positive,Positive,Positive,,,,Negative,No,No,,,,Positive,Positive,Positive,Positive,Positive,Positive,Positive,Positive,Positive,Positive,Positive,Positive
180,TACGACTCG,TAGCACTCG,Negative,Positive,Negative,Negative,Negative,Negative,Negative,,,,,,,Reciprocal Sign,Negative,Negative,No,Negative,No,Negative,Negative,Negative,Negative,Negative,Negative,Negative,Negative,Negative
181,TACGACTCG,TAGTACTCG,Negative,Positive,Negative,Positive,Negative,Negative,Negative,,,,,,,Positive,Positive,Positive,Positive,Negative,Positive,Negative,Negative,Negative,Negative,Negative,Negative,Negative,Negative,Negative
182,TACGACTCG,TAGAACTCG,Negative,Positive,Positive,Positive,Negative,Negative,No,,,,,,,Positive,Negative,Positive,Positive,Negative,Positive,Negative,Negative,Negative,Negative,Negative,Negative,Negative,Negative,Negative
183,TATGACTCG,TAGCACTCG,Negative,Positive,Negative,No,Negative,Negative,Negative,,,,,,,Positive,No,Negative,Negative,Negative,Negative,Negative,Negative,Negative,Negative,Negative,Negative,Negative,Negative,Negative
184,TATGACTCG,TAGTACTCG,Negative,Positive,Negative,Positive,Negative,Negative,Negative,,,,,,,Positive,Negative,Positive,Negative,Negative,Negative,Negative,Negative,Negative,Negative,Negative,Negative,Negative,Negative,Negative
185,TATGACTCG,TAGAACTCG,Negative,Negative,Negative,Negative,No,Negative,Negative,,,,,,,Positive,Negative,Positive,Positive,Negative,Negative,Negative,Negative,Negative,Negative,Negative,Negative,Negative,Negative,Negative
186,TAAGACTCG,TAGCACTCG,Positive,Positive,Positive,Negative,Negative,Positive,No,,,,,,,Positive,Reciprocal Sign,Positive,Positive,Positive,Positive,Positive,Positive,Positive,Positive,Positive,Positive,Positive,Positive,Positive
187,TAAGACTCG,TAGTACTCG,Positive,Positive,Positive,Positive,Negative,Positive,Negative,,,,,,,No,Positive,Positive,Positive,Positive,Positive,Positive,Positive,Positive,Positive,Positive,Positive,Positive,Positive,Positive
188,TAAGACTCG,TAGAACTCG,Positive,No,Positive,Positive,Positive,Positive,Positive,,,,,,,Positive,Reciprocal Sign,Positive,Positive,Positive,Positive,Positive,Positive,Positive,Positive,Positive,Positive,Positive,Positive,Positive
189,TCGGACTCG,TAGGACTCC,No,Single Sign,Positive,Positive,,,,Positive,Positive,Positive,Single Sign,Negative,Negative,Positive,Reciprocal Sign,,Positive,No,Positive,Negative,No,Positive,Negative,Negative,Negative,,,
190,TCGGACTCG,TAGGACTCT,Negative,Reciprocal Sign,Positive,Positive,,,,No,Negative,Positive,Reciprocal Sign,Negative,Negative,Single Sign,Negative,,Positive,Negative,Positive,Negative,Negative,No,Negative,Negative,Negative,,,
191,TCGGACTCG,TAGGACTCA,Positive,Positive,Negative,Positive,,,,Negative,Positive,Positive,Single Sign,Negative,Negative,No,Negative,,Positive,Negative,Negative,Negative,Negative,No,Negative,Negative,Negative,,,
192,TGGGACTCG,TAGGACTCC,No,Single Sign,Single Sign,No,,,,Reciprocal Sign,Single Sign,Reciprocal Sign,Negative,Reciprocal Sign,Reciprocal Sign,Positive,Single Sign,Positive,Positive,Negative,No,No,Negative,Positive,Negative,No,Positive,,,
193,TGGGACTCG,TAGGACTCT,Negative,Reciprocal Sign,Single Sign,Negative,,,,Positive,Positive,Single Sign,Negative,Reciprocal Sign,Reciprocal Sign,Positive,Negative,Positive,Negative,Negative,Negative,Negative,Negative,Reciprocal Sign,Negative,Negative,Positive,,,
194,TGGGACTCG,TAGGACTCA,Positive,Positive,Negative,Positive,,,,Positive,Negative,Positive,Negative,Positive,Reciprocal Sign,Reciprocal Sign,Single Sign,Positive,Positive,Positive,Positive,No,Negative,Positive,Negative,Negative,Positive,,,
195,TTGGACTCG,TAGGACTCC,No,No,Positive,Positive,,,,Single Sign,Negative,No,Reciprocal Sign,Single Sign,Negative,Positive,Reciprocal Sign,Positive,Positive,Negative,Positive,Negative,Negative,Positive,Negative,Positive,Negative,,,
196,TTGGACTCG,TAGGACTCT,Negative,Positive,Single Sign,No,,,,Negative,Negative,No,Single Sign,Single Sign,Negative,Positive,Reciprocal Sign,Positive,Positive,Negative,Positive,Negative,Negative,Positive,Negative,Positive,Negative,,,
197,TTGGACTCG,TAGGACTCA,Positive,Positive,Negative,Positive,,,,Negative,Negative,No,Negative,No,Reciprocal Sign,Positive,No,Positive,Positive,Negative,Positive,Negative,Negative,Single Sign,Negative,Negative,Negative,,,
198,TCGGACTCG,TAGGACTGG,Single Sign,Reciprocal Sign,Positive,Negative,,,,Positive,Negative,Negative,Positive,Positive,Negative,No,Single Sign,,Positive,Negative,Positive,Single Sign,No,Positive,,,,Negative,Positive,No
199,TCGGACTCG,TAGGACTTG,No,Positive,Positive,Positive,,,,Negative,Negative,Negative,Single Sign,Negative,Negative,Single Sign,Negative,,Negative,Negative,Negative,Positive,Negative,Positive,,,,Negative,Positive,Negative
200,TCGGACTCG,TAGGACTAG,Positive,Positive,Positive,Positive,,,,Negative,Negative,Negative,Positive,No,Reciprocal Sign,No,Reciprocal Sign,,No,Negative,Negative,No,Negative,Positive,,,,Negative,Positive,No
201,TGGGACTCG,TAGGACTGG,Positive,Reciprocal Sign,Single Sign,Single Sign,,,,Single Sign,Negative,Single Sign,Negative,Positive,Negative,Positive,Reciprocal Sign,Positive,Negative,Positive,Positive,Reciprocal Sign,Negative,Single Sign,,,,Positive,Positive,Positive
202,TGGGACTCG,TAGGACTTG,Reciprocal Sign,Positive,Positive,Negative,,,,Positive,Negative,Negative,Negative,Positive,Negative,Positive,Negative,Positive,Single Sign,Reciprocal Sign,Positive,Reciprocal Sign,Positive,Single Sign,,,,Reciprocal Sign,Reciprocal Sign,Reciprocal Sign
203,TGGGACTCG,TAGGACTAG,Positive,Positive,Negative,Negative,,,,Negative,Negative,Negative,Negative,Positive,Reciprocal Sign,Positive,Negative,Reciprocal Sign,Positive,Positive,Positive,Positive,Negative,Single Sign,,,,Positive,Positive,Positive
204,TTGGACTCG,TAGGACTGG,Single Sign,Positive,Single Sign,Reciprocal Sign,,,,Positive,Positive,Positive,Negative,Negative,Negative,Positive,Single Sign,Positive,Positive,Positive,Positive,Positive,Negative,Positive,,,,Negative,Positive,Positive
205,TTGGACTCG,TAGGACTTG,Positive,Positive,Positive,Positive,,,,Negative,Positive,Positive,Positive,Single Sign,Negative,Positive,Positive,Positive,Positive,Positive,Positive,Single Sign,Negative,Positive,,,,Negative,Single Sign,Single Sign
206,TTGGACTCG,TAGGACTAG,Positive,Positive,Negative,Positive,,,,Negative,Positive,Positive,Positive,No,Reciprocal Sign,Positive,Reciprocal Sign,Reciprocal Sign,Single Sign,Positive,Single Sign,Negative,Negative,Positive,,,,Negative,Positive,Positive
207,TCGGACTCG,TAGGACCCG,Negative,Negative,Positive,Positive,,,,Negative,Positive,Positive,Single Sign,Single Sign,,Negative,Negative,,Negative,Negative,Negative,,,,Positive,Negative,Positive,Negative,Positive,Negative
208,TCGGACTCG,TAGGACGCG,Single Sign,Single Sign,Positive,Positive,,,,No,Negative,No,Single Sign,Positive,Positive,Negative,Single Sign,,Positive,Single Sign,Single Sign,,,,Negative,Positive,No,Negative,Single Sign,Single Sign
209,TCGGACTCG,TAGGACACG,Positive,Single Sign,Positive,Positive,,,,Single Sign,Positive,Positive,Single Sign,Negative,Negative,Positive,Negative,,Positive,Positive,Positive,,,,Negative,Positive,Single Sign,Negative,No,No
210,TGGGACTCG,TAGGACCCG,Positive,Negative,Negative,Negative,,,,Reciprocal Sign,Negative,Positive,Negative,Positive,Reciprocal Sign,Reciprocal Sign,Single Sign,Positive,Positive,Positive,Positive,,,,Positive,Positive,Reciprocal Sign,Positive,Positive,Positive
211,TGGGACTCG,TAGGACGCG,Reciprocal Sign,No,Negative,Negative,,,,No,Negative,Positive,Negative,Positive,Positive,Negative,No,Reciprocal Sign,Positive,Reciprocal Sign,Positive,,,,Single Sign,Positive,Positive,Single Sign,Reciprocal Sign,Reciprocal Sign
212,TGGGACTCG,TAGGACACG,No,Single Sign,Negative,Negative,,,,Reciprocal Sign,Positive,Single Sign,Negative,Reciprocal Sign,Reciprocal Sign,Reciprocal Sign,Reciprocal Sign,,Negative,Positive,Negative,,,,Single Sign,Positive,Reciprocal Sign,Negative,No,No
213,TTGGACTCG,TAGGACCCG,Negative,Positive,Negative,Positive,,,,Negative,Positive,Positive,Reciprocal Sign,Single Sign,Negative,Positive,Reciprocal Sign,,No,Negative,Positive,,,,Positive,Positive,No,Negative,Positive,Negative
214,TTGGACTCG,TAGGACGCG,Single Sign,No,No,Single Sign,,,,Single Sign,Positive,Positive,Negative,Single Sign,Positive,Positive,Single Sign,Reciprocal Sign,Positive,Single Sign,Single Sign,,,,Negative,Positive,Positive,Positive,Single Sign,Single Sign
215,TTGGACTCG,TAGGACACG,Positive,Positive,Negative,Positive,,,,Single Sign,No,Positive,No,Single Sign,Reciprocal Sign,Positive,Single Sign,Reciprocal Sign,Negative,Positive,Negative,,,,Negative,Positive,No,Negative,Positive,Positive
216,TCGGACTCG,TAGGAGTCG,Single Sign,Negative,Negative,Negative,,,,Single Sign,Positive,Positive,Positive,Negative,Negative,Negative,Positive,,,,,Single Sign,Single Sign,Single Sign,Positive,Positive,Single Sign,Positive,Single Sign,Single Sign
217,TCGGACTCG,TAGGATTCG,Positive,No,Negative,Positive,,,,Single Sign,Positive,Positive,Single Sign,Single Sign,Reciprocal Sign,Negative,Negative,,,,,Positive,Single Sign,Single Sign,Positive,No,Negative,Single Sign,Positive,Positive
218,TCGGACTCG,TAGGAATCG,Positive,Negative,Negative,Positive,,,,Single Sign,Positive,Positive,Reciprocal Sign,No,Negative,Negative,Single Sign,,,,,Single Sign,Single Sign,Single Sign,Single Sign,Positive,Single Sign,Positive,Single Sign,Single Sign
219,TGGGACTCG,TAGGAGTCG,Negative,Negative,Negative,Negative,,,,Positive,Positive,Positive,Negative,Positive,Reciprocal Sign,Positive,Negative,Reciprocal Sign,,,,Negative,Negative,Positive,Negative,Negative,Negative,Negative,Negative,Negative
220,TGGGACTCG,TAGGATTCG,Negative,No,Negative,Negative,,,,Positive,Negative,Positive,Negative,Reciprocal Sign,Reciprocal Sign,Reciprocal Sign,Single Sign,Positive,,,,Negative,No,Reciprocal Sign,Negative,Negative,Negative,Negative,Negative,Negative
221,TGGGACTCG,TAGGAATCG,Negative,Negative,Negative,Negative,,,,No,Positive,Positive,Positive,Positive,No,Reciprocal Sign,Reciprocal Sign,Positive,,,,Negative,Negative,Positive,Negative,Negative,Negative,Positive,Negative,Positive
222,TTGGACTCG,TAGGAGTCG,Negative,Negative,Negative,Negative,,,,Negative,Positive,Positive,Reciprocal Sign,No,Reciprocal Sign,Positive,Positive,Positive,,,,Negative,Negative,Negative,Single Sign,Positive,Positive,Negative,Negative,Negative
223,TTGGACTCG,TAGGATTCG,Positive,Positive,Negative,No,,,,Single Sign,No,No,Positive,Negative,Negative,Reciprocal Sign,Reciprocal Sign,Positive,,,,Positive,Single Sign,Single Sign,Positive,Positive,Positive,Single Sign,Positive,Positive
224,TTGGACTCG,TAGGAATCG,Negative,Negative,Negative,Negative,,,,Negative,Positive,Positive,Single Sign,Positive,Negative,Positive,Single Sign,Negative,,,,Negative,Negative,Negative,Single Sign,Positive,Positive,Negative,Positive,Positive
225,TCGGACTCG,TAGGCCTCG,,,Positive,,,,,Negative,Positive,Positive,Reciprocal Sign,Single Sign,,,,,Negative,,,,Negative,No,Negative,Negative,Negative,Negative,Positive,Negative
226,TCGGACTCG,TAGGGCTCG,Negative,Positive,Positive,No,,,,Negative,Positive,Positive,Single Sign,Negative,No,,,,Negative,Negative,Negative,Negative,Negative,Negative,Negative,Negative,No,Negative,Negative,Negative
227,TCGGACTCG,TAGGTCTCG,Negative,Positive,Positive,Positive,,,,Negative,Positive,Positive,Single Sign,No,Negative,,,,Negative,Negative,Negative,Negative,Negative,Negative,Negative,Negative,Negative,Negative,No,Negative
228,TGGGACTCG,TAGGCCTCG,Positive,Positive,Negative,,,,,Negative,Negative,Positive,Negative,No,Negative,,,,Positive,Positive,Positive,,Negative,Positive,Positive,Negative,Negative,Positive,Positive,Positive
229,TGGGACTCG,TAGGGCTCG,Positive,Positive,Negative,Negative,,,,Positive,Negative,Positive,Negative,Reciprocal Sign,Single Sign,,,,Positive,Positive,Positive,Positive,Negative,Positive,Negative,Negative,Positive,Positive,No,Positive
230,TGGGACTCG,TAGGTCTCG,Positive,Positive,Negative,,,,,Positive,No,Positive,Negative,Positive,Positive,,,,Positive,Positive,Positive,Positive,Negative,Positive,Negative,Negative,Positive,Positive,Positive,Positive
231,TTGGACTCG,TAGGCCTCG,Negative,Positive,Negative,,,,,Negative,Positive,Positive,Negative,Positive,Negative,,,,Negative,Negative,No,Negative,Negative,,Negative,Negative,Negative,Negative,Positive,Negative
232,TTGGACTCG,TAGGGCTCG,Negative,Positive,Negative,Negative,,,,Negative,Positive,Positive,Negative,Single Sign,Negative,,,,Positive,Negative,Positive,Negative,Negative,Negative,Negative,Negative,Negative,Negative,Negative,Negative
233,TTGGACTCG,TAGGTCTCG,Negative,Positive,Negative,No,,,,Negative,Positive,Positive,Positive,No,Single Sign,,,,Negative,Negative,Negative,Negative,Negative,Negative,Negative,Negative,Negative,Negative,Negative,Negative
234,TCGGACTCG,TAGCACTCG,No,No,Positive,Positive,,,,Negative,Positive,Positive,,,,Positive,Positive,,Negative,Negative,Negative,Negative,Negative,,Negative,Negative,Negative,Negative,No,Negative
235,TCGGACTCG,TAGTACTCG,Negative,Positive,Positive,Positive,,,,Negative,Positive,Positive,,,,No,Negative,,Negative,Negative,Negative,Negative,Negative,Positive,Negative,Negative,Negative,Negative,Negative,Negative
236,TCGGACTCG,TAGAACTCG,Negative,Negative,Positive,Positive,,,,Reciprocal Sign,Positive,Positive,,,,Positive,Negative,,Negative,Negative,Negative,Negative,Negative,No,Negative,Negative,Negative,Negative,Positive,Negative
237,TGGGACTCG,TAGCACTCG,Positive,Positive,Negative,Negative,,,,Positive,Negative,Negative,,,,Positive,Reciprocal Sign,Positive,Positive,Positive,Positive,Positive,Negative,Positive,Negative,Negative,Positive,Positive,Positive,Positive
238,TGGGACTCG,TAGTACTCG,Positive,Positive,Negative,Negative,,,,Reciprocal Sign,Positive,Positive,,,,No,Single Sign,Positive,Positive,Positive,Positive,Positive,Negative,Positive,Negative,Negative,Positive,Positive,Positive,Positive
239,TGGGACTCG,TAGAACTCG,Positive,No,Negative,Negative,,,,No,Negative,Positive,,,,Positive,Reciprocal Sign,Positive,Positive,Positive,Positive,Positive,Negative,Positive,Negative,Negative,Positive,Positive,Positive,Positive
240,TTGGACTCG,TAGCACTCG,Negative,Positive,Negative,No,,,,Negative,Positive,Positive,,,,Reciprocal Sign,Single Sign,Positive,Negative,Negative,Negative,Negative,Negative,Negative,Negative,Negative,Negative,Negative,Negative,Negative
241,TTGGACTCG,TAGTACTCG,Negative,Positive,Negative,Positive,,,,Negative,Positive,Positive,,,,Positive,Positive,Positive,Negative,Negative,Negative,Negative,Negative,Negative,Negative,Negative,Negative,Negative,Negative,Negative
242,TTGGACTCG,TAGAACTCG,Negative,Positive,Negative,Positive,,,,Reciprocal Sign,Positive,Positive,,,,Positive,No,No,Positive,Negative,Negative,Negative,Negative,Negative,Negative,Negative,Negative,Negative,Negative,Negative
243,TCGGACTCG,TACGACTCG,Negative,Reciprocal Sign,Negative,,,,,,,,Positive,Positive,Negative,Negative,Negative,,Negative,Negative,Positive,Negative,Negative,Negative,Negative,Negative,Negative,Negative,Negative,Negative
244,TCGGACTCG,TATGACTCG,Negative,Reciprocal Sign,Negative,Positive,,,,,,,Negative,Negative,Reciprocal Sign,No,Reciprocal Sign,,Positive,Negative,Positive,Negative,Negative,Negative,Negative,Negative,Negative,Negative,Negative,Negative
245,TCGGACTCG,TAAGACTCG,Positive,Negative,No,Positive,,,,,,,Positive,Negative,Negative,Single Sign,Negative,,Single Sign,Positive,Positive,Positive,Positive,Positive,Positive,Positive,Positive,Positive,Positive,Positive
246,TGGGACTCG,TACGACTCG,Positive,Negative,Negative,Negative,,,,,,,Negative,Positive,Reciprocal Sign,Negative,Negative,Positive,Single Sign,Positive,Reciprocal Sign,Single Sign,Negative,Positive,Negative,Negative,Single Sign,Single Sign,Single Sign,Single Sign
247,TGGGACTCG,TATGACTCG,Single Sign,Negative,Negative,Negative,,,,,,,Negative,Reciprocal Sign,Reciprocal Sign,Reciprocal Sign,Negative,Positive,Single Sign,Positive,Single Sign,Single Sign,Negative,Positive,Negative,Negative,Single Sign,Single Sign,Single Sign,Single Sign
248,TGGGACTCG,TAAGACTCG,Positive,Positive,Positive,Positive,,,,,,,Negative,Reciprocal Sign,Negative,Positive,Reciprocal Sign,Positive,Positive,Positive,Positive,Positive,Negative,Positive,Negative,Negative,Positive,Positive,Positive,Positive
249,TTGGACTCG,TACGACTCG,Negative,Positive,Negative,No,,,,,,,Reciprocal Sign,No,Negative,Positive,Negative,Single Sign,Reciprocal Sign,Negative,Negative,Negative,Negative,Negative,Negative,Negative,Negative,Negative,Negative,Negative
250,TTGGACTCG,TATGACTCG,Negative,No,Negative,Positive,,,,,,,Negative,No,Reciprocal Sign,Positive,Reciprocal Sign,Negative,Reciprocal Sign,Negative,Reciprocal Sign,Negative,Negative,Negative,Negative,Negative,Negative,Negative,Negative,Negative
251,TTGGACTCG,TAAGACTCG,Single Sign,Negative,Positive,Positive,,,,,,,Negative,Negative,Negative,Positive,Single Sign,Positive,Single Sign,Positive,Positive,Positive,Positive,Positive,Positive,Positive,Positive,Positive,Positive,Single Sign
252,CAGGACTCG,TAGGACTCC,No,,,,Positive,Single Sign,Positive,Single Sign,Positive,Reciprocal Sign,No,Reciprocal Sign,Negative,Positive,Negative,,Positive,Positive,Positive,Negative,Negative,Single Sign,Positive,Positive,Negative,,,
253,CAGGACTCG,TAGGACTCT,No,,,,Single Sign,No,Single Sign,Single Sign,Positive,Single Sign,Negative,Positive,Reciprocal Sign,No,Negative,,Positive,Positive,Positive,Negative,Negative,Positive,Positive,Positive,Negative,,,
254,CAGGACTCG,TAGGACTCA,Negative,,,,Negative,Negative,Negative,Negative,No,No,Negative,Positive,Negative,No,Negative,,Positive,Negative,Negative,Negative,Negative,No,Negative,Negative,Negative,,,
255,GAGGACTCG,TAGGACTCC,Negative,,,,Negative,No,Positive,Positive,Negative,Positive,Negative,Negative,Reciprocal Sign,No,Negative,Negative,Positive,Negative,Positive,Negative,Negative,Positive,Negative,No,Negative,,,
256,GAGGACTCG,TAGGACTCT,Negative,,,,Single Sign,Positive,Single Sign,Negative,Negative,Negative,Single Sign,No,Negative,Negative,Negative,Positive,Positive,No,Positive,Negative,Negative,Positive,Negative,Negative,Negative,,,
257,GAGGACTCG,TAGGACTCA,Positive,,,,Negative,Negative,Negative,Positive,Positive,Positive,Negative,Reciprocal Sign,Negative,Positive,Reciprocal Sign,Positive,Positive,Positive,Positive,Negative,Negative,Positive,Negative,Negative,Negative,,,
258,AAGGACTCG,TAGGACTCC,Positive,,,,No,Single Sign,Positive,Single Sign,Single Sign,Reciprocal Sign,Negative,Positive,Single Sign,Positive,Single Sign,Positive,Positive,No,Positive,Negative,Negative,Positive,Positive,Positive,Negative,,,
259,AAGGACTCG,TAGGACTCT,Negative,,,,Single Sign,Positive,Single Sign,Single Sign,No,Single Sign,Negative,Positive,Negative,Positive,Single Sign,Positive,Positive,Positive,Positive,Negative,Negative,Positive,Positive,Positive,Negative,,,
260,AAGGACTCG,TAGGACTCA,Negative,,,,Negative,Negative,Negative,Negative,Negative,Positive,Negative,Reciprocal Sign,Single Sign,Positive,Single Sign,Positive,Negative,Negative,Negative,Negative,Negative,No,Negative,No,Negative,,,
261,CAGGACTCG,TAGGACTGG,No,,,,No,Negative,Reciprocal Sign,Negative,Negative,Negative,Negative,Positive,No,Positive,Positive,,Positive,Positive,Positive,Negative,Negative,Positive,,,,Negative,Negative,Negative
262,CAGGACTCG,TAGGACTTG,Negative,,,,Positive,Negative,Positive,Negative,Negative,Negative,Negative,Positive,Reciprocal Sign,Negative,Negative,,Positive,Negative,Positive,Positive,Negative,Positive,,,,Negative,No,Negative
263,CAGGACTCG,TAGGACTAG,Negative,,,,Negative,Negative,Positive,Negative,Negative,Negative,No,Positive,Negative,Negative,Reciprocal Sign,,Single Sign,Negative,Positive,Negative,Negative,Positive,,,,Negative,Negative,No
264,GAGGACTCG,TAGGACTGG,No,,,,Negative,Negative,Negative,Positive,Negative,Negative,Negative,Positive,Reciprocal Sign,No,Positive,Negative,Positive,Negative,Positive,Positive,Negative,Positive,,,,Negative,Positive,Negative
265,GAGGACTCG,TAGGACTTG,Negative,,,,Negative,Negative,Positive,Negative,Negative,Negative,No,Positive,Negative,Negative,No,Negative,Positive,Negative,Positive,Negative,No,Positive,,,,Negative,Negative,Negative
266,GAGGACTCG,TAGGACTAG,Negative,,,,Negative,Negative,No,Negative,Negative,Negative,No,Reciprocal Sign,Negative,Negative,Reciprocal Sign,Positive,Negative,Negative,Negative,Negative,Negative,Positive,,,,Negative,No,Negative
267,AAGGACTCG,TAGGACTGG,Negative,,,,Negative,Positive,Negative,No,Negative,Single Sign,Negative,Positive,Negative,Positive,Reciprocal Sign,Positive,Positive,Positive,Positive,Negative,Negative,Positive,,,,Negative,Negative,Negative
268,AAGGACTCG,TAGGACTTG,Negative,,,,Negative,Negative,Negative,Negative,Negative,Negative,Negative,Positive,No,Positive,Positive,Positive,No,Negative,Negative,Positive,Negative,Positive,,,,Negative,Positive,Negative
269,AAGGACTCG,TAGGACTAG,Negative,,,,Negative,Negative,Negative,Negative,Negative,Negative,Negative,Positive,Single Sign,Reciprocal Sign,No,Positive,Negative,Negative,Negative,Negative,Negative,Positive,,,,Negative,No,No
270,CAGGACTCG,TAGGACCCG,Negative,,,,Negative,Negative,Positive,Negative,Positive,Positive,Negative,Reciprocal Sign,Positive,Single Sign,Positive,,Negative,Negative,Negative,,,,Positive,Negative,Positive,Negative,Negative,Negative
271,CAGGACTCG,TAGGACGCG,Single Sign,,,,Negative,Negative,Positive,Single Sign,Negative,Negative,Negative,Positive,Single Sign,Negative,Negative,,Positive,Positive,Single Sign,,,,Negative,Positive,No,Positive,Negative,Negative
272,CAGGACTCG,TAGGACACG,Positive,,,,Negative,Positive,Positive,Single Sign,Positive,Single Sign,Negative,Positive,Reciprocal Sign,,Negative,,Positive,Positive,Positive,,,,Negative,Positive,Single Sign,Positive,Positive,No
273,GAGGACTCG,TAGGACCCG,Negative,,,,Negative,Negative,Positive,Negative,Positive,Positive,No,Negative,Positive,Negative,No,Positive,Negative,Negative,Negative,,,,Positive,Positive,Single Sign,Negative,Positive,Negative
274,GAGGACTCG,TAGGACGCG,Single Sign,,,,Negative,Negative,No,Single Sign,Negative,Negative,Positive,Positive,Positive,Negative,Negative,Positive,No,Positive,Single Sign,,,,Negative,Positive,Negative,Negative,Single Sign,No
275,GAGGACTCG,TAGGACACG,Positive,,,,Negative,No,Positive,Single Sign,Positive,Positive,Negative,Reciprocal Sign,Negative,Positive,Negative,Negative,Positive,Positive,Positive,,,,Negative,Positive,Single Sign,Negative,Positive,Positive
276,AAGGACTCG,TAGGACCCG,Negative,,,,Negative,Negative,Negative,Negative,Negative,No,Negative,Positive,No,Reciprocal Sign,Single Sign,Positive,Negative,Negative,Negative,,,,Positive,Positive,Negative,Negative,Negative,Negative
277,AAGGACTCG,TAGGACGCG,Single Sign,,,,Negative,Negative,No,Single Sign,Negative,Negative,Negative,Positive,Positive,Reciprocal Sign,Positive,Negative,Positive,Single Sign,Single Sign,,,,Negative,Positive,Single Sign,Positive,Positive,No
278,AAGGACTCG,TAGGACACG,No,,,,Negative,Positive,No,Single Sign,Negative,Positive,Negative,Positive,Single Sign,Positive,No,Positive,Positive,No,Positive,,,,Negative,Positive,Negative,Positive,No,Negative
279,CAGGACTCG,TAGGAGTCG,Negative,,,,Negative,Negative,Reciprocal Sign,Negative,Positive,Positive,Reciprocal Sign,Positive,Reciprocal Sign,No,Reciprocal Sign,,,,,Negative,Negative,Negative,Negative,Positive,No,Negative,Negative,No
280,CAGGACTCG,TAGGATTCG,Negative,,,,Negative,No,Negative,No,No,No,Reciprocal Sign,Positive,Reciprocal Sign,Positive,Negative,,,,,Negative,Negative,No,Positive,No,Positive,Single Sign,Positive,Positive
281,CAGGACTCG,TAGGAATCG,Negative,,,,Negative,Negative,Negative,Negative,Positive,Positive,Positive,Positive,Negative,Positive,Negative,,,,,No,Negative,Negative,No,Positive,Positive,Negative,No,Positive
282,GAGGACTCG,TAGGAGTCG,Negative,,,,Negative,Negative,Reciprocal Sign,Negative,Positive,Positive,Negative,Negative,Negative,Negative,Negative,No,,,,Negative,Negative,Negative,Negative,Positive,Negative,Negative,Single Sign,Positive
283,GAGGACTCG,TAGGATTCG,Positive,,,,Negative,No,Reciprocal Sign,Single Sign,Positive,Positive,No,Positive,Negative,Positive,Reciprocal Sign,Single Sign,,,,Positive,Single Sign,Positive,Positive,Positive,No,Single Sign,Positive,Positive
284,GAGGACTCG,TAGGAATCG,Negative,,,,Negative,Negative,Negative,Negative,Positive,Positive,Single Sign,No,Negative,No,Negative,Single Sign,,,,No,Negative,Negative,No,Positive,Positive,Negative,Positive,Positive
285,AAGGACTCG,TAGGAGTCG,Negative,,,,Negative,Negative,Negative,Negative,Positive,Positive,Negative,Negative,Negative,Positive,No,Positive,,,,Negative,Negative,Negative,Negative,No,Positive,Negative,No,Negative
286,AAGGACTCG,TAGGATTCG,Negative,,,,Negative,Positive,Negative,Single Sign,No,Positive,Reciprocal Sign,Positive,Negative,Positive,Single Sign,Positive,,,,No,No,Single Sign,No,Positive,Positive,Single Sign,Positive,Negative
287,AAGGACTCG,TAGGAATCG,Negative,,,,Negative,Negative,Negative,Negative,Positive,Positive,Positive,Positive,Reciprocal Sign,No,Reciprocal Sign,Positive,,,,Single Sign,Negative,Negative,Single Sign,Positive,Positive,Negative,Positive,Positive
288,CAGGACTCG,TAGGCCTCG,,,,,Negative,,,Negative,No,Negative,Negative,Reciprocal Sign,Single Sign,,,,Negative,Negative,Negative,,,,Negative,Negative,Negative,Negative,Negative,Negative
289,CAGGACTCG,TAGGGCTCG,Negative,,,,Negative,Negative,Negative,Negative,Positive,,Negative,Reciprocal Sign,Negative,,,,Negative,Negative,Negative,Negative,Negative,Negative,Negative,Negative,Negative,Negative,Negative,Negative
290,CAGGACTCG,TAGGTCTCG,Negative,,,,Negative,,Negative,Negative,Negative,Positive,,Negative,No,,,,Negative,Negative,Negative,,Negative,Negative,Negative,Negative,Negative,Negative,Negative,Negative
291,GAGGACTCG,TAGGCCTCG,Negative,,,,Negative,Negative,,Negative,Positive,Positive,No,Negative,Negative,,,,Negative,Negative,Negative,Negative,Negative,Negative,Negative,Negative,Negative,Negative,Negative,Negative
292,GAGGACTCG,TAGGGCTCG,Negative,,,,Negative,Negative,Negative,Negative,Positive,Positive,No,Positive,Single Sign,,,,Negative,Negative,Negative,Negative,Negative,Negative,Negative,Negative,Negative,Negative,Negative,Negative
293,GAGGACTCG,TAGGTCTCG,Negative,,,,Negative,Negative,Negative,Negative,Positive,Positive,No,Reciprocal Sign,Positive,,,,Negative,Negative,Negative,Negative,Negative,Negative,Negative,Negative,Negative,Negative,Negative,Negative
294,AAGGACTCG,TAGGCCTCG,Negative,,,,Negative,Negative,,Negative,Negative,No,Negative,Positive,Reciprocal Sign,,,,Negative,Negative,Negative,Negative,Negative,Negative,Negative,Negative,Negative,Negative,Negative,Negative
295,AAGGACTCG,TAGGGCTCG,Negative,,,,Negative,Negative,Negative,Negative,Negative,Negative,Negative,Reciprocal Sign,Reciprocal Sign,,,,Negative,Negative,Negative,Negative,Negative,Negative,Negative,Negative,Negative,Negative,Negative,Negative
296,AAGGACTCG,TAGGTCTCG,Negative,,,,Negative,Negative,Negative,Negative,Negative,Negative,Reciprocal Sign,Positive,Positive,,,,Negative,Negative,Negative,Negative,Negative,Negative,Negative,Negative,Negative,Negative,Negative,Negative
297,CAGGACTCG,TAGCACTCG,Negative,,,,Negative,Negative,Negative,Negative,Positive,Negative,,,,Positive,Negative,,Negative,Negative,Negative,Negative,Negative,Negative,Negative,Negative,Negative,Negative,Negative,Negative
298,CAGGACTCG,TAGTACTCG,Negative,,,,Negative,Negative,Negative,Negative,Positive,Positive,,,,Negative,Negative,,Negative,Negative,Negative,Negative,Negative,Negative,Negative,Negative,Negative,Negative,Negative,Negative
299,CAGGACTCG,TAGAACTCG,Negative,,,,Negative,Negative,Positive,Reciprocal Sign,No,Positive,,,,,Negative,,Negative,Negative,Negative,Negative,Negative,Negative,Negative,Negative,Negative,Negative,Negative,Negative
300,GAGGACTCG,TAGCACTCG,Negative,,,,Negative,Negative,Negative,Negative,Positive,Positive,,,,Positive,No,Negative,Negative,Negative,Negative,Negative,Negative,Negative,Negative,Negative,Negative,Negative,Negative,Negative
301,GAGGACTCG,TAGTACTCG,Negative,,,,Negative,Negative,Positive,Negative,Positive,Positive,,,,No,Negative,Negative,Negative,Negative,Negative,Negative,Negative,Negative,Negative,Negative,Negative,Negative,Negative,Negative
302,GAGGACTCG,TAGAACTCG,Negative,,,,Negative,Negative,Positive,Reciprocal Sign,Positive,Positive,,,,No,Negative,Positive,Negative,Negative,Negative,Negative,Negative,Negative,Negative,Negative,Negative,Negative,No,Negative
303,AAGGACTCG,TAGCACTCG,Negative,,,,Negative,Negative,Negative,Negative,Negative,Negative,,,,Positive,Reciprocal Sign,Reciprocal Sign,Negative,Negative,Negative,Negative,Negative,Negative,Negative,Negative,Negative,Negative,Negative,Negative
304,AAGGACTCG,TAGTACTCG,Negative,,,,Negative,Negative,Negative,Negative,Negative,Positive,,,,Positive,Single Sign,No,Negative,Negative,Negative,Negative,Negative,Negative,Negative,Negative,Negative,Negative,Negative,Negative
305,AAGGACTCG,TAGAACTCG,Negative,,,,Negative,Negative,Negative,Reciprocal Sign,Negative,Negative,,,,No,Reciprocal Sign,Positive,Negative,Negative,Negative,Negative,Negative,Negative,Negative,Negative,Negative,Negative,Negative,Negative
306,CAGGACTCG,TACGACTCG,Negative,,,,Negative,Negative,,,,,Negative,Positive,Reciprocal Sign,Negative,,,Negative,Negative,Negative,Negative,Negative,Negative,Negative,Negative,Negative,Negative,Negative,Negative
307,CAGGACTCG,TATGACTCG,Negative,,,,Negative,Negative,No,,,,Negative,No,Reciprocal Sign,Negative,Negative,,Negative,Negative,Negative,Negative,Negative,Negative,Negative,Negative,Negative,Negative,Negative,Negative
308,CAGGACTCG,TAAGACTCG,Positive,,,,Negative,Positive,Positive,,,,Negative,Reciprocal Sign,Reciprocal Sign,No,No,,Single Sign,Positive,Single Sign,Positive,Positive,Positive,Single Sign,Positive,Positive,Positive,Positive,Positive
309,GAGGACTCG,TACGACTCG,Negative,,,,Negative,Negative,Reciprocal Sign,,,,Negative,No,Reciprocal Sign,Negative,Reciprocal Sign,Reciprocal Sign,Positive,Negative,Single Sign,Negative,Negative,Negative,Negative,Negative,Negative,Negative,Negative,Negative
310,GAGGACTCG,TATGACTCG,Negative,,,,Negative,Negative,Negative,,,,Negative,Negative,Negative,Negative,Negative,Reciprocal Sign,Positive,Negative,Positive,Negative,Negative,Negative,Negative,Negative,Negative,Negative,Negative,Negative
311,GAGGACTCG,TAAGACTCG,Positive,,,,Negative,Positive,Negative,,,,Negative,Reciprocal Sign,Negative,Negative,Positive,Negative,Positive,Positive,Positive,Positive,Positive,Single Sign,Positive,Positive,Positive,Positive,Positive,Positive
312,AAGGACTCG,TACGACTCG,Negative,,,,Negative,Negative,Negative,,,,Negative,Positive,Negative,Negative,Negative,No,Negative,Negative,Negative,Negative,Negative,Negative,Negative,Negative,Negative,Negative,Negative,Negative
313,AAGGACTCG,TATGACTCG,Negative,,,,Negative,Negative,Negative,,,,Negative,Positive,Negative,Positive,Single Sign,No,Negative,Negative,Negative,Negative,Negative,Negative,Negative,Negative,Negative,Negative,Negative,Negative
314,AAGGACTCG,TAAGACTCG,Positive,,,,Negative,Positive,Negative,,,,Negative,Positive,Negative,Positive,Reciprocal Sign,Reciprocal Sign,Positive,Positive,Positive,Single Sign,Positive,Single Sign,Single Sign,Single Sign,Single Sign,Positive,Single Sign,Positive
315,CAGGACTCG,TCGGACTCG,Negative,,,,,,,Negative,Positive,,Single Sign,Positive,Negative,Reciprocal Sign,Reciprocal Sign,,Reciprocal Sign,Negative,Reciprocal Sign,Negative,Negative,Positive,Negative,Negative,Negative,Negative,Negative,Negative
316,CAGGACTCG,TGGGACTCG,Single Sign,,,,,,,Single Sign,Positive,Positive,Negative,Reciprocal Sign,Negative,,Negative,,Single Sign,Single Sign,Single Sign,Single Sign,Negative,Single Sign,Negative,Negative,Single Sign,Single Sign,Single Sign,Single Sign
317,CAGGACTCG,TTGGACTCG,Negative,,,,,,,Negative,Positive,Positive,Negative,Single Sign,Reciprocal Sign,Positive,Negative,,Negative,Negative,Reciprocal Sign,Negative,Negative,Negative,Negative,Negative,Negative,Negative,Negative,Negative
318,GAGGACTCG,TCGGACTCG,Negative,,,,,,,Negative,Positive,Negative,Single Sign,Single Sign,Reciprocal Sign,Reciprocal Sign,Reciprocal Sign,,Negative,Negative,Reciprocal Sign,Negative,Negative,Positive,Negative,No,Negative,Negative,Positive,Negative
319,GAGGACTCG,TGGGACTCG,Single Sign,,,,,,,Single Sign,Positive,Positive,Negative,Positive,Reciprocal Sign,Negative,Negative,Positive,Positive,Single Sign,Positive,Single Sign,Negative,Single Sign,Negative,Negative,Single Sign,Single Sign,Single Sign,Single Sign
320,GAGGACTCG,TTGGACTCG,Positive,,,,,,,Negative,Reciprocal Sign,Positive,Negative,No,Negative,Positive,Negative,Single Sign,Negative,Negative,Reciprocal Sign,Negative,Negative,Negative,Negative,Positive,Negative,Negative,Positive,Positive
321,AAGGACTCG,TCGGACTCG,Negative,,,,,,,Negative,Single Sign,Reciprocal Sign,Negative,Positive,Negative,Positive,Negative,,Negative,Negative,Negative,Negative,Negative,Negative,Negative,Negative,Negative,Negative,Positive,Negative
322,AAGGACTCG,TGGGACTCG,Positive,,,,,,,Single Sign,Reciprocal Sign,No,Negative,Positive,Negative,Reciprocal Sign,Reciprocal Sign,Positive,Positive,Positive,Positive,Single Sign,Negative,Negative,Negative,Negative,Single Sign,Single Sign,Single Sign,Single Sign
323,AAGGACTCG,TTGGACTCG,Negative,,,,,,,Negative,No,Positive,Negative,No,Single Sign,Positive,Positive,Reciprocal Sign,Negative,Negative,Negative,Negative,Negative,Negative,Negative,Negative,Negative,Negative,Negative,Negative
