,Mutant_A,Mutant_B,NM,AGCGAGAGG,TGCGAGAGG,GGCGAGAGG,CACGAGAGG,CTCGAGAGG,CCCGAGAGG,CGAGAGAGG,CGTGAGAGG,CGGGAGAGG,CGCAAGAGG,CGCTAGAGG,CGCCAGAGG,CGCGTGAGG,CGCGGGAGG,CGCGCGAGG,CGCGAAAGG,CGCGATAGG,CGCGACAGG,CGCGAGTGG,CGCGAGGGG,CGCGAGCGG,CGCGAGAAG,CGCGAGATG,CGCGAGACG,CGCGAGAGA,CGCGAGAGT,CGCGAGAGC
0,CGCGAGACG,CGCGAGAGC,Negative,Negative,Negative,Negative,Negative,Positive,Negative,Negative,Negative,Negative,Single Sign,No,Negative,Negative,Negative,Reciprocal Sign,Negative,Negative,Negative,Positive,Single Sign,Negative,,,,,,
1,CGCGAGACG,CGCGAGAGT,Negative,Negative,Negative,Negative,Negative,Negative,Negative,Negative,Negative,Negative,Positive,No,Reciprocal Sign,Negative,Negative,Single Sign,Negative,Negative,Negative,Positive,Single Sign,Negative,,,,,,
2,CGCGAGACG,CGCGAGAGA,Negative,Negative,Negative,Negative,Negative,Negative,Negative,Negative,Negative,Negative,Single Sign,Negative,No,Positive,Negative,No,Negative,Negative,Negative,Positive,Positive,Negative,,,,,,
3,CGCGAGATG,CGCGAGAGC,Negative,Negative,Negative,Negative,Negative,Negative,Negative,Negative,Negative,Negative,Reciprocal Sign,Single Sign,Reciprocal Sign,Negative,Negative,Positive,Negative,Reciprocal Sign,Reciprocal Sign,Single Sign,Single Sign,Negative,,,,,,
4,CGCGAGATG,CGCGAGAGT,Negative,Negative,Negative,Negative,Negative,Negative,Negative,Negative,Negative,Negative,Negative,Negative,Negative,Single Sign,Negative,Positive,Negative,Reciprocal Sign,Reciprocal Sign,Single Sign,No,Negative,,,,,,
5,CGCGAGATG,CGCGAGAGA,Negative,Negative,Negative,Negative,Negative,Negative,Negative,Negative,Negative,Negative,Negative,No,Negative,Single Sign,Negative,Positive,Negative,Reciprocal Sign,Negative,Positive,Single Sign,No,,,,,,
6,CGCGAGAAG,CGCGAGAGC,Negative,Negative,Negative,Reciprocal Sign,Negative,Negative,Reciprocal Sign,Negative,Negative,Negative,Single Sign,Positive,Negative,Negative,Negative,Negative,Negative,Positive,Positive,Reciprocal Sign,Negative,Negative,,,,,,
7,CGCGAGAAG,CGCGAGAGT,Negative,Negative,Negative,Reciprocal Sign,Negative,Negative,Reciprocal Sign,Negative,Negative,Negative,Negative,Reciprocal Sign,Negative,Negative,No,Positive,Negative,Positive,Positive,Reciprocal Sign,Negative,Negative,,,,,,
8,CGCGAGAAG,CGCGAGAGA,No,Positive,Positive,Negative,Negative,Negative,No,Negative,Negative,Negative,Negative,Reciprocal Sign,No,Negative,Positive,Reciprocal Sign,Negative,No,Positive,Positive,Positive,No,,,,,,
9,CGCGAGCGG,CGCGAGAGC,Negative,Negative,Reciprocal Sign,Negative,Negative,Single Sign,Negative,Negative,Negative,Negative,Positive,Positive,Negative,No,Single Sign,Positive,Negative,Negative,Negative,,,,Negative,Positive,Negative,,,
10,CGCGAGCGG,CGCGAGAGT,Negative,Negative,Reciprocal Sign,Negative,Negative,Single Sign,Negative,Negative,Negative,Negative,Single Sign,Positive,Negative,Reciprocal Sign,Single Sign,Positive,Negative,Negative,Negative,,,,Negative,Positive,Negative,,,
11,CGCGAGCGG,CGCGAGAGA,No,No,Positive,Positive,No,Reciprocal Sign,No,No,Single Sign,No,No,Positive,Single Sign,Positive,Negative,Positive,Single Sign,Negative,Reciprocal Sign,,,,No,Positive,Positive,,,
12,CGCGAGGGG,CGCGAGAGC,Negative,Negative,Negative,Negative,Negative,Positive,Negative,Negative,Negative,Negative,Positive,Negative,Negative,Negative,Negative,Reciprocal Sign,Negative,Negative,Negative,,,,Reciprocal Sign,Positive,Negative,,,
13,CGCGAGGGG,CGCGAGAGT,Negative,Negative,Negative,Negative,Negative,Positive,Negative,Negative,Negative,Negative,Positive,Negative,Negative,Negative,Single Sign,Negative,Negative,Negative,Negative,,,,Reciprocal Sign,Positive,Positive,,,
14,CGCGAGGGG,CGCGAGAGA,Negative,Negative,Positive,Positive,No,Negative,Reciprocal Sign,No,Single Sign,No,Negative,Single Sign,Positive,Negative,Single Sign,Positive,Negative,No,Positive,,,,Negative,Positive,Positive,,,
15,CGCGAGTGG,CGCGAGAGC,Negative,Negative,Negative,Negative,Negative,Negative,Negative,Negative,Negative,Negative,Negative,Reciprocal Sign,Negative,Negative,Negative,Reciprocal Sign,Negative,Negative,Negative,,,,Positive,Positive,Positive,,,
16,CGCGAGTGG,CGCGAGAGT,Negative,Negative,Negative,Negative,Negative,Negative,Negative,Negative,Negative,Negative,Negative,No,Negative,No,Negative,Negative,Negative,Negative,Negative,,,,Positive,Positive,Positive,,,
17,CGCGAGTGG,CGCGAGAGA,Reciprocal Sign,Negative,Negative,Reciprocal Sign,Negative,Reciprocal Sign,Negative,Reciprocal Sign,Negative,Reciprocal Sign,Negative,No,Negative,Negative,No,Positive,Reciprocal Sign,Reciprocal Sign,Negative,,,,Reciprocal Sign,Positive,Positive,,,
18,CGCGAGCGG,CGCGAGACG,Reciprocal Sign,Reciprocal Sign,Reciprocal Sign,Negative,Reciprocal Sign,Negative,Negative,Reciprocal Sign,Reciprocal Sign,Reciprocal Sign,Reciprocal Sign,No,Single Sign,Positive,Negative,Negative,Negative,Negative,,,,,,,,Reciprocal Sign,Negative,Negative
19,CGCGAGCGG,CGCGAGATG,Negative,Negative,Negative,Negative,Negative,Negative,Negative,Negative,Negative,Negative,Single Sign,Single Sign,No,Single Sign,Negative,Positive,Negative,Negative,Negative,,,,,,,Positive,Single Sign,Single Sign
20,CGCGAGCGG,CGCGAGAAG,Single Sign,Single Sign,Single Sign,Single Sign,Single Sign,Single Sign,Single Sign,Single Sign,Single Sign,Single Sign,Reciprocal Sign,Positive,Reciprocal Sign,Positive,Single Sign,Reciprocal Sign,Reciprocal Sign,Reciprocal Sign,Reciprocal Sign,,,,,,,Single Sign,Positive,Positive
21,CGCGAGGGG,CGCGAGACG,Negative,Negative,No,Negative,Single Sign,Reciprocal Sign,Negative,Negative,Positive,Negative,Single Sign,Reciprocal Sign,Positive,Positive,Negative,Negative,Negative,Negative,Negative,,,,,,,Positive,Single Sign,Positive
22,CGCGAGGGG,CGCGAGATG,Negative,Negative,Negative,Negative,No,Positive,Negative,Negative,Negative,Negative,Negative,Positive,Negative,Negative,No,Negative,Negative,Negative,Negative,,,,,,,Positive,Single Sign,Single Sign
23,CGCGAGGGG,CGCGAGAAG,Negative,Negative,Negative,Reciprocal Sign,No,Positive,Negative,Negative,Negative,Negative,Single Sign,Negative,Single Sign,Negative,Single Sign,Negative,Negative,No,No,,,,,,,Negative,Positive,Positive
24,CGCGAGTGG,CGCGAGACG,Negative,Negative,Negative,Negative,Negative,Negative,Negative,Negative,Negative,Negative,Negative,Single Sign,No,Positive,Negative,Reciprocal Sign,Reciprocal Sign,Negative,Negative,,,,,,,Positive,No,No
25,CGCGAGTGG,CGCGAGATG,Negative,Negative,Negative,Negative,Negative,Negative,Negative,Negative,Negative,Negative,Reciprocal Sign,No,Negative,Negative,Negative,Negative,Negative,Reciprocal Sign,Reciprocal Sign,,,,,,,Single Sign,Single Sign,Single Sign
26,CGCGAGTGG,CGCGAGAAG,Negative,Negative,Negative,Reciprocal Sign,Positive,Positive,Positive,Negative,Negative,Negative,No,Reciprocal Sign,No,Reciprocal Sign,Positive,Negative,Negative,Positive,Negative,,,,,,,Positive,Reciprocal Sign,Reciprocal Sign
27,CGCGACAGG,CGCGAGAGC,Negative,Negative,Negative,,Positive,Single Sign,Positive,Negative,Negative,Negative,Reciprocal Sign,Negative,No,Negative,,Negative,,,,Negative,Single Sign,Negative,Positive,Negative,Negative,,,
28,CGCGACAGG,CGCGAGAGT,Negative,Negative,Negative,,Negative,Single Sign,Positive,Negative,Negative,Negative,Positive,No,Negative,Negative,,Reciprocal Sign,,,,Negative,Positive,Positive,Positive,Positive,Positive,,,
29,CGCGACAGG,CGCGAGAGA,Negative,Negative,Negative,,Negative,Negative,Single Sign,Negative,Negative,No,No,No,No,Negative,,Reciprocal Sign,,,,Negative,Negative,Positive,No,No,No,,,
30,CGCGATAGG,CGCGAGAGC,Negative,Negative,Negative,Negative,Positive,Single Sign,Negative,Negative,Negative,Negative,No,Positive,Single Sign,Negative,Negative,Positive,,,,Single Sign,Single Sign,Positive,Positive,Positive,Positive,,,
31,CGCGATAGG,CGCGAGAGT,Positive,Negative,Negative,Negative,No,Single Sign,Negative,Negative,Negative,Negative,Negative,Positive,Negative,Reciprocal Sign,Negative,No,,,,Positive,Single Sign,Negative,Positive,Positive,Positive,,,
32,CGCGATAGG,CGCGAGAGA,No,Single Sign,No,Positive,Single Sign,Negative,Negative,Negative,No,Negative,Negative,Positive,No,Negative,Negative,Positive,,,,No,Single Sign,Negative,No,Negative,Positive,,,
33,CGCGAAAGG,CGCGAGAGC,Single Sign,Negative,Positive,Negative,Positive,Positive,Positive,Single Sign,Positive,Single Sign,No,Positive,Negative,No,Negative,Positive,,,,Positive,Reciprocal Sign,Positive,Negative,Positive,Negative,,,
34,CGCGAAAGG,CGCGAGAGT,Single Sign,Positive,Positive,No,Positive,Positive,Positive,Single Sign,Positive,Single Sign,Positive,No,Negative,Single Sign,No,Positive,,,,Positive,Positive,No,Negative,Positive,Positive,,,
35,CGCGAAAGG,CGCGAGAGA,Single Sign,Single Sign,Positive,No,No,No,Negative,Negative,Single Sign,Single Sign,Negative,Negative,Negative,Single Sign,Negative,Positive,,,,Positive,Positive,Single Sign,No,Positive,Negative,,,
36,CGCGACAGG,CGCGAGACG,Negative,Negative,Negative,,Negative,Single Sign,Negative,Negative,Negative,Negative,No,No,Positive,Positive,,,,,,Positive,Negative,,,,,No,Positive,Negative
37,CGCGACAGG,CGCGAGATG,Negative,Negative,Negative,,,Negative,Negative,Negative,Negative,Negative,Negative,Reciprocal Sign,No,Reciprocal Sign,,Positive,,,,Reciprocal Sign,Negative,Negative,,,,Negative,Reciprocal Sign,Reciprocal Sign
38,CGCGACAGG,CGCGAGAAG,Negative,Negative,Negative,,Negative,Negative,Negative,Negative,Negative,Negative,Single Sign,No,Single Sign,Reciprocal Sign,,Negative,,,,Negative,Negative,Negative,,,,Negative,Positive,Positive
39,CGCGATAGG,CGCGAGACG,Negative,Negative,Negative,Negative,Negative,Single Sign,Negative,Negative,Negative,Negative,Positive,Single Sign,Single Sign,No,Negative,Negative,,,,Positive,Negative,Negative,,,,Negative,Negative,Negative
40,CGCGATAGG,CGCGAGATG,Negative,Negative,Negative,Negative,Negative,Negative,Negative,Negative,Negative,Negative,Negative,No,Negative,Single Sign,Negative,Positive,,,,Reciprocal Sign,Negative,Reciprocal Sign,,,,Negative,Reciprocal Sign,Reciprocal Sign
41,CGCGATAGG,CGCGAGAAG,Negative,Negative,Negative,Negative,Negative,Negative,Negative,Negative,Negative,Negative,Negative,Positive,Reciprocal Sign,Negative,Positive,Negative,,,,Negative,Negative,Negative,,,,Negative,Positive,Positive
42,CGCGAAAGG,CGCGAGACG,Single Sign,No,Positive,No,Negative,No,Negative,No,Positive,Single Sign,Positive,Reciprocal Sign,Negative,Positive,Negative,Positive,,,,Negative,No,Negative,,,,No,Positive,Negative
43,CGCGAAAGG,CGCGAGATG,Single Sign,Negative,Positive,No,Negative,No,Positive,No,Positive,Single Sign,Negative,Reciprocal Sign,Negative,Positive,Negative,Positive,,,,Negative,Single Sign,Positive,,,,Positive,Positive,Positive
44,CGCGAAAGG,CGCGAGAAG,Positive,Positive,No,Negative,Negative,Negative,Reciprocal Sign,Positive,No,Negative,Single Sign,Negative,Single Sign,Negative,Negative,Positive,,,,Positive,Positive,Negative,,,,Positive,Negative,Negative
45,CGCGACAGG,CGCGAGCGG,Negative,Negative,Negative,,Negative,Negative,Single Sign,No,Negative,Negative,Single Sign,Negative,No,Single Sign,,Positive,,,,,,,Negative,Negative,,Positive,Positive,Negative
46,CGCGACAGG,CGCGAGGGG,Positive,Negative,Single Sign,,Positive,Positive,Single Sign,Positive,Positive,Positive,Positive,Reciprocal Sign,Positive,Negative,,Negative,,,,,,,Positive,Positive,Negative,Positive,Positive,Positive
47,CGCGACAGG,CGCGAGTGG,Negative,Negative,Negative,,Negative,Negative,Positive,Negative,Negative,Negative,Reciprocal Sign,No,No,Negative,,Negative,,,,,,,No,Negative,Positive,Negative,Negative,Negative
48,CGCGATAGG,CGCGAGCGG,Negative,Negative,Negative,Negative,Negative,Negative,Negative,Negative,Negative,Negative,Single Sign,Positive,Reciprocal Sign,Reciprocal Sign,Single Sign,Reciprocal Sign,,,,,,,Negative,Negative,Negative,Negative,Negative,Negative
49,CGCGATAGG,CGCGAGGGG,Positive,Negative,Single Sign,Negative,Positive,Positive,Single Sign,Positive,Positive,Positive,Negative,Negative,Single Sign,Negative,No,No,,,,,,,Positive,Positive,Negative,Positive,Positive,Positive
50,CGCGATAGG,CGCGAGTGG,Negative,Negative,Negative,Negative,No,Negative,Positive,Negative,Negative,Negative,Negative,Reciprocal Sign,Single Sign,Negative,Negative,Negative,,,,,,,Negative,Negative,Positive,Negative,Negative,Negative
51,CGCGAAAGG,CGCGAGCGG,Negative,Negative,Reciprocal Sign,Positive,Negative,No,Single Sign,Negative,Positive,No,Single Sign,Negative,Negative,Positive,Positive,Positive,,,,,,,Negative,No,Negative,No,Negative,Negative
52,CGCGAAAGG,CGCGAGGGG,Negative,Negative,Negative,Negative,Negative,Negative,Single Sign,Single Sign,No,Single Sign,Positive,Reciprocal Sign,No,Negative,Negative,Positive,,,,,,,Reciprocal Sign,Positive,Negative,Negative,Negative,No
53,CGCGAAAGG,CGCGAGTGG,Negative,Negative,No,Negative,Negative,Negative,No,Single Sign,No,Single Sign,Negative,Negative,Negative,No,Negative,No,,,,,,,No,Negative,Negative,Positive,Negative,Negative
54,CGCGCGAGG,CGCGAGAGC,Negative,Negative,Negative,Negative,Negative,Positive,Negative,Negative,Negative,Negative,Reciprocal Sign,Negative,Negative,,,,Negative,Negative,Negative,No,Negative,Negative,Negative,Positive,Negative,,,
55,CGCGCGAGG,CGCGAGAGT,Negative,Negative,Negative,Negative,Negative,Positive,Negative,Negative,Negative,Negative,Positive,Negative,Reciprocal Sign,,,,Negative,Negative,Negative,No,Negative,No,Negative,Positive,Positive,,,
56,CGCGCGAGG,CGCGAGAGA,Negative,Positive,Positive,Negative,Negative,Negative,Positive,Negative,Negative,Negative,Positive,Negative,Negative,,,,Positive,Negative,Positive,Positive,Negative,Positive,Positive,Positive,Negative,,,
57,CGCGGGAGG,CGCGAGAGC,Negative,Negative,Negative,Negative,Negative,Positive,Negative,Negative,Negative,Negative,No,Positive,Reciprocal Sign,,,,Negative,Negative,,Positive,Positive,Positive,Negative,Positive,No,,,
58,CGCGGGAGG,CGCGAGAGT,Negative,Negative,Negative,Negative,Negative,No,Negative,Negative,Negative,Negative,Single Sign,Positive,Negative,,,,Negative,Negative,,Positive,Positive,Positive,Negative,Positive,Negative,,,
59,CGCGGGAGG,CGCGAGAGA,Positive,Negative,No,Negative,Negative,Negative,Negative,No,No,No,Positive,Reciprocal Sign,No,,,,Negative,No,,Positive,Positive,Positive,Positive,Positive,Positive,,,
60,CGCGTGAGG,CGCGAGAGC,Negative,Negative,Negative,Negative,Negative,Negative,Negative,Negative,Negative,Negative,No,No,Reciprocal Sign,,,,Negative,Negative,Negative,Positive,Negative,Negative,Negative,Positive,Negative,,,
61,CGCGTGAGG,CGCGAGAGT,Negative,Negative,Negative,Negative,Negative,Positive,Negative,Negative,Negative,Negative,Positive,Negative,Negative,,,,Negative,Negative,Negative,Positive,Negative,Positive,Negative,Positive,Negative,,,
62,CGCGTGAGG,CGCGAGAGA,Negative,Positive,Positive,Positive,Positive,Negative,Negative,Negative,Positive,Negative,No,Positive,Negative,,,,Negative,Negative,Positive,Positive,Negative,Positive,Negative,Positive,Positive,,,
63,CGCGCGAGG,CGCGAGACG,Negative,Negative,Negative,Negative,Negative,Negative,Negative,Negative,Negative,Negative,Single Sign,Reciprocal Sign,Negative,,,,Negative,Negative,,Positive,Negative,Positive,,,,Negative,Positive,Negative
64,CGCGCGAGG,CGCGAGATG,Negative,Negative,Negative,Negative,Negative,Negative,Negative,Negative,Negative,Negative,Reciprocal Sign,Reciprocal Sign,Negative,,,,Negative,Negative,Negative,Negative,Negative,Negative,,,,Negative,Negative,Negative
65,CGCGCGAGG,CGCGAGAAG,Positive,Positive,Positive,Negative,Positive,Positive,No,Positive,Positive,Negative,Single Sign,Positive,Negative,,,,Positive,Positive,Positive,Positive,Positive,Negative,,,,Positive,Positive,Positive
66,CGCGGGAGG,CGCGAGACG,Negative,Negative,Negative,Negative,Negative,Positive,Negative,Negative,Negative,Negative,,Positive,Negative,,,,Negative,Negative,,Positive,Negative,Positive,,,,Negative,Positive,No
67,CGCGGGAGG,CGCGAGATG,Negative,Negative,Negative,Negative,Negative,Negative,Negative,Negative,Negative,Negative,No,Positive,Negative,,,,Negative,Negative,,Negative,Negative,Negative,,,,Negative,No,Negative
68,CGCGGGAGG,CGCGAGAAG,Positive,Positive,Positive,Negative,Positive,Positive,Negative,Positive,Positive,Positive,Positive,Positive,Negative,,,,Positive,Positive,,Positive,Positive,Negative,,,,Positive,Positive,Positive
69,CGCGTGAGG,CGCGAGACG,Negative,Negative,Negative,Negative,Negative,Positive,Negative,Negative,Negative,Negative,Single Sign,Negative,Negative,,,,Negative,Negative,Negative,Positive,Negative,Positive,,,,Negative,Negative,Negative
70,CGCGTGAGG,CGCGAGATG,Negative,Negative,Negative,Negative,Negative,Negative,Negative,Negative,Negative,Negative,Negative,Negative,Negative,,,,Negative,Negative,Negative,Negative,Negative,Negative,,,,Negative,No,Negative
71,CGCGTGAGG,CGCGAGAAG,Positive,Positive,Positive,Negative,Positive,Positive,Negative,Positive,Positive,Positive,Single Sign,Positive,Negative,,,,Positive,Positive,Positive,Positive,Positive,Negative,,,,Positive,Positive,Positive
72,CGCGCGAGG,CGCGAGCGG,Negative,No,Negative,,Negative,No,Positive,Positive,Negative,Negative,Positive,Negative,Negative,,,,Positive,Positive,Positive,,,,Negative,Positive,Positive,Positive,Positive,Positive
73,CGCGCGAGG,CGCGAGGGG,Negative,Negative,Positive,Negative,Positive,Positive,Negative,No,Negative,Positive,Positive,Reciprocal Sign,Negative,,,,Positive,Negative,Negative,,,,Negative,Positive,Negative,Positive,Positive,Positive
74,CGCGCGAGG,CGCGAGTGG,Negative,Negative,Negative,Negative,Negative,Negative,Negative,Negative,Negative,Negative,Negative,No,Negative,,,,Negative,Negative,Negative,,,,Negative,Positive,Positive,Positive,Negative,Negative
75,CGCGGGAGG,CGCGAGCGG,Negative,Negative,No,Negative,Negative,Positive,Positive,Negative,Positive,No,Reciprocal Sign,Positive,Negative,,,,Negative,Positive,,,,,Negative,No,Positive,Negative,Positive,Positive
76,CGCGGGAGG,CGCGAGGGG,Negative,Negative,No,Negative,Positive,Positive,Negative,Negative,Negative,Negative,Single Sign,Positive,Negative,,,,Negative,Negative,,,,,Positive,Positive,Negative,Positive,Positive,Positive
77,CGCGGGAGG,CGCGAGTGG,Negative,Negative,Negative,Negative,Negative,Negative,Negative,Negative,Negative,Negative,Positive,Positive,Reciprocal Sign,,,,Negative,Negative,,,,,Negative,Positive,Positive,Positive,Positive,No
78,CGCGTGAGG,CGCGAGCGG,Negative,Negative,Negative,Positive,Negative,Negative,No,No,Negative,Negative,Single Sign,Negative,Negative,,,,Negative,Positive,Positive,,,,Negative,Positive,Positive,Negative,Positive,Positive
79,CGCGTGAGG,CGCGAGGGG,Negative,Negative,Positive,,No,No,Negative,Positive,Negative,No,Reciprocal Sign,Negative,Negative,,,,Negative,Negative,Negative,,,,Negative,Positive,Positive,Negative,Positive,Positive
80,CGCGTGAGG,CGCGAGTGG,Negative,Negative,Negative,Negative,Negative,Negative,Negative,Negative,Negative,Negative,No,Negative,Negative,,,,Negative,Negative,Negative,,,,Negative,Positive,Positive,Positive,Positive,Positive
81,CGCGCGAGG,CGCGACAGG,Negative,Negative,Negative,,Negative,Negative,Negative,Negative,Negative,Negative,Positive,Reciprocal Sign,Negative,,,,,,,Negative,Negative,Negative,Negative,Positive,,No,Negative,Negative
82,CGCGCGAGG,CGCGATAGG,Negative,Negative,Negative,Negative,Negative,Negative,Negative,Negative,Negative,Negative,Reciprocal Sign,No,Negative,,,,,,,Negative,Negative,Positive,Negative,Positive,Negative,Negative,Negative,Negative
83,CGCGCGAGG,CGCGAAAGG,Negative,No,Positive,Negative,Negative,Positive,Positive,Positive,Negative,Negative,Positive,Reciprocal Sign,Reciprocal Sign,,,,,,,Negative,Negative,Positive,Negative,Positive,Negative,Positive,Negative,Negative
84,CGCGGGAGG,CGCGACAGG,,,Negative,,,Negative,Negative,Negative,Negative,Negative,Positive,Single Sign,No,,,,,,,Negative,Negative,Negative,No,,,Negative,Negative,Negative
85,CGCGGGAGG,CGCGATAGG,Negative,Negative,Negative,,Negative,Negative,Negative,Negative,Negative,Negative,Single Sign,Reciprocal Sign,Single Sign,,,,,,,No,Negative,Positive,Positive,Positive,Negative,Negative,Negative,Negative
86,CGCGGGAGG,CGCGAAAGG,Positive,Negative,Negative,Negative,Negative,Positive,No,Negative,Positive,Negative,Single Sign,Positive,Negative,,,,,,,Positive,Positive,Positive,Negative,Negative,Negative,Positive,Positive,Negative
87,CGCGTGAGG,CGCGACAGG,Negative,Negative,Negative,,Negative,Negative,Negative,Negative,Negative,Negative,No,Negative,Negative,,,,,,,Negative,Negative,Positive,Negative,Positive,Negative,Negative,Negative,Negative
88,CGCGTGAGG,CGCGATAGG,Negative,Negative,Negative,,Negative,Negative,Negative,Negative,Negative,Negative,Positive,No,Negative,,,,,,,Negative,Negative,Positive,Negative,Positive,Negative,Negative,Negative,Negative
89,CGCGTGAGG,CGCGAAAGG,Positive,Negative,Positive,No,Negative,Negative,Negative,Positive,No,Positive,Reciprocal Sign,Negative,Negative,,,,,,,Positive,No,Positive,Negative,Positive,No,Positive,Positive,Negative
90,CGCCAGAGG,CGCGAGAGC,Negative,Negative,Negative,Negative,Negative,Positive,Negative,Negative,Negative,Negative,,,,Reciprocal Sign,Negative,Negative,Negative,Negative,Negative,Positive,Positive,Negative,Negative,Positive,Negative,,,
91,CGCCAGAGG,CGCGAGAGT,Negative,Negative,Negative,Negative,Negative,Positive,Negative,Negative,Negative,Negative,,,,Negative,Negative,Negative,Negative,Negative,Negative,Positive,No,No,Negative,Positive,Negative,,,
92,CGCCAGAGG,CGCGAGAGA,No,Positive,Positive,Negative,Negative,Negative,Positive,Positive,Positive,Negative,,,,Negative,Negative,Positive,Negative,No,Positive,Positive,Positive,Positive,No,Positive,Positive,,,
93,CGCTAGAGG,CGCGAGAGC,Negative,Negative,Negative,Negative,Negative,Positive,Negative,Negative,Negative,Negative,,,,Negative,Negative,Negative,Negative,Negative,Negative,Positive,Negative,Negative,Negative,Positive,Negative,,,
94,CGCTAGAGG,CGCGAGAGT,Negative,Negative,Negative,Negative,Negative,No,Negative,Negative,Negative,Negative,,,,Negative,Single Sign,Negative,Negative,Negative,Negative,Positive,Negative,Negative,No,Positive,Negative,,,
95,CGCTAGAGG,CGCGAGAGA,Negative,Negative,Positive,Positive,Positive,Negative,Positive,Negative,Positive,Negative,,,,No,Single Sign,Positive,Negative,Negative,Positive,Positive,Positive,No,Positive,Positive,Positive,,,
96,CGCAAGAGG,CGCGAGAGC,Negative,Negative,Negative,Negative,Negative,Positive,Negative,Negative,Negative,Negative,,,,Negative,Negative,Negative,Negative,Negative,Negative,Positive,Positive,Negative,Negative,Positive,Negative,,,
97,CGCAAGAGG,CGCGAGAGT,Negative,Negative,Negative,Negative,Negative,Positive,Negative,Negative,Negative,Negative,,,,Single Sign,Single Sign,Reciprocal Sign,Negative,Negative,Negative,Positive,Positive,Positive,Negative,Positive,No,,,
98,CGCAAGAGG,CGCGAGAGA,Positive,Positive,Positive,Negative,No,Positive,Positive,No,Positive,Negative,,,,Single Sign,No,Reciprocal Sign,Negative,Negative,Positive,Positive,Positive,Positive,No,Positive,Positive,,,
99,CGCCAGAGG,CGCGAGACG,Negative,Negative,Negative,Negative,Negative,Positive,Negative,Negative,Negative,Negative,,,,Negative,Negative,Negative,Negative,Negative,Negative,Positive,Negative,Positive,,,,Negative,Negative,Negative
100,CGCCAGAGG,CGCGAGATG,Negative,Negative,Negative,Negative,Negative,Negative,Negative,Negative,Negative,Negative,,,,Reciprocal Sign,Negative,Positive,Negative,Negative,Negative,Negative,Negative,Negative,,,,Negative,No,Negative
101,CGCCAGAGG,CGCGAGAAG,Positive,Positive,Positive,Negative,Positive,Positive,Positive,Positive,Positive,Positive,,,,Negative,Negative,Negative,Positive,Positive,Positive,Positive,Positive,Negative,,,,Positive,Positive,Positive
102,CGCTAGAGG,CGCGAGACG,Negative,Negative,Negative,Negative,Negative,Positive,Negative,Negative,Negative,Negative,,,,No,Negative,Negative,Negative,Negative,Negative,Positive,Negative,Positive,,,,Negative,No,Negative
103,CGCTAGAGG,CGCGAGATG,Negative,Negative,Negative,Negative,Negative,Negative,Negative,Negative,Negative,Negative,,,,Negative,Negative,Positive,Negative,Negative,Negative,Negative,Negative,Negative,,,,Negative,Negative,Negative
104,CGCTAGAGG,CGCGAGAAG,Positive,Positive,Positive,Negative,Positive,Positive,Positive,Positive,Positive,Positive,,,,Negative,Single Sign,No,Positive,Positive,Positive,Positive,Positive,Negative,,,,Positive,Positive,Positive
105,CGCAAGAGG,CGCGAGACG,Negative,Negative,Negative,Negative,Negative,Positive,Negative,Negative,Negative,Negative,,,,Single Sign,,Single Sign,Negative,Negative,Negative,Positive,Negative,Positive,,,,Negative,Negative,Negative
106,CGCAAGAGG,CGCGAGATG,Negative,Negative,Negative,Negative,Negative,Negative,Negative,Negative,Negative,Negative,,,,No,Negative,Positive,Negative,Negative,Negative,Negative,Negative,Negative,,,,Negative,No,Negative
107,CGCAAGAGG,CGCGAGAAG,Positive,Positive,Positive,No,Positive,Positive,Positive,Positive,Positive,Positive,,,,Negative,Single Sign,Reciprocal Sign,Positive,Positive,Positive,Positive,Positive,Negative,,,,Positive,Positive,Positive
108,CGCCAGAGG,CGCGAGCGG,Negative,Positive,No,Negative,Negative,Negative,Positive,Positive,Negative,Negative,,,,Negative,Negative,Positive,Negative,Positive,Positive,,,,Negative,Positive,Positive,Positive,Positive,Positive
109,CGCCAGAGG,CGCGAGGGG,Negative,Negative,Positive,Negative,Negative,Positive,Positive,Positive,Negative,Negative,,,,Reciprocal Sign,Negative,Negative,No,Negative,Negative,,,,Positive,Positive,Positive,Positive,Positive,Positive
110,CGCCAGAGG,CGCGAGTGG,Negative,Negative,Negative,Negative,Negative,Negative,No,Negative,Negative,Negative,,,,Negative,Reciprocal Sign,Negative,Negative,Negative,Negative,,,,Negative,Positive,Positive,Positive,Positive,Positive
111,CGCTAGAGG,CGCGAGCGG,Negative,Negative,Positive,Positive,No,Negative,Positive,Negative,Negative,Negative,,,,Negative,Reciprocal Sign,Positive,Negative,Positive,Positive,,,,Negative,Positive,Positive,Positive,Positive,Positive
112,CGCTAGAGG,CGCGAGGGG,Negative,Negative,Positive,No,Positive,Positive,Positive,Negative,Negative,Negative,,,,Reciprocal Sign,Reciprocal Sign,Negative,Negative,Negative,Negative,,,,Negative,Positive,Negative,Positive,Positive,Positive
113,CGCTAGAGG,CGCGAGTGG,Negative,Negative,Negative,Negative,Negative,Negative,Positive,Negative,Negative,Negative,,,,Reciprocal Sign,Single Sign,Negative,Negative,Negative,Negative,,,,Negative,Positive,Positive,Positive,Positive,Positive
114,CGCAAGAGG,CGCGAGCGG,Negative,Positive,Negative,Positive,No,Positive,Positive,No,Negative,Negative,,,,Single Sign,Reciprocal Sign,Positive,Positive,Positive,Positive,,,,Negative,Positive,Positive,Negative,Positive,Positive
115,CGCAAGAGG,CGCGAGGGG,Negative,Negative,Positive,Positive,Positive,Positive,Positive,Positive,Negative,Positive,,,,Reciprocal Sign,Reciprocal Sign,No,Negative,Negative,Negative,,,,Positive,Positive,No,Negative,Positive,Positive
116,CGCAAGAGG,CGCGAGTGG,Negative,Negative,Negative,Negative,Negative,Negative,Positive,Negative,Negative,Negative,,,,Positive,Single Sign,Negative,Negative,Negative,Negative,,,,Negative,Positive,Positive,Positive,Positive,Positive
117,CGCCAGAGG,CGCGACAGG,Negative,Negative,Negative,,Negative,Negative,Negative,Negative,Negative,Negative,,,,Reciprocal Sign,,Negative,,,,Negative,Negative,Negative,Negative,Positive,Negative,Negative,Negative,Negative
118,CGCCAGAGG,CGCGATAGG,Negative,Negative,Negative,Negative,Negative,Negative,Negative,Negative,Negative,Negative,,,,Negative,Negative,Negative,,,,Positive,Negative,Negative,Negative,Positive,Negative,Negative,Negative,Negative
119,CGCCAGAGG,CGCGAAAGG,Positive,Positive,Positive,Negative,Negative,No,Positive,No,Negative,Negative,,,,Reciprocal Sign,Negative,Positive,,,,Positive,Positive,Positive,Positive,No,No,Positive,Negative,Negative
120,CGCTAGAGG,CGCGACAGG,Negative,Negative,Negative,,Negative,Negative,Negative,Negative,Negative,Negative,,,,Negative,,Negative,,,,Negative,Negative,Negative,Negative,Positive,Negative,Negative,Negative,Negative
121,CGCTAGAGG,CGCGATAGG,Negative,Negative,Negative,Negative,Negative,Negative,Negative,Negative,Negative,Negative,,,,Negative,Single Sign,No,,,,Positive,Negative,Negative,Negative,Positive,Negative,Negative,Negative,Negative
122,CGCTAGAGG,CGCGAAAGG,Positive,Negative,Negative,Positive,Negative,Negative,Positive,No,No,Negative,,,,No,Negative,Positive,,,,No,No,No,Negative,Negative,Negative,Negative,Negative,No
123,CGCAAGAGG,CGCGACAGG,Negative,Negative,Negative,,Negative,Negative,Negative,Negative,Negative,Negative,,,,Negative,,Reciprocal Sign,,,,Negative,Negative,Negative,Negative,Positive,Negative,Negative,Negative,Negative
124,CGCAAGAGG,CGCGATAGG,Negative,Negative,Negative,Negative,Negative,Negative,Negative,Negative,Negative,Negative,,,,Single Sign,Single Sign,Negative,,,,Negative,Negative,Positive,Negative,Positive,Negative,Negative,Negative,Negative
125,CGCAAGAGG,CGCGAAAGG,Positive,No,Negative,Negative,Negative,Positive,Positive,Negative,Positive,Negative,,,,Reciprocal Sign,Negative,Positive,,,,No,Positive,Positive,Negative,Negative,No,Negative,Negative,Negative
126,CGCCAGAGG,CGCGCGAGG,Positive,Positive,Positive,Positive,Positive,Positive,Positive,Positive,Positive,Positive,,,,,,,Positive,Positive,Positive,Positive,Positive,Positive,Positive,Positive,Positive,Positive,Positive,Positive
127,CGCCAGAGG,CGCGGGAGG,Positive,Positive,Positive,No,Positive,Positive,Positive,Positive,Positive,Positive,,,,,,,Positive,Positive,,Positive,Positive,Positive,Positive,Positive,Positive,Positive,Positive,Positive
128,CGCCAGAGG,CGCGTGAGG,Positive,Positive,Positive,Positive,Positive,Positive,Positive,Positive,Positive,Positive,,,,,,,Positive,Positive,Positive,Positive,Positive,Positive,Positive,Positive,Positive,Positive,Positive,Positive
129,CGCTAGAGG,CGCGCGAGG,Positive,Positive,Positive,Positive,Positive,Positive,Positive,Positive,Positive,Positive,,,,,,,Positive,Positive,Positive,Positive,Positive,Positive,Positive,Positive,Positive,Positive,Positive,Positive
130,CGCTAGAGG,CGCGGGAGG,Positive,Positive,Positive,Positive,Positive,Positive,Positive,Positive,Positive,Positive,,,,,,,Positive,Positive,,Positive,Positive,Positive,Positive,Positive,Positive,Positive,Positive,Positive
131,CGCTAGAGG,CGCGTGAGG,Positive,Positive,Positive,Positive,Positive,Positive,Positive,Positive,Positive,Positive,,,,,,,Positive,Positive,Positive,Positive,Positive,Positive,Positive,Positive,Positive,Positive,Positive,Positive
132,CGCAAGAGG,CGCGCGAGG,Positive,Positive,Positive,Positive,Positive,Positive,Positive,Positive,Positive,Positive,,,,,,,Positive,Positive,Positive,Positive,Positive,Positive,Positive,Positive,Positive,Positive,Positive,Positive
133,CGCAAGAGG,CGCGGGAGG,Positive,Positive,Positive,Positive,Positive,Positive,Positive,Positive,Positive,Positive,,,,,,,Positive,Positive,,Positive,Positive,Positive,Positive,Positive,,Positive,Positive,Positive
134,CGCAAGAGG,CGCGTGAGG,Positive,Positive,Positive,Positive,Positive,Positive,Positive,Positive,Positive,Positive,,,,,,,Positive,Positive,Positive,Positive,Positive,Positive,Positive,Positive,Positive,Positive,Positive,Positive
135,CGGGAGAGG,CGCGAGAGC,Negative,Negative,Reciprocal Sign,Negative,Single Sign,Positive,Positive,,,,Reciprocal Sign,Positive,Reciprocal Sign,Reciprocal Sign,Negative,Reciprocal Sign,No,Negative,Negative,Negative,Positive,Negative,Negative,Negative,Negative,,,
136,CGGGAGAGG,CGCGAGAGT,Negative,Negative,Reciprocal Sign,Negative,Single Sign,No,Positive,,,,Reciprocal Sign,No,Negative,Single Sign,Negative,Negative,No,Negative,No,Negative,Reciprocal Sign,Negative,Negative,Negative,Reciprocal Sign,,,
137,CGGGAGAGG,CGCGAGAGA,No,Negative,Positive,Reciprocal Sign,Negative,No,Negative,,,,Reciprocal Sign,Positive,Negative,Positive,Negative,Positive,No,Negative,Single Sign,Positive,Positive,No,Negative,No,Positive,,,
138,CGTGAGAGG,CGCGAGAGC,Negative,Negative,No,Negative,Positive,Negative,No,,,,Reciprocal Sign,Reciprocal Sign,Negative,Reciprocal Sign,Negative,Negative,Positive,Negative,Negative,No,Reciprocal Sign,Negative,Negative,Negative,Negative,,,
139,CGTGAGAGG,CGCGAGAGT,Negative,Negative,Negative,Negative,Negative,Negative,No,,,,No,Reciprocal Sign,Negative,Single Sign,Positive,Negative,Negative,Negative,No,No,Positive,Negative,Negative,Negative,Reciprocal Sign,,,
140,CGTGAGAGG,CGCGAGAGA,Reciprocal Sign,Negative,Negative,Reciprocal Sign,No,Negative,Negative,,,,No,Positive,No,Single Sign,Negative,Positive,No,Negative,Positive,Positive,Positive,No,Negative,Negative,No,,,
141,CGAGAGAGG,CGCGAGAGC,Negative,Negative,Negative,Negative,Single Sign,Positive,Positive,,,,Reciprocal Sign,No,Negative,Negative,Negative,No,Negative,Negative,Negative,No,Positive,Negative,Negative,Negative,Negative,,,
142,CGAGAGAGG,CGCGAGAGT,Negative,Negative,Negative,Negative,Single Sign,Positive,Positive,,,,Negative,Reciprocal Sign,Negative,Reciprocal Sign,Negative,Positive,Negative,Negative,No,No,Positive,Negative,Negative,Negative,Reciprocal Sign,,,
143,CGAGAGAGG,CGCGAGAGA,No,Negative,Positive,No,Negative,Negative,Negative,,,,No,Positive,Positive,No,Negative,Positive,Negative,Negative,Positive,Positive,Positive,No,Negative,Negative,Positive,,,
144,CGGGAGAGG,CGCGAGACG,Positive,Negative,Reciprocal Sign,Negative,Single Sign,No,No,,,,Single Sign,Negative,Negative,No,Negative,Reciprocal Sign,Positive,Positive,Positive,Positive,Positive,Negative,,,,Positive,Negative,No
145,CGGGAGAGG,CGCGAGATG,No,Negative,Negative,Negative,Positive,Single Sign,Negative,,,,Positive,Negative,Negative,No,Negative,No,Negative,Positive,Negative,Positive,Single Sign,Negative,,,,No,No,No
146,CGGGAGAGG,CGCGAGAAG,Positive,Negative,Negative,Negative,Positive,Negative,Reciprocal Sign,,,,Negative,Positive,Negative,Negative,Negative,Negative,Negative,Negative,Negative,Positive,Positive,Positive,,,,Positive,No,No
147,CGTGAGAGG,CGCGAGACG,Positive,Negative,Single Sign,Negative,No,Negative,Negative,,,,Single Sign,Negative,Reciprocal Sign,Positive,Negative,No,No,No,Negative,Positive,Single Sign,No,,,,Single Sign,Reciprocal Sign,No
148,CGTGAGAGG,CGCGAGATG,Negative,Negative,No,Negative,No,No,Negative,,,,Negative,Negative,Negative,Positive,Negative,Positive,Negative,Positive,Negative,Positive,Single Sign,No,,,,Negative,Reciprocal Sign,Negative
149,CGTGAGAGG,CGCGAGAAG,Positive,Negative,Positive,Negative,Positive,Negative,Positive,,,,Negative,Positive,Single Sign,Negative,Positive,Negative,No,Negative,Negative,No,Positive,Positive,,,,Positive,Negative,No
150,CGAGAGAGG,CGCGAGACG,Positive,Negative,Negative,No,Single Sign,Positive,Negative,,,,Positive,No,No,Reciprocal Sign,Negative,No,No,Positive,Positive,Positive,Positive,Negative,,,,Positive,Reciprocal Sign,Positive
151,CGAGAGAGG,CGCGAGATG,Negative,Negative,Negative,Negative,Positive,Positive,No,,,,No,Negative,Positive,Single Sign,Negative,Reciprocal Sign,Negative,No,Negative,Positive,Single Sign,No,,,,Negative,Reciprocal Sign,Negative
152,CGAGAGAGG,CGCGAGAAG,Positive,Negative,Positive,Negative,Positive,Positive,No,,,,Negative,Positive,Single Sign,Negative,Negative,Negative,No,Negative,No,Positive,Positive,Positive,,,,Positive,Negative,Positive
153,CGGGAGAGG,CGCGAGCGG,Positive,Negative,No,Positive,Negative,Positive,Single Sign,,,,Negative,Positive,Negative,Single Sign,Single Sign,Positive,Single Sign,Positive,Positive,,,,Negative,No,Negative,Positive,Negative,Positive
154,CGGGAGAGG,CGCGAGGGG,Negative,Negative,Negative,Reciprocal Sign,Positive,Negative,Single Sign,,,,Positive,Negative,Reciprocal Sign,Negative,Negative,No,No,Negative,Negative,,,,Reciprocal Sign,Positive,Negative,Negative,Positive,Positive
155,CGGGAGAGG,CGCGAGTGG,Negative,Negative,Reciprocal Sign,Negative,Single Sign,Negative,Reciprocal Sign,,,,Negative,Negative,No,No,Negative,Reciprocal Sign,Positive,Positive,Negative,,,,Negative,Positive,Positive,Positive,Negative,No
156,CGTGAGAGG,CGCGAGCGG,No,Negative,Negative,No,Single Sign,Single Sign,Single Sign,,,,Positive,Negative,Positive,Positive,Single Sign,Positive,Single Sign,Negative,Positive,,,,Positive,Positive,Negative,Single Sign,No,Positive
157,CGTGAGAGG,CGCGAGGGG,Negative,Negative,Negative,Negative,Positive,Negative,No,,,,Reciprocal Sign,Negative,Negative,Negative,Single Sign,Negative,Negative,Negative,Negative,,,,Negative,Positive,No,Single Sign,No,Positive
158,CGTGAGAGG,CGCGAGTGG,No,Negative,No,Negative,Positive,No,Negative,,,,Negative,Positive,No,Positive,Reciprocal Sign,Negative,No,Negative,Negative,,,,Negative,Positive,Positive,Positive,No,Positive
159,CGAGAGAGG,CGCGAGCGG,No,Negative,Negative,Positive,Positive,Single Sign,No,,,,Single Sign,Negative,Single Sign,Positive,Negative,Reciprocal Sign,No,Positive,Single Sign,,,,Positive,Positive,Negative,No,Negative,Positive
160,CGAGAGAGG,CGCGAGGGG,Negative,Negative,Negative,No,Positive,Positive,Negative,,,,Positive,Negative,Positive,No,No,Negative,No,Negative,Negative,,,,Negative,Positive,Negative,No,Negative,No
161,CGAGAGAGG,CGCGAGTGG,Negative,Negative,Negative,No,Single Sign,Positive,No,,,,Negative,Negative,Reciprocal Sign,No,Negative,Negative,Positive,Positive,Negative,,,,Negative,Positive,No,Positive,Negative,Positive
162,CGGGAGAGG,CGCGACAGG,Positive,Negative,No,,Positive,Single Sign,Positive,,,,Positive,Negative,Negative,Negative,,Negative,,,,No,Single Sign,Positive,Negative,No,Positive,Positive,Single Sign,Single Sign
163,CGGGAGAGG,CGCGATAGG,Positive,Negative,Negative,Negative,Positive,No,Positive,,,,Negative,Positive,Single Sign,Single Sign,Negative,Negative,,,,Positive,Single Sign,Positive,Negative,Positive,Positive,Positive,Negative,Single Sign
164,CGGGAGAGG,CGCGAAAGG,No,Negative,Positive,Negative,Negative,Positive,No,,,,Reciprocal Sign,Negative,Negative,No,Negative,No,,,,Single Sign,Positive,Positive,Negative,No,No,No,No,Single Sign
165,CGTGAGAGG,CGCGACAGG,Positive,Negative,Single Sign,,No,No,Positive,,,,Reciprocal Sign,Negative,Reciprocal Sign,Negative,,Negative,,,,No,Single Sign,Positive,Negative,Positive,No,Single Sign,Positive,Single Sign
166,CGTGAGAGG,CGCGATAGG,Positive,Negative,Single Sign,Negative,Positive,No,Positive,,,,Reciprocal Sign,Negative,Negative,Single Sign,Negative,Reciprocal Sign,,,,Positive,Single Sign,No,No,Positive,Positive,Single Sign,Negative,Single Sign
167,CGTGAGAGG,CGCGAAAGG,Single Sign,Negative,Single Sign,Reciprocal Sign,Positive,Single Sign,Positive,,,,No,Negative,Negative,No,Negative,Positive,,,,Positive,Positive,Single Sign,Negative,No,No,Single Sign,Positive,Single Sign
168,CGAGAGAGG,CGCGACAGG,Positive,Negative,Negative,,Negative,Positive,Positive,,,,Negative,Negative,Positive,No,,Reciprocal Sign,,,,Negative,Single Sign,Positive,Negative,No,Positive,Positive,Positive,Single Sign
169,CGAGAGAGG,CGCGATAGG,Positive,Negative,Negative,Negative,Positive,Single Sign,Positive,,,,Negative,Positive,Single Sign,No,Negative,No,,,,Positive,Single Sign,Positive,No,Positive,Positive,No,Negative,Single Sign
170,CGAGAGAGG,CGCGAAAGG,Positive,Negative,No,Negative,No,Single Sign,Reciprocal Sign,,,,Reciprocal Sign,Negative,Reciprocal Sign,Single Sign,Negative,Positive,,,,Single Sign,Positive,No,Negative,No,Negative,Negative,Negative,Single Sign
171,CGGGAGAGG,CGCGCGAGG,Positive,Negative,Negative,Negative,Positive,No,Positive,,,,No,Negative,Negative,,,,Positive,Negative,Negative,Negative,Positive,Positive,Negative,Positive,Negative,Positive,Negative,Negative
172,CGGGAGAGG,CGCGGGAGG,Positive,Negative,Negative,Negative,Positive,Negative,Negative,,,,Positive,Reciprocal Sign,Negative,,,,Negative,Negative,,Positive,Positive,Positive,Negative,Negative,Negative,Positive,Positive,No
173,CGGGAGAGG,CGCGTGAGG,No,Negative,Negative,Positive,Positive,No,No,,,,Positive,Negative,Negative,,,,Negative,Negative,Negative,Positive,Positive,Positive,Negative,No,Negative,No,Positive,Negative
174,CGTGAGAGG,CGCGCGAGG,Negative,Negative,Positive,Negative,Positive,Negative,Negative,,,,No,Single Sign,Negative,,,,Positive,Negative,Negative,Negative,Negative,Positive,Negative,Positive,Negative,Positive,Negative,Negative
175,CGTGAGAGG,CGCGGGAGG,Positive,Negative,Negative,Negative,Negative,Negative,Negative,,,,No,Reciprocal Sign,Negative,,,,No,Negative,,Negative,Positive,Positive,Positive,Negative,Negative,Negative,Positive,Negative
176,CGTGAGAGG,CGCGTGAGG,No,Negative,Negative,Negative,No,Negative,Negative,,,,Reciprocal Sign,Negative,Negative,,,,Negative,Negative,Negative,Positive,No,Positive,Negative,Positive,Positive,Positive,Positive,Negative
177,CGAGAGAGG,CGCGCGAGG,Negative,Negative,Positive,Negative,Positive,Negative,Negative,,,,Reciprocal Sign,No,Negative,,,,Positive,Negative,No,Negative,No,Positive,Negative,Positive,Negative,Positive,No,No
178,CGAGAGAGG,CGCGGGAGG,Positive,Negative,Positive,Negative,Positive,Negative,Negative,,,,Single Sign,Positive,No,,,,Negative,Negative,,Positive,Positive,Positive,Negative,No,Negative,Positive,Positive,Positive
179,CGAGAGAGG,CGCGTGAGG,Negative,Negative,Positive,No,Positive,No,Negative,,,,Positive,Reciprocal Sign,Negative,,,,No,Negative,Negative,Negative,Positive,Positive,Negative,Positive,Positive,Negative,Positive,Negative
180,CGGGAGAGG,CGCCAGAGG,Positive,Negative,Negative,Negative,No,Positive,Positive,,,,,,,Negative,Negative,Negative,Negative,Positive,Negative,Positive,Negative,No,Negative,Negative,Negative,No,Negative,Negative
181,CGGGAGAGG,CGCTAGAGG,Negative,Negative,Negative,Negative,Positive,Positive,No,,,,,,,Reciprocal Sign,Single Sign,Negative,Negative,Negative,Negative,Negative,Negative,Negative,Negative,Negative,Negative,Negative,No,No
182,CGGGAGAGG,CGCAAGAGG,No,Negative,No,Positive,Positive,Positive,Positive,,,,,,,Positive,Negative,Negative,Negative,Negative,Negative,No,Positive,Negative,Negative,Positive,No,Negative,Negative,Negative
183,CGTGAGAGG,CGCCAGAGG,Positive,No,Negative,Negative,No,Positive,Positive,,,,,,,Negative,Negative,Negative,Negative,Negative,Negative,Positive,Positive,Positive,No,Negative,Negative,Positive,Positive,Negative
184,CGTGAGAGG,CGCTAGAGG,Negative,Negative,Positive,Positive,Positive,No,Positive,,,,,,,Reciprocal Sign,Single Sign,Reciprocal Sign,Negative,Negative,Negative,No,No,Negative,Negative,Negative,Negative,Positive,Positive,Positive
185,CGTGAGAGG,CGCAAGAGG,No,Negative,No,No,Positive,Positive,Positive,,,,,,,Reciprocal Sign,Negative,Positive,No,Negative,Negative,Negative,No,Positive,Negative,No,Positive,Positive,Positive,Negative
186,CGAGAGAGG,CGCCAGAGG,Negative,Negative,Positive,Negative,Positive,No,Positive,,,,,,,Negative,Negative,Negative,Negative,No,Negative,Negative,Positive,Positive,No,Positive,Negative,Positive,Negative,Negative
187,CGAGAGAGG,CGCTAGAGG,Negative,Negative,Positive,Positive,Positive,Positive,Positive,,,,,,,Single Sign,No,No,Negative,Negative,Negative,Negative,Negative,Negative,Negative,Negative,Negative,Negative,Positive,No
188,CGAGAGAGG,CGCAAGAGG,No,Negative,Positive,Positive,Positive,Positive,Positive,,,,,,,Single Sign,No,Negative,Negative,Negative,Negative,Negative,Positive,Positive,Negative,Positive,Negative,No,Negative,No
189,CCCGAGAGG,CGCGAGAGC,Negative,Negative,Positive,Negative,,,,Negative,Negative,Negative,Single Sign,Positive,Negative,Reciprocal Sign,Negative,No,Negative,Negative,Positive,Positive,Positive,Negative,Reciprocal Sign,Negative,Negative,,,
190,CCCGAGAGG,CGCGAGAGT,Negative,Negative,Positive,Negative,,,,Negative,Negative,Negative,Single Sign,Positive,Negative,No,Negative,Positive,Negative,Negative,Positive,Positive,Negative,No,Reciprocal Sign,Negative,Negative,,,
191,CCCGAGAGG,CGCGAGAGA,Negative,Single Sign,Negative,Negative,,,,Negative,No,Negative,Positive,Positive,No,Negative,Negative,Positive,Negative,Negative,Positive,Positive,Positive,No,Negative,Negative,Negative,,,
192,CTCGAGAGG,CGCGAGAGC,Negative,Reciprocal Sign,Reciprocal Sign,Negative,,,,Negative,Reciprocal Sign,Negative,Positive,Single Sign,Negative,Reciprocal Sign,Negative,Reciprocal Sign,Negative,Negative,Negative,Negative,Negative,Negative,Reciprocal Sign,No,Negative,,,
193,CTCGAGAGG,CGCGAGAGT,Reciprocal Sign,Reciprocal Sign,Reciprocal Sign,Negative,,,,Reciprocal Sign,Reciprocal Sign,Reciprocal Sign,Positive,Negative,Negative,Single Sign,Negative,Negative,Negative,Negative,Negative,Negative,Negative,Negative,Reciprocal Sign,Positive,Negative,,,
194,CTCGAGAGG,CGCGAGAGA,No,Negative,No,Negative,,,,Negative,Negative,No,Positive,Negative,Negative,Negative,Negative,Positive,Negative,Negative,Positive,Positive,Positive,Negative,Negative,No,Positive,,,
195,CACGAGAGG,CGCGAGAGC,Negative,Negative,Negative,Negative,,,,Positive,Negative,Negative,Negative,Positive,Negative,Reciprocal Sign,Negative,Single Sign,Negative,Negative,Negative,Positive,Positive,No,Negative,Negative,Negative,,,
196,CACGAGAGG,CGCGAGAGT,Negative,Negative,Reciprocal Sign,Negative,,,,No,Negative,Negative,Negative,Positive,Negative,No,No,Negative,Negative,Negative,Negative,Positive,Positive,Negative,Negative,Negative,Negative,,,
197,CACGAGAGG,CGCGAGAGA,Negative,Negative,Negative,Negative,,,,Negative,No,Negative,Negative,Positive,Negative,Single Sign,Negative,Positive,Negative,Negative,Positive,Positive,Positive,Negative,Negative,Negative,Positive,,,
198,CCCGAGAGG,CGCGAGACG,Positive,Negative,Positive,Negative,,,,Positive,No,Positive,Reciprocal Sign,No,Positive,Positive,Negative,Negative,No,No,Positive,Positive,Negative,Positive,,,,Positive,Positive,Positive
199,CCCGAGAGG,CGCGAGATG,Positive,Negative,No,Negative,,,,Positive,Positive,Positive,No,Positive,Negative,Negative,Negative,Positive,Positive,Negative,Positive,Positive,Positive,Positive,,,,No,Positive,Positive
200,CCCGAGAGG,CGCGAGAAG,Positive,Negative,No,Negative,,,,Positive,Positive,Positive,Positive,Positive,Single Sign,Reciprocal Sign,Negative,Positive,Positive,Positive,Positive,Positive,Positive,Positive,,,,Positive,Positive,Positive
201,CTCGAGAGG,CGCGAGACG,Reciprocal Sign,Reciprocal Sign,Reciprocal Sign,Negative,,,,Reciprocal Sign,Reciprocal Sign,Reciprocal Sign,Reciprocal Sign,Negative,Negative,Single Sign,Negative,Reciprocal Sign,Negative,Negative,Negative,Negative,Positive,Negative,,,,Reciprocal Sign,Negative,Negative
202,CTCGAGAGG,CGCGAGATG,Negative,Negative,Negative,Negative,,,,Negative,Negative,Negative,Positive,Reciprocal Sign,Negative,Negative,Negative,Positive,Negative,Positive,Positive,Single Sign,Single Sign,Negative,,,,Negative,Single Sign,Single Sign
203,CTCGAGAGG,CGCGAGAAG,Positive,Negative,Negative,Negative,,,,No,Negative,Negative,Reciprocal Sign,Positive,No,Negative,Negative,No,Negative,Negative,Negative,Positive,Positive,Positive,,,,Negative,Positive,Positive
204,CACGAGAGG,CGCGAGACG,Negative,Negative,Negative,Positive,,,,Positive,Negative,Single Sign,Single Sign,Positive,Reciprocal Sign,No,Negative,No,Negative,No,Negative,Positive,Positive,Negative,,,,No,Negative,Positive
205,CACGAGAGG,CGCGAGATG,Negative,Negative,Negative,Negative,,,,Positive,Negative,Positive,Negative,Negative,Negative,Positive,Negative,Reciprocal Sign,Negative,No,,Single Sign,Single Sign,Negative,,,,Negative,Positive,Positive
206,CACGAGAGG,CGCGAGAAG,Positive,No,Negative,Negative,,,,Positive,Positive,Negative,Negative,No,Negative,Negative,Negative,Negative,Negative,Negative,Negative,Positive,Positive,Positive,,,,Positive,Positive,Positive
207,CCCGAGAGG,CGCGAGCGG,Negative,No,Negative,Positive,,,,Negative,No,Positive,Reciprocal Sign,Positive,Single Sign,Positive,Positive,Positive,Positive,Positive,Positive,,,,Negative,Positive,Positive,Negative,Positive,No
208,CCCGAGAGG,CGCGAGGGG,Negative,Negative,Single Sign,Negative,,,,Negative,Negative,Positive,Single Sign,Positive,Negative,Reciprocal Sign,Negative,Negative,Negative,Negative,Negative,,,,Reciprocal Sign,Negative,Negative,No,Negative,Positive
209,CCCGAGAGG,CGCGAGTGG,Negative,Negative,Positive,Negative,,,,Negative,Negative,Negative,No,Positive,Negative,Negative,Negative,Negative,Negative,No,Negative,,,,Negative,Positive,Negative,Positive,No,Positive
210,CTCGAGAGG,CGCGAGCGG,Positive,Negative,Positive,Single Sign,,,,Positive,Positive,No,Reciprocal Sign,Negative,No,Positive,Single Sign,Single Sign,Single Sign,Negative,Positive,,,,Positive,Positive,Positive,Negative,Positive,Positive
211,CTCGAGAGG,CGCGAGGGG,Reciprocal Sign,Reciprocal Sign,Negative,Negative,,,,Reciprocal Sign,Reciprocal Sign,Reciprocal Sign,Single Sign,Reciprocal Sign,Reciprocal Sign,Reciprocal Sign,Single Sign,Reciprocal Sign,Reciprocal Sign,Negative,Negative,,,,Negative,Positive,Positive,Reciprocal Sign,Positive,Positive
212,CTCGAGAGG,CGCGAGTGG,Negative,Negative,Reciprocal Sign,Negative,,,,Negative,Negative,Negative,Single Sign,Negative,Negative,Reciprocal Sign,Negative,Negative,Negative,Positive,Negative,,,,Positive,Positive,Positive,Negative,Positive,Positive
213,CACGAGAGG,CGCGAGCGG,Positive,Negative,Positive,Single Sign,,,,Positive,Single Sign,Negative,Single Sign,Positive,Single Sign,No,Negative,Positive,No,Negative,Positive,,,,Positive,Negative,No,Positive,Positive,Positive
214,CACGAGAGG,CGCGAGGGG,Reciprocal Sign,Negative,Negative,Negative,,,,Negative,Negative,Negative,Negative,Negative,Reciprocal Sign,Reciprocal Sign,No,Negative,Reciprocal Sign,Negative,Negative,,,,Negative,Positive,No,Reciprocal Sign,No,Positive
215,CACGAGAGG,CGCGAGTGG,Negative,Positive,Negative,Positive,,,,No,Negative,Negative,Negative,No,Negative,Reciprocal Sign,Negative,Negative,Negative,No,Negative,,,,No,Positive,No,Positive,Positive,Positive
216,CCCGAGAGG,CGCGACAGG,Negative,Negative,Negative,,,,,No,Positive,Positive,Single Sign,Single Sign,Positive,Negative,,Negative,,,,Positive,Positive,Single Sign,Negative,Negative,Negative,Positive,Positive,Positive
217,CCCGAGAGG,CGCGATAGG,Positive,Negative,Negative,Negative,,,,Positive,Positive,Positive,Positive,Positive,Single Sign,Negative,Negative,Positive,,,,Positive,Positive,Positive,Negative,Negative,Negative,Negative,Negative,Positive
218,CCCGAGAGG,CGCGAAAGG,Positive,Negative,Negative,No,,,,Negative,Positive,Positive,Single Sign,Positive,Positive,Negative,Negative,Positive,,,,Positive,Positive,Positive,Negative,Positive,Negative,Negative,No,No
219,CTCGAGAGG,CGCGACAGG,Negative,Negative,Negative,,,,,Negative,Negative,Negative,Single Sign,Reciprocal Sign,Negative,Negative,,No,,,,No,Positive,Positive,Negative,Positive,Positive,Positive,Positive,Positive
220,CTCGAGAGG,CGCGATAGG,No,Negative,Negative,Negative,,,,Negative,Negative,Negative,Positive,Negative,No,Negative,Negative,No,,,,Single Sign,Positive,Negative,Negative,Positive,Single Sign,Negative,Positive,Positive
221,CTCGAGAGG,CGCGAAAGG,Single Sign,Negative,Positive,No,,,,Single Sign,Positive,Single Sign,Single Sign,Reciprocal Sign,Negative,Negative,Negative,Single Sign,,,,Positive,No,Single Sign,Negative,No,Negative,No,No,Positive
222,CACGAGAGG,CGCGACAGG,Positive,Negative,Negative,,,,,No,No,Positive,No,Negative,Negative,No,,Negative,,,,Positive,Positive,Positive,Negative,,Single Sign,Positive,Positive,Single Sign
223,CACGAGAGG,CGCGATAGG,Positive,Negative,Negative,Negative,,,,Positive,Positive,Positive,Negative,Positive,Negative,Single Sign,Negative,Negative,,,,Single Sign,Positive,Positive,Negative,Positive,Single Sign,Positive,Positive,Positive
224,CACGAGAGG,CGCGAAAGG,Single Sign,Negative,No,Positive,,,,Positive,Single Sign,Negative,No,Negative,Reciprocal Sign,Reciprocal Sign,Negative,Positive,,,,Positive,Positive,Positive,Negative,No,Negative,Positive,No,Positive
225,CCCGAGAGG,CGCGCGAGG,Positive,Negative,Negative,Negative,,,,Positive,Positive,Positive,Single Sign,Positive,Negative,,,,Positive,Positive,Positive,Positive,Positive,Positive,Negative,Positive,Negative,Positive,Positive,Positive
226,CCCGAGAGG,CGCGGGAGG,Positive,Negative,Negative,Negative,,,,Positive,Positive,Positive,Reciprocal Sign,Positive,No,,,,Positive,Positive,,Positive,Positive,Positive,Negative,Positive,Positive,Positive,Positive,Positive
227,CCCGAGAGG,CGCGTGAGG,Positive,Negative,Positive,Positive,,,,Positive,Positive,Positive,Single Sign,Reciprocal Sign,Reciprocal Sign,,,,Positive,Positive,Positive,Positive,Positive,Positive,Negative,Positive,Positive,Positive,Positive,Positive
228,CTCGAGAGG,CGCGCGAGG,Negative,Negative,Negative,Negative,,,,Negative,Negative,Negative,Single Sign,Reciprocal Sign,Negative,,,,Positive,Negative,Negative,Positive,No,Positive,Negative,Positive,Positive,Positive,Positive,Positive
229,CTCGAGAGG,CGCGGGAGG,No,Negative,Negative,Negative,,,,Negative,Negative,Negative,Reciprocal Sign,Single Sign,Negative,,,,Negative,Negative,,Positive,Positive,Positive,Negative,Negative,Positive,Negative,Positive,Positive
230,CTCGAGAGG,CGCGTGAGG,Negative,Negative,Negative,Negative,,,,Positive,Negative,Negative,Positive,Negative,Negative,,,,Negative,Negative,Negative,Negative,No,Negative,Negative,No,Positive,Negative,Positive,Positive
231,CACGAGAGG,CGCGCGAGG,Negative,Negative,Negative,Negative,,,,Positive,Positive,Negative,Positive,Single Sign,Negative,,,,No,Negative,Negative,Positive,Positive,No,Negative,Positive,No,Positive,Positive,Positive
232,CACGAGAGG,CGCGGGAGG,Positive,Negative,Negative,Negative,,,,Positive,Negative,Positive,Positive,Positive,Negative,,,,Negative,Negative,,Positive,Positive,Negative,Negative,Negative,No,Negative,Positive,Positive
233,CACGAGAGG,CGCGTGAGG,Negative,Negative,Negative,Negative,,,,Positive,No,Positive,Reciprocal Sign,Reciprocal Sign,Negative,,,,Negative,Negative,Negative,Positive,No,Negative,Negative,Positive,Positive,Positive,Positive,Positive
234,CCCGAGAGG,CGCCAGAGG,Positive,Negative,Positive,Negative,,,,Positive,Positive,Positive,,,,Reciprocal Sign,Negative,Positive,Positive,Positive,Positive,Positive,Positive,Positive,No,Positive,Positive,Positive,Positive,Positive
235,CCCGAGAGG,CGCTAGAGG,Positive,Negative,Negative,Positive,,,,Positive,Positive,Positive,,,,Negative,Negative,No,Positive,Positive,Positive,Positive,Positive,Positive,Negative,Positive,Negative,Positive,Positive,Positive
236,CCCGAGAGG,CGCAAGAGG,Positive,Negative,Positive,Positive,,,,Positive,Positive,Positive,,,,Negative,No,Positive,Positive,Positive,Positive,Positive,Positive,Positive,Negative,No,Positive,Positive,Positive,Positive
237,CTCGAGAGG,CGCCAGAGG,Negative,Negative,Negative,Negative,,,,No,Negative,Negative,,,,Negative,Negative,Negative,Negative,Negative,Negative,Positive,Positive,Negative,Negative,No,Positive,Negative,Positive,Positive
238,CTCGAGAGG,CGCTAGAGG,Negative,Negative,Negative,Negative,,,,Negative,Negative,Negative,,,,Negative,Single Sign,Negative,Negative,Negative,Negative,Positive,Positive,Negative,Negative,Negative,Positive,Negative,Positive,Positive
239,CTCGAGAGG,CGCAAGAGG,Negative,Negative,Negative,Negative,,,,Negative,Negative,Negative,,,,Reciprocal Sign,Negative,Positive,Negative,Negative,Negative,Positive,Positive,Negative,Negative,Negative,Positive,Negative,Positive,Positive
240,CACGAGAGG,CGCCAGAGG,Positive,Negative,Negative,Negative,,,,Positive,No,Negative,,,,Negative,Negative,Negative,Negative,Negative,Negative,Positive,Positive,Positive,Negative,Negative,Negative,Positive,Positive,Positive
241,CACGAGAGG,CGCTAGAGG,Negative,Negative,Negative,Negative,,,,Positive,Positive,Positive,,,,No,Negative,No,Negative,Negative,Negative,Positive,Positive,Negative,Negative,Negative,Positive,No,Positive,Positive
242,CACGAGAGG,CGCAAGAGG,No,Negative,Negative,Negative,,,,Positive,No,Positive,,,,Reciprocal Sign,No,Positive,Negative,Negative,Negative,Positive,Positive,Positive,Negative,Negative,Positive,Negative,Positive,Positive
243,CCCGAGAGG,CGGGAGAGG,No,Negative,Reciprocal Sign,Negative,,,,,,,Positive,Positive,Negative,No,Negative,Positive,No,Negative,Positive,Negative,Positive,Positive,Negative,Negative,Negative,Negative,Positive,Positive
244,CCCGAGAGG,CGTGAGAGG,Negative,Negative,No,Negative,,,,,,,Single Sign,Reciprocal Sign,No,Negative,Negative,Negative,No,No,Positive,Negative,Positive,Positive,Negative,Negative,Negative,No,Positive,Positive
245,CCCGAGAGG,CGAGAGAGG,Negative,Negative,Positive,No,,,,,,,Positive,Positive,Positive,Negative,Negative,Positive,Negative,Negative,Positive,No,Positive,Negative,Negative,No,Negative,Negative,Positive,Positive
246,CTCGAGAGG,CGGGAGAGG,Negative,Reciprocal Sign,Negative,No,,,,,,,Positive,Single Sign,Negative,Negative,Negative,Reciprocal Sign,Negative,Negative,Negative,Negative,Positive,Negative,Negative,No,Negative,Negative,No,Positive
247,CTCGAGAGG,CGTGAGAGG,Negative,Negative,Negative,Negative,,,,,,,Positive,Negative,Negative,Negative,Negative,Negative,Negative,Negative,Negative,Negative,No,Negative,Negative,Reciprocal Sign,Negative,Negative,Negative,Negative
248,CTCGAGAGG,CGAGAGAGG,Negative,Negative,Single Sign,No,,,,,,,Single Sign,No,Negative,No,Negative,Negative,Negative,Negative,Negative,Negative,Positive,Negative,Negative,Negative,Negative,Negative,No,Positive
249,CACGAGAGG,CGGGAGAGG,Reciprocal Sign,Negative,Reciprocal Sign,Negative,,,,,,,Negative,Positive,Negative,No,Negative,Negative,Reciprocal Sign,Negative,Negative,Positive,Positive,Reciprocal Sign,Negative,Negative,Single Sign,Reciprocal Sign,Positive,Positive
250,CACGAGAGG,CGTGAGAGG,Reciprocal Sign,Negative,No,Negative,,,,,,,Reciprocal Sign,Reciprocal Sign,Negative,Reciprocal Sign,Reciprocal Sign,No,Negative,Negative,Negative,Negative,Positive,Negative,Negative,Negative,Negative,Negative,Negative,Negative
251,CACGAGAGG,CGAGAGAGG,Reciprocal Sign,Negative,Negative,Negative,,,,,,,Negative,Positive,Negative,Single Sign,Negative,Reciprocal Sign,Reciprocal Sign,Negative,Reciprocal Sign,Positive,Positive,Reciprocal Sign,Negative,Negative,Negative,Reciprocal Sign,Positive,Positive
252,GGCGAGAGG,CGCGAGAGC,Positive,,,,Single Sign,Positive,Single Sign,Positive,Negative,Positive,No,Positive,Negative,Positive,Negative,Negative,Negative,Negative,,Positive,Positive,No,Reciprocal Sign,Positive,Negative,,,
253,GGCGAGAGG,CGCGAGAGT,Positive,,,,Single Sign,Positive,Single Sign,Negative,Negative,Negative,No,Positive,Negative,No,Negative,Negative,Negative,Negative,,Positive,Positive,No,Reciprocal Sign,Positive,No,,,
254,GGCGAGAGG,CGCGAGAGA,No,,,,Negative,Negative,Negative,Negative,Negative,Negative,Negative,Reciprocal Sign,Negative,Single Sign,Negative,No,Negative,No,,Positive,Positive,Positive,Negative,Positive,Positive,,,
255,TGCGAGAGG,CGCGAGAGC,Negative,,,,Reciprocal Sign,Negative,Positive,Negative,Negative,Negative,Reciprocal Sign,Positive,Reciprocal Sign,Negative,Negative,Negative,Negative,Negative,Negative,Positive,Positive,Negative,Negative,No,Positive,,,
256,TGCGAGAGG,CGCGAGAGT,Negative,,,,Reciprocal Sign,Negative,Positive,Negative,Negative,Negative,No,Positive,Negative,Reciprocal Sign,Negative,No,Negative,Negative,Negative,Positive,Positive,Negative,Negative,Negative,Positive,,,
257,TGCGAGAGG,CGCGAGAGA,Negative,,,,Negative,Negative,Negative,No,Negative,Negative,No,Positive,Positive,Reciprocal Sign,Negative,Positive,Negative,Negative,Positive,Positive,Positive,Negative,Negative,Negative,Positive,,,
258,AGCGAGAGG,CGCGAGAGC,Single Sign,,,,Single Sign,Negative,Positive,Positive,Single Sign,No,Single Sign,Positive,Negative,No,Negative,Negative,Single Sign,Negative,Negative,Positive,Reciprocal Sign,Negative,Negative,No,Negative,,,
259,AGCGAGAGG,CGCGAGAGT,Single Sign,,,,Single Sign,Negative,Positive,Negative,Positive,Positive,Positive,Positive,No,Reciprocal Sign,Negative,Positive,Single Sign,Negative,Negative,Positive,Positive,Negative,No,No,Negative,,,
260,AGCGAGAGG,CGCGAGAGA,Negative,,,,Negative,Negative,Single Sign,Reciprocal Sign,Negative,Reciprocal Sign,No,No,Positive,Reciprocal Sign,Negative,Reciprocal Sign,No,Negative,No,Positive,No,Negative,No,Negative,Negative,,,
261,GGCGAGAGG,CGCGAGACG,Positive,,,,Single Sign,Positive,Negative,Positive,Positive,Positive,Reciprocal Sign,Single Sign,Negative,Positive,Negative,Reciprocal Sign,Positive,Negative,,Positive,Negative,Positive,,,,Single Sign,Positive,No
262,GGCGAGAGG,CGCGAGATG,Positive,,,,Positive,Positive,Negative,Positive,Positive,Positive,Negative,Positive,Negative,Positive,Negative,Positive,Positive,Negative,,Positive,Positive,Positive,,,,Single Sign,Positive,Positive
263,GGCGAGAGG,CGCGAGAAG,Positive,,,,Positive,Positive,Positive,Positive,Positive,Positive,Reciprocal Sign,Positive,Negative,Negative,Negative,Negative,Positive,No,,Positive,Positive,Negative,,,,Positive,Positive,Negative
264,TGCGAGAGG,CGCGAGACG,Positive,,,,Reciprocal Sign,Negative,Positive,Negative,Positive,Negative,Single Sign,Single Sign,Positive,Positive,Negative,No,Positive,Negative,Positive,Positive,Positive,Positive,,,,Positive,Positive,Positive
265,TGCGAGAGG,CGCGAGATG,Positive,,,,Negative,Negative,Negative,Negative,Positive,Negative,Negative,Positive,Negative,Single Sign,Negative,Positive,Positive,No,Negative,Positive,Positive,Negative,,,,Positive,Positive,Positive
266,TGCGAGAGG,CGCGAGAAG,Positive,,,,Negative,No,Negative,Positive,Positive,Negative,No,Positive,Single Sign,Negative,No,Positive,Positive,Negative,Negative,Positive,Positive,Negative,,,,Positive,Positive,Positive
267,AGCGAGAGG,CGCGAGACG,Single Sign,,,,Single Sign,Negative,Negative,Negative,Single Sign,No,Positive,Single Sign,Positive,Reciprocal Sign,Negative,No,Single Sign,Negative,Negative,Positive,Negative,Positive,,,,Single Sign,Positive,Positive
268,AGCGAGAGG,CGCGAGATG,Positive,,,,Positive,Positive,Negative,No,Positive,No,Single Sign,Negative,Positive,Single Sign,Negative,Positive,Single Sign,Negative,Negative,Positive,No,Negative,,,,Positive,Negative,Negative
269,AGCGAGAGG,CGCGAGAAG,Positive,,,,Positive,Positive,Negative,No,Positive,Negative,Reciprocal Sign,Positive,Single Sign,Negative,Negative,Positive,Positive,No,Negative,Negative,Negative,Negative,,,,Positive,No,Negative
270,GGCGAGAGG,CGCGAGCGG,Negative,,,,Positive,Positive,Positive,Negative,Negative,Negative,Positive,Positive,Negative,Positive,Negative,,No,Negative,,,,,Negative,Negative,Positive,Negative,Negative,Negative
271,GGCGAGAGG,CGCGAGGGG,Negative,,,,Positive,Positive,No,Positive,Negative,Negative,Single Sign,Positive,Negative,,No,Reciprocal Sign,Negative,Negative,,,,,Reciprocal Sign,Negative,Negative,Positive,No,Negative
272,GGCGAGAGG,CGCGAGTGG,Negative,,,,Single Sign,Negative,Single Sign,Negative,Negative,Negative,No,Positive,Reciprocal Sign,Negative,Negative,Negative,Negative,Negative,,,,,Negative,No,Negative,Positive,Negative,Negative
273,TGCGAGAGG,CGCGAGCGG,Positive,,,,Positive,Single Sign,Single Sign,Negative,Negative,No,Positive,Reciprocal Sign,Single Sign,Reciprocal Sign,Single Sign,Positive,No,Negative,Positive,,,,Negative,Negative,Positive,Positive,No,Negative
274,TGCGAGAGG,CGCGAGGGG,Negative,,,,Negative,Negative,Single Sign,Negative,Negative,Negative,No,Positive,No,No,No,Negative,Negative,Negative,Negative,,,,Reciprocal Sign,No,Negative,No,Positive,Negative
275,TGCGAGAGG,CGCGAGTGG,Negative,,,,Negative,Negative,Positive,Negative,Negative,Negative,Negative,Positive,Positive,Negative,Negative,No,Negative,Negative,Negative,,,,Negative,Positive,Negative,Positive,Positive,No
276,AGCGAGAGG,CGCGAGCGG,Positive,,,,Negative,Negative,Single Sign,No,Positive,Reciprocal Sign,Reciprocal Sign,Reciprocal Sign,Single Sign,Reciprocal Sign,No,Positive,Positive,Negative,Positive,,,,Negative,Negative,Negative,Positive,Negative,Negative
277,AGCGAGAGG,CGCGAGGGG,Positive,,,,Reciprocal Sign,Negative,Single Sign,Positive,Positive,Reciprocal Sign,No,Negative,Negative,Negative,Negative,Negative,Single Sign,Negative,Negative,,,,Reciprocal Sign,No,Reciprocal Sign,Positive,Negative,Negative
278,AGCGAGAGG,CGCGAGTGG,Positive,,,,Single Sign,Negative,Positive,No,Negative,Negative,Negative,Negative,Reciprocal Sign,No,Negative,Negative,Positive,Negative,Negative,,,,Negative,No,Negative,Positive,No,No
279,GGCGAGAGG,CGCGACAGG,,,,,Positive,Positive,Single Sign,Single Sign,Single Sign,Single Sign,Single Sign,No,Negative,Reciprocal Sign,,,,,,Positive,Positive,Single Sign,Negative,Positive,Positive,Single Sign,Positive,Negative
280,GGCGAGAGG,CGCGATAGG,Single Sign,,,,Positive,Positive,Single Sign,Single Sign,Single Sign,Single Sign,Single Sign,Reciprocal Sign,Negative,,,Negative,,,,Positive,Positive,Single Sign,Positive,Positive,Single Sign,Single Sign,Positive,Negative
281,GGCGAGAGG,CGCGAAAGG,Positive,,,,Positive,Positive,Positive,No,Negative,Positive,Single Sign,Positive,Negative,Positive,Negative,Positive,,,,Positive,Positive,Positive,Negative,Positive,No,Positive,No,Negative
282,TGCGAGAGG,CGCGACAGG,Single Sign,,,,Negative,No,Positive,Negative,Single Sign,Single Sign,Reciprocal Sign,No,Positive,Negative,,Negative,,,,Single Sign,Positive,Single Sign,Negative,Positive,Single Sign,Single Sign,Single Sign,Positive
283,TGCGAGAGG,CGCGATAGG,Single Sign,,,,Negative,Positive,Positive,Negative,Single Sign,No,Reciprocal Sign,Positive,Single Sign,Reciprocal Sign,Negative,Reciprocal Sign,,,,Single Sign,Single Sign,Single Sign,No,Positive,Single Sign,Single Sign,Positive,Positive
284,TGCGAGAGG,CGCGAAAGG,Positive,,,,Negative,Positive,Negative,No,Positive,Reciprocal Sign,Negative,Negative,Positive,Single Sign,Negative,Reciprocal Sign,,,,Positive,No,No,Negative,Positive,Positive,Positive,No,No
285,AGCGAGAGG,CGCGACAGG,Single Sign,,,,Positive,Single Sign,Positive,No,Single Sign,Negative,Single Sign,Negative,Positive,Negative,,Positive,,,,Positive,Negative,Single Sign,Negative,Negative,Negative,Single Sign,Negative,Negative
286,AGCGAGAGG,CGCGATAGG,Single Sign,,,,Positive,Single Sign,Positive,No,Positive,Negative,Single Sign,Reciprocal Sign,Single Sign,Reciprocal Sign,Negative,Negative,,,,No,Negative,Positive,Positive,No,Negative,Single Sign,Negative,Negative
287,AGCGAGAGG,CGCGAAAGG,Positive,,,,No,No,No,No,Positive,Single Sign,Single Sign,No,No,Negative,Negative,Positive,,,,Positive,Positive,Positive,No,Single Sign,Positive,Positive,Positive,Negative
288,GGCGAGAGG,CGCGCGAGG,Positive,,,,Positive,Positive,Positive,Positive,Positive,Positive,Single Sign,Positive,Negative,,,,Positive,Negative,,Positive,Positive,,Negative,Positive,Negative,Positive,Positive,Positive
289,GGCGAGAGG,CGCGGGAGG,Positive,,,,Positive,Positive,Negative,Positive,Positive,Positive,Reciprocal Sign,Reciprocal Sign,Negative,,,,Positive,,,Positive,Positive,Positive,Negative,Positive,Positive,Positive,Positive,Positive
290,GGCGAGAGG,CGCGTGAGG,Positive,,,,Positive,Positive,Positive,Positive,Positive,Positive,Single Sign,Reciprocal Sign,Negative,,,,Positive,,,Positive,,Positive,Negative,Positive,Positive,Positive,Positive,Positive
291,TGCGAGAGG,CGCGCGAGG,Positive,,,,Negative,No,Negative,Positive,Positive,Negative,Positive,Positive,Reciprocal Sign,,,,Positive,Negative,Negative,Positive,Positive,Positive,Negative,Positive,No,Positive,Positive,Negative
292,TGCGAGAGG,CGCGGGAGG,Positive,,,,Negative,Negative,Negative,Positive,Positive,Positive,Positive,Positive,No,,,,Positive,Negative,,Positive,Positive,Positive,Positive,Positive,Positive,Positive,Positive,Positive
293,TGCGAGAGG,CGCGTGAGG,Positive,,,,Negative,Negative,Negative,Positive,Positive,Positive,No,Positive,Negative,,,,Positive,Negative,Negative,Positive,Positive,Positive,Negative,Positive,Positive,Positive,Positive,Positive
294,AGCGAGAGG,CGCGCGAGG,Positive,,,,Positive,Negative,Negative,Negative,Positive,Negative,Single Sign,Negative,No,,,,Positive,Negative,Negative,Negative,Negative,Positive,Negative,Positive,Negative,Positive,Negative,Negative
295,AGCGAGAGG,CGCGGGAGG,Positive,,,,Positive,Positive,Negative,No,Positive,No,Reciprocal Sign,Positive,Negative,,,,Positive,Negative,,Positive,Negative,Positive,Positive,Negative,Negative,Positive,No,Negative
296,AGCGAGAGG,CGCGTGAGG,Positive,,,,Positive,Positive,Negative,No,Positive,No,Single Sign,No,Negative,,,,Negative,Negative,Negative,Positive,Negative,Positive,Negative,Positive,Negative,Positive,No,Negative
297,GGCGAGAGG,CGCCAGAGG,Positive,,,,Positive,Positive,Positive,Positive,Positive,Positive,,,,Negative,Negative,No,Positive,Negative,,Positive,Positive,Positive,Negative,Positive,Positive,Positive,Positive,Positive
298,GGCGAGAGG,CGCTAGAGG,Positive,,,,Positive,Positive,Positive,Positive,Positive,Positive,,,,Negative,Single Sign,Negative,Positive,Negative,,Positive,Positive,Positive,Negative,Positive,Positive,Positive,Positive,Positive
299,GGCGAGAGG,CGCAAGAGG,Positive,,,,Positive,Positive,Positive,Positive,Positive,Positive,,,,Negative,Negative,Positive,Positive,Negative,,Positive,Positive,Positive,Negative,No,Positive,Positive,Positive,Positive
300,TGCGAGAGG,CGCCAGAGG,Positive,,,,Negative,No,Negative,Positive,No,Negative,,,,Negative,Negative,Negative,Positive,Negative,Negative,Positive,Positive,Positive,No,No,Positive,Positive,Positive,No
301,TGCGAGAGG,CGCTAGAGG,No,,,,Negative,No,Negative,Positive,Positive,Negative,,,,Negative,No,Positive,Negative,Negative,Negative,Positive,Positive,Positive,No,No,Positive,Positive,Positive,Positive
302,TGCGAGAGG,CGCAAGAGG,Positive,,,,Negative,Positive,Positive,Positive,Positive,Positive,,,,Single Sign,Negative,Positive,Positive,Negative,Negative,Positive,Positive,Positive,Negative,No,Positive,Positive,Positive,Positive
303,AGCGAGAGG,CGCCAGAGG,Positive,,,,Positive,No,Negative,Positive,Positive,No,,,,Negative,Negative,Reciprocal Sign,Positive,No,Positive,No,No,Positive,Positive,Positive,Negative,Positive,Negative,Negative
304,AGCGAGAGG,CGCTAGAGG,Positive,,,,Positive,Positive,Negative,No,Positive,Negative,,,,Positive,Negative,Positive,Positive,Negative,Negative,No,Negative,Positive,No,Negative,Negative,Positive,Negative,Negative
305,AGCGAGAGG,CGCAAGAGG,Positive,,,,Positive,Positive,Negative,Positive,Positive,No,,,,Single Sign,No,Positive,Positive,Negative,No,Positive,No,Positive,No,Positive,Negative,Positive,Negative,Negative
306,GGCGAGAGG,CGGGAGAGG,No,,,,Negative,Positive,No,,,,Positive,Negative,Negative,Positive,Negative,Reciprocal Sign,Negative,Negative,,Negative,No,No,Negative,Negative,Negative,Negative,Negative,Negative
307,GGCGAGAGG,CGTGAGAGG,Positive,,,,Positive,No,Negative,,,,No,Reciprocal Sign,Negative,Reciprocal Sign,Negative,Negative,Negative,Negative,,No,Positive,No,Negative,Negative,Negative,Negative,Negative,Negative
308,GGCGAGAGG,CGAGAGAGG,Negative,,,,No,Positive,No,,,,No,Positive,Negative,Positive,Negative,Negative,Negative,Negative,,No,Positive,No,Negative,Negative,Negative,Negative,Negative,Negative
309,TGCGAGAGG,CGGGAGAGG,Positive,,,,Negative,Positive,Negative,,,,Positive,Positive,Negative,No,Negative,Negative,Single Sign,Negative,Negative,Negative,Negative,No,Negative,Negative,Negative,Positive,Negative,Negative
310,TGCGAGAGG,CGTGAGAGG,Negative,,,,Single Sign,No,No,,,,Negative,Positive,Reciprocal Sign,Negative,Negative,Reciprocal Sign,Negative,Negative,Negative,No,Positive,Negative,Negative,Negative,Positive,No,Negative,No
311,TGCGAGAGG,CGAGAGAGG,Negative,,,,Negative,Reciprocal Sign,Negative,,,,Reciprocal Sign,Positive,Positive,Positive,Negative,Negative,Negative,Reciprocal Sign,Reciprocal Sign,Negative,Negative,Negative,Reciprocal Sign,Negative,Negative,Negative,Negative,Negative
312,AGCGAGAGG,CGGGAGAGG,Single Sign,,,,Positive,Negative,Negative,,,,Single Sign,No,No,Single Sign,Negative,No,Single Sign,Negative,Negative,Positive,Negative,No,Negative,Single Sign,Negative,Positive,Single Sign,Negative
313,AGCGAGAGG,CGTGAGAGG,Positive,,,,Positive,Negative,Negative,,,,No,Reciprocal Sign,Positive,Positive,Negative,Positive,No,Negative,Negative,Negative,No,No,Negative,No,Negative,Positive,Reciprocal Sign,No
314,AGCGAGAGG,CGAGAGAGG,Single Sign,,,,Reciprocal Sign,Positive,Negative,,,,Single Sign,No,Positive,Positive,Negative,Positive,Single Sign,Negative,Negative,Single Sign,Positive,Single Sign,No,Reciprocal Sign,Negative,Positive,Reciprocal Sign,Negative
315,GGCGAGAGG,CCCGAGAGG,Positive,,,,,,,Positive,Positive,Positive,Reciprocal Sign,Reciprocal Sign,Reciprocal Sign,Negative,Negative,Negative,Positive,Negative,,Positive,Positive,Positive,Negative,Negative,Negative,Positive,Positive,Positive
316,GGCGAGAGG,CTCGAGAGG,Negative,,,,,,,Positive,Negative,Positive,Reciprocal Sign,Negative,Negative,Negative,Negative,Reciprocal Sign,Negative,Negative,,Positive,Positive,Positive,Negative,Negative,Positive,Negative,Positive,No
317,GGCGAGAGG,CACGAGAGG,Positive,,,,,,,Positive,Positive,Positive,No,Positive,Negative,No,Negative,Negative,Positive,Negative,,Positive,Positive,Positive,Negative,Positive,Reciprocal Sign,Positive,Positive,Reciprocal Sign
318,TGCGAGAGG,CCCGAGAGG,Positive,,,,,,,Positive,Positive,Positive,Single Sign,Positive,Positive,Single Sign,Negative,Positive,Positive,Positive,Positive,Positive,Positive,Positive,Negative,Positive,Reciprocal Sign,Positive,Reciprocal Sign,Reciprocal Sign
319,TGCGAGAGG,CTCGAGAGG,Positive,,,,,,,Single Sign,Positive,Single Sign,Single Sign,Positive,No,Negative,Negative,Positive,Positive,Negative,Negative,Negative,Negative,Single Sign,Negative,Negative,Negative,Positive,Negative,Negative
320,TGCGAGAGG,CACGAGAGG,Single Sign,,,,,,,No,Reciprocal Sign,Negative,Negative,Reciprocal Sign,Negative,Negative,Negative,No,Single Sign,Negative,Negative,Positive,Positive,Single Sign,Negative,No,Negative,Single Sign,Negative,Negative
321,AGCGAGAGG,CCCGAGAGG,Reciprocal Sign,,,,,,,Positive,Positive,Positive,Positive,Positive,No,Negative,Negative,Reciprocal Sign,Reciprocal Sign,Single Sign,Single Sign,Positive,Reciprocal Sign,Reciprocal Sign,Positive,Reciprocal Sign,Positive,Reciprocal Sign,Positive,Positive
322,AGCGAGAGG,CTCGAGAGG,No,,,,,,,Reciprocal Sign,Negative,Reciprocal Sign,Reciprocal Sign,Negative,Reciprocal Sign,No,Negative,Negative,Negative,Negative,Negative,Negative,Negative,Negative,Negative,Negative,Negative,Negative,Negative,Negative
323,AGCGAGAGG,CACGAGAGG,No,,,,,,,Single Sign,Positive,Positive,No,Positive,Negative,No,Negative,Positive,Negative,Negative,Negative,Reciprocal Sign,Positive,Negative,Negative,No,Single Sign,No,Positive,Positive
