,Mutant_A,Mutant_B,NM,TATGAACGG,GATGAACGG,CATGAACGG,ATTGAACGG,AGTGAACGG,ACTGAACGG,AAAGAACGG,AAGGAACGG,AACGAACGG,AATAAACGG,AATTAACGG,AATCAACGG,AATGTACGG,AATGGACGG,AATGCACGG,AATGATCGG,AATGAGCGG,AATGACCGG,AATGAAAGG,AATGAATGG,AATGAAGGG,AATGAACAG,AATGAACTG,AATGAACCG,AATGAACGA,AATGAACGT,AATGAACGC
0,AATGAACCG,AATGAACGC,Negative,Negative,Negative,Negative,Negative,Negative,Negative,Negative,Negative,Positive,No,Negative,Positive,Negative,Reciprocal Sign,Negative,Negative,No,Positive,Negative,Positive,No,,,,,,
1,AATGAACCG,AATGAACGT,Negative,Negative,Negative,Negative,No,No,No,Negative,Negative,Positive,Reciprocal Sign,Negative,Positive,Positive,Negative,Negative,Negative,Positive,Positive,Negative,Positive,Negative,,,,,,
2,AATGAACCG,AATGAACGA,Negative,No,Negative,No,No,Negative,Negative,Negative,Negative,Negative,Positive,Reciprocal Sign,Positive,Positive,Negative,Reciprocal Sign,Negative,No,Negative,Negative,Positive,Negative,,,,,,
3,AATGAACTG,AATGAACGC,No,Negative,Positive,No,No,Negative,Negative,Negative,Negative,Single Sign,No,Negative,Positive,Negative,Positive,Negative,No,No,Positive,Negative,Single Sign,Positive,,,,,,
4,AATGAACTG,AATGAACGT,Positive,Negative,Positive,Positive,Positive,No,Negative,Negative,Negative,Single Sign,Negative,Negative,Positive,Positive,No,Negative,Negative,No,Positive,Negative,Single Sign,No,,,,,,
5,AATGAACTG,AATGAACGA,No,Negative,Positive,Single Sign,Positive,Negative,Negative,Negative,Negative,Positive,Reciprocal Sign,Reciprocal Sign,Positive,Positive,No,Negative,Negative,Single Sign,No,Negative,Positive,No,,,,,,
6,AATGAACAG,AATGAACGC,Negative,Negative,Negative,Negative,Negative,Negative,Negative,Negative,Negative,Negative,Single Sign,Negative,Positive,Negative,No,Negative,Negative,Negative,Negative,Negative,Reciprocal Sign,Negative,,,,,,
7,AATGAACAG,AATGAACGT,Negative,Reciprocal Sign,Negative,Negative,Reciprocal Sign,Negative,Negative,Negative,Negative,Negative,Single Sign,Negative,Positive,Positive,Negative,Negative,Reciprocal Sign,Negative,Negative,Negative,Reciprocal Sign,Negative,,,,,,
8,AATGAACAG,AATGAACGA,No,No,Negative,No,Positive,No,Negative,Positive,Negative,Single Sign,Positive,Reciprocal Sign,Positive,Positive,Reciprocal Sign,Negative,Negative,Negative,Single Sign,Negative,Positive,Positive,,,,,,
9,AATGAAGGG,AATGAACGC,Negative,Negative,Negative,Negative,Negative,Negative,No,Negative,Negative,Single Sign,No,No,Positive,Negative,Positive,Negative,Negative,Negative,Positive,,,,Positive,Negative,Single Sign,,,
10,AATGAAGGG,AATGAACGT,No,Negative,Negative,No,Negative,No,Negative,Negative,Negative,Positive,No,Negative,Positive,Positive,Positive,No,Negative,No,Positive,,,,Positive,Negative,Single Sign,,,
11,AATGAAGGG,AATGAACGA,Negative,Negative,Negative,No,No,Negative,Negative,Negative,Negative,Positive,Positive,Negative,Positive,Positive,Single Sign,Negative,Negative,No,No,,,,No,No,No,,,
12,AATGAATGG,AATGAACGC,Negative,Negative,Negative,Negative,Reciprocal Sign,Negative,Negative,Negative,Negative,Negative,Negative,No,Positive,Negative,No,Negative,Negative,Negative,Negative,,,,Reciprocal Sign,Single Sign,Single Sign,,,
13,AATGAATGG,AATGAACGT,Negative,Negative,Negative,Negative,Reciprocal Sign,Negative,Negative,Negative,Negative,Negative,Negative,Negative,Positive,Positive,Reciprocal Sign,Negative,Negative,Negative,Negative,,,,Reciprocal Sign,Single Sign,Single Sign,,,
14,AATGAATGG,AATGAACGA,Reciprocal Sign,Negative,Reciprocal Sign,Negative,Reciprocal Sign,Reciprocal Sign,Reciprocal Sign,Reciprocal Sign,Reciprocal Sign,Negative,No,No,Positive,No,No,Negative,Reciprocal Sign,Negative,Negative,,,,Negative,Negative,Negative,,,
15,AATGAAAGG,AATGAACGC,Single Sign,Reciprocal Sign,Positive,Single Sign,Negative,Positive,Positive,Single Sign,Positive,Reciprocal Sign,Negative,Negative,Positive,Negative,Reciprocal Sign,Negative,Positive,Single Sign,Single Sign,,,,Positive,Reciprocal Sign,Single Sign,,,
16,AATGAAAGG,AATGAACGT,Single Sign,Reciprocal Sign,Positive,Single Sign,Negative,Positive,Positive,Single Sign,Positive,Reciprocal Sign,No,Negative,Positive,Positive,Negative,Negative,Positive,Reciprocal Sign,Single Sign,,,,Positive,Reciprocal Sign,Single Sign,,,
17,AATGAAAGG,AATGAACGA,Single Sign,Negative,Negative,Negative,No,Negative,Negative,No,Negative,Reciprocal Sign,Positive,Negative,Positive,Positive,Negative,Negative,Negative,Negative,No,,,,No,Reciprocal Sign,No,,,
18,AATGAAGGG,AATGAACCG,Single Sign,Reciprocal Sign,Reciprocal Sign,Reciprocal Sign,Reciprocal Sign,Single Sign,Single Sign,Single Sign,Single Sign,Single Sign,Negative,Negative,Positive,Negative,Negative,Reciprocal Sign,Single Sign,Single Sign,Single Sign,,,,,,,Single Sign,Single Sign,Single Sign
19,AATGAAGGG,AATGAACTG,No,Positive,Single Sign,Single Sign,Positive,Negative,No,Negative,Negative,Negative,Reciprocal Sign,No,Positive,Positive,No,Negative,Single Sign,Negative,Single Sign,,,,,,,Positive,No,Positive
20,AATGAAGGG,AATGAACAG,Reciprocal Sign,Negative,Negative,Negative,Negative,Reciprocal Sign,Reciprocal Sign,Reciprocal Sign,Reciprocal Sign,Reciprocal Sign,Reciprocal Sign,Negative,Positive,Positive,No,Reciprocal Sign,Reciprocal Sign,Reciprocal Sign,Reciprocal Sign,,,,,,,Reciprocal Sign,Reciprocal Sign,Reciprocal Sign
21,AATGAATGG,AATGAACCG,Negative,Positive,Positive,Positive,Positive,Negative,Positive,Positive,Positive,Negative,Negative,Negative,Positive,Negative,Single Sign,Reciprocal Sign,Positive,Positive,Positive,,,,,,,Positive,Single Sign,Single Sign
22,AATGAATGG,AATGAACTG,Negative,Positive,Negative,Negative,Negative,Negative,Negative,Negative,Negative,Negative,No,No,Positive,No,No,Negative,Negative,Negative,Negative,,,,,,,Positive,Negative,Negative
23,AATGAATGG,AATGAACAG,Negative,Negative,Negative,Negative,Negative,Negative,Negative,Negative,Negative,Negative,Single Sign,Negative,Positive,Positive,Single Sign,Negative,Reciprocal Sign,Reciprocal Sign,Reciprocal Sign,,,,,,,Negative,Positive,Positive
24,AATGAAAGG,AATGAACCG,Reciprocal Sign,Positive,Single Sign,Reciprocal Sign,Positive,Single Sign,Single Sign,Reciprocal Sign,Single Sign,Reciprocal Sign,Reciprocal Sign,Negative,Positive,Positive,Negative,Negative,Single Sign,Reciprocal Sign,Single Sign,,,,,,,Single Sign,Single Sign,Single Sign
25,AATGAAAGG,AATGAACTG,Single Sign,Positive,Positive,Single Sign,Single Sign,Positive,Positive,Single Sign,Positive,Single Sign,Negative,No,Reciprocal Sign,Positive,Negative,No,Single Sign,Single Sign,Single Sign,,,,,,,Negative,Negative,Negative
26,AATGAAAGG,AATGAACAG,Negative,Reciprocal Sign,Reciprocal Sign,Negative,Negative,Reciprocal Sign,Reciprocal Sign,Negative,Reciprocal Sign,Negative,Negative,Negative,Positive,No,Reciprocal Sign,Negative,Reciprocal Sign,Negative,Reciprocal Sign,,,,,,,Reciprocal Sign,Reciprocal Sign,Reciprocal Sign
27,AATGACCGG,AATGAACGC,Negative,Negative,Negative,Negative,Negative,Negative,No,Negative,Negative,Negative,No,No,Positive,Negative,Reciprocal Sign,Negative,,,,Negative,Negative,Negative,Positive,Negative,Positive,,,
28,AATGACCGG,AATGAACGT,Negative,No,Negative,No,Positive,Negative,Positive,Negative,Negative,No,Single Sign,Negative,Positive,Positive,No,Single Sign,,,,Negative,Negative,Negative,Positive,No,Single Sign,,,
29,AATGACCGG,AATGAACGA,Negative,Negative,Negative,Negative,Positive,Negative,No,Negative,Negative,No,Positive,Negative,Positive,Positive,No,Negative,,,,Negative,Negative,Negative,Negative,Negative,No,,,
30,AATGAGCGG,AATGAACGC,Negative,Negative,No,No,Positive,Negative,Negative,Negative,Negative,Positive,Reciprocal Sign,No,Positive,Negative,Positive,Negative,,,,Negative,Negative,No,Negative,Negative,Positive,,,
31,AATGAGCGG,AATGAACGT,Reciprocal Sign,Negative,Negative,No,Negative,Negative,No,Negative,Negative,Positive,Reciprocal Sign,Reciprocal Sign,Positive,Positive,Single Sign,Negative,,,,Negative,Negative,Reciprocal Sign,Negative,Negative,Positive,,,
32,AATGAGCGG,AATGAACGA,Reciprocal Sign,Negative,Reciprocal Sign,Negative,Negative,Negative,Negative,Negative,Negative,Negative,Positive,No,Positive,Positive,Reciprocal Sign,Reciprocal Sign,,,,Negative,Negative,Reciprocal Sign,Reciprocal Sign,Negative,Positive,,,
33,AATGATCGG,AATGAACGC,Positive,Positive,Positive,Positive,Positive,Positive,Positive,Positive,Positive,Single Sign,Negative,Positive,Positive,Negative,Negative,Negative,,,,Negative,Negative,No,Positive,Positive,Single Sign,,,
34,AATGATCGG,AATGAACGT,Positive,Positive,Negative,Positive,No,Negative,Negative,Positive,Positive,Single Sign,No,Negative,Positive,Positive,Negative,Negative,,,,Negative,Negative,No,Positive,Negative,Single Sign,,,
35,AATGATCGG,AATGAACGA,Positive,No,Negative,Single Sign,Negative,Negative,Negative,No,No,Single Sign,Positive,Negative,Positive,Positive,Reciprocal Sign,Negative,,,,Negative,Negative,No,Positive,Negative,No,,,
36,AATGACCGG,AATGAACCG,Negative,Negative,Negative,Negative,Negative,Negative,Negative,No,Negative,Negative,Single Sign,Negative,Positive,Positive,Negative,Negative,,,,Negative,Positive,Negative,,,,Negative,Negative,Negative
37,AATGACCGG,AATGAACTG,Negative,Negative,Reciprocal Sign,Negative,Negative,Negative,Negative,Negative,Negative,Negative,Reciprocal Sign,Negative,Positive,Positive,Negative,Negative,,,,Negative,Reciprocal Sign,Negative,,,,Negative,Negative,Negative
38,AATGACCGG,AATGAACAG,Negative,Negative,Negative,Negative,Negative,Negative,Negative,Negative,Negative,Negative,Positive,Negative,Positive,Positive,Negative,Single Sign,,,,Negative,Negative,Negative,,,,Negative,No,Positive
39,AATGAGCGG,AATGAACCG,Negative,Negative,Negative,Negative,Positive,Negative,Positive,Negative,No,No,Negative,Negative,Positive,Positive,No,Reciprocal Sign,,,,Negative,Positive,No,,,,No,Positive,No
40,AATGAGCGG,AATGAACTG,Negative,Negative,No,No,Negative,Negative,No,Negative,Negative,Negative,Negative,No,Positive,Positive,Negative,Negative,,,,No,No,Negative,,,,Positive,Negative,Negative
41,AATGAGCGG,AATGAACAG,Positive,Negative,No,Positive,Single Sign,Positive,Positive,Positive,No,No,No,Negative,Positive,Positive,Positive,No,,,,Positive,Negative,Negative,,,,No,Negative,Negative
42,AATGATCGG,AATGAACCG,Negative,Negative,Negative,Negative,Negative,Negative,Negative,Positive,Positive,Positive,No,Negative,Positive,No,Reciprocal Sign,No,,,,Negative,Positive,Negative,,,,Negative,Negative,Negative
43,AATGATCGG,AATGAACTG,Negative,Negative,Reciprocal Sign,Reciprocal Sign,Negative,Reciprocal Sign,Reciprocal Sign,Reciprocal Sign,Negative,Negative,Reciprocal Sign,Negative,Positive,Reciprocal Sign,Negative,Negative,,,,Negative,Reciprocal Sign,Negative,,,,Negative,Negative,Negative
44,AATGATCGG,AATGAACAG,Negative,Negative,Negative,Negative,Negative,Negative,Negative,Negative,Negative,Negative,Reciprocal Sign,Negative,Positive,Positive,Negative,Reciprocal Sign,,,,Negative,Negative,Negative,,,,Negative,Negative,Negative
45,AATGACCGG,AATGAAGGG,Positive,Single Sign,No,Positive,Positive,Negative,Positive,Positive,Positive,No,No,No,Positive,No,No,Negative,,,,,,,Positive,Positive,Positive,Positive,Positive,Positive
46,AATGACCGG,AATGAATGG,Negative,Single Sign,Negative,Negative,Positive,Negative,No,Negative,Negative,Negative,Negative,No,Positive,Reciprocal Sign,Single Sign,Single Sign,,,,,,,Negative,Positive,Positive,Negative,Negative,Negative
47,AATGACCGG,AATGAAAGG,Single Sign,No,Negative,Positive,Single Sign,No,Positive,Single Sign,Positive,Single Sign,No,Negative,Positive,No,Reciprocal Sign,No,,,,,,,Negative,Positive,Negative,No,Negative,Negative
48,AATGAGCGG,AATGAAGGG,No,Negative,Negative,No,No,Negative,Negative,Negative,Negative,Positive,No,No,Positive,Positive,Positive,Negative,,,,,,,Negative,Negative,Single Sign,Positive,No,No
49,AATGAGCGG,AATGAATGG,No,Negative,Negative,No,Single Sign,Negative,Negative,Negative,Negative,Single Sign,Reciprocal Sign,No,Positive,Positive,Single Sign,Positive,,,,,,,Negative,Positive,Single Sign,Positive,Positive,Negative
50,AATGAGCGG,AATGAAAGG,Negative,Reciprocal Sign,Reciprocal Sign,Negative,Negative,Reciprocal Sign,Reciprocal Sign,Negative,Reciprocal Sign,No,Negative,Negative,Positive,Positive,Reciprocal Sign,Negative,,,,,,,Negative,Negative,Negative,Negative,Negative,Negative
51,AATGATCGG,AATGAAGGG,Positive,Single Sign,Single Sign,Single Sign,Single Sign,Positive,Positive,Positive,Positive,Positive,Reciprocal Sign,Negative,Positive,No,No,Negative,,,,,,,Positive,Positive,Positive,Positive,Positive,Positive
52,AATGATCGG,AATGAATGG,Positive,Single Sign,Negative,Positive,Positive,Negative,Positive,No,No,Positive,Negative,No,Positive,Positive,No,Negative,,,,,,,Positive,Positive,Positive,Negative,Negative,Negative
53,AATGATCGG,AATGAAAGG,Single Sign,Positive,Positive,Single Sign,Single Sign,Positive,Positive,Single Sign,Positive,Single Sign,No,Negative,Positive,No,Negative,Negative,,,,,,,Negative,Positive,Negative,Positive,Negative,Negative
54,AATGCACGG,AATGAACGC,No,Negative,Negative,Positive,Positive,Negative,Negative,Negative,Negative,Positive,Negative,Reciprocal Sign,Positive,,,,Negative,Negative,Positive,Negative,Positive,Negative,Positive,Negative,Positive,,,
55,AATGCACGG,AATGAACGT,Positive,Negative,Negative,Positive,Positive,Negative,Negative,Negative,Negative,No,Negative,Positive,Positive,,,,Negative,Positive,Positive,Negative,Positive,Positive,Positive,Negative,Positive,,,
56,AATGCACGG,AATGAACGA,Positive,Negative,Positive,Positive,Positive,Negative,Negative,Negative,Negative,No,No,Positive,Positive,,,,Negative,No,No,Negative,Positive,Negative,Negative,Negative,Positive,,,
57,AATGGACGG,AATGAACGC,Negative,Positive,Negative,Negative,Negative,Negative,Negative,Negative,Negative,No,Reciprocal Sign,Negative,Positive,,,,Negative,No,Positive,Negative,Positive,Positive,Positive,No,No,,,
58,AATGGACGG,AATGAACGT,Negative,Positive,Negative,No,No,Negative,No,Negative,Negative,Positive,Reciprocal Sign,Negative,Positive,,,,Negative,Positive,Positive,Negative,Positive,No,Positive,Negative,Positive,,,
59,AATGGACGG,AATGAACGA,No,Positive,No,Negative,No,Negative,Negative,Negative,No,Negative,Negative,Negative,Positive,,,,Negative,Negative,Positive,Negative,Positive,Positive,Negative,Negative,Positive,,,
60,AATGTACGG,AATGAACGC,Positive,Negative,Negative,Positive,Negative,Negative,No,Negative,Negative,Positive,Negative,Negative,Positive,,,,Negative,Positive,Positive,Negative,Positive,Negative,Positive,Negative,No,,,
61,AATGTACGG,AATGAACGT,Negative,Negative,Negative,Negative,Positive,Negative,Negative,Negative,Negative,Negative,No,Single Sign,Positive,,,,Negative,Positive,Positive,Negative,Positive,Negative,Positive,Negative,Positive,,,
62,AATGTACGG,AATGAACGA,Negative,Negative,Positive,Positive,Positive,Negative,Negative,Negative,Negative,Negative,Positive,Single Sign,Positive,,,,Negative,Positive,Positive,Negative,Positive,Negative,No,No,Positive,,,
63,AATGCACGG,AATGAACCG,Positive,Positive,Positive,Positive,Positive,Positive,Positive,Positive,Positive,Positive,Negative,Negative,Positive,,,,Positive,Positive,Positive,Negative,Positive,Negative,,,,Positive,Positive,Positive
64,AATGCACGG,AATGAACTG,Negative,Negative,Negative,Negative,Negative,Negative,Negative,Negative,Negative,Negative,Reciprocal Sign,Positive,Positive,,,,Positive,Negative,Positive,Negative,No,Negative,,,,Negative,Negative,Negative
65,AATGCACGG,AATGAACAG,Negative,Negative,Negative,Negative,Negative,Negative,Negative,Negative,Negative,Negative,Reciprocal Sign,No,Positive,,,,Negative,Negative,Negative,Positive,Positive,Positive,,,,Negative,Negative,Negative
66,AATGGACGG,AATGAACCG,Positive,Positive,Positive,Positive,Positive,Positive,Positive,Positive,Positive,Positive,Negative,Negative,No,,,,Positive,Positive,Positive,Negative,Positive,Negative,,,,Positive,Positive,Positive
67,AATGGACGG,AATGAACTG,Negative,Negative,Negative,Negative,Negative,Negative,Negative,Negative,Negative,Negative,Negative,Negative,Positive,,,,Positive,Negative,Positive,Negative,No,Negative,,,,Negative,Negative,Negative
68,AATGGACGG,AATGAACAG,Negative,Negative,Negative,Negative,Negative,Negative,Negative,Negative,Negative,Negative,No,Negative,Positive,,,,Negative,Negative,Negative,Positive,Positive,Positive,,,,Negative,Negative,Negative
69,AATGTACGG,AATGAACCG,Positive,Positive,Positive,Positive,Positive,Positive,Positive,Positive,Positive,Positive,Negative,Negative,No,,,,Positive,Positive,Positive,Negative,Positive,Negative,,,,Positive,Positive,Positive
70,AATGTACGG,AATGAACTG,Negative,Negative,Negative,Negative,Negative,Negative,Negative,Negative,Negative,Negative,No,No,Positive,,,,Positive,Negative,Positive,Negative,Negative,Negative,,,,Negative,Negative,Negative
71,AATGTACGG,AATGAACAG,Negative,Negative,Negative,Negative,Negative,Negative,Negative,Negative,Negative,Negative,Positive,No,Positive,,,,Negative,Negative,Negative,Positive,Positive,Positive,,,,Negative,Negative,Negative
72,AATGCACGG,AATGAAGGG,No,Positive,Positive,Positive,Positive,Negative,Negative,Negative,Negative,Negative,Reciprocal Sign,Reciprocal Sign,Positive,,,,Negative,Negative,Negative,,,,Positive,Negative,Negative,Negative,Positive,Negative
73,AATGCACGG,AATGAATGG,Negative,Positive,Negative,Negative,Positive,Negative,Negative,Negative,Negative,Negative,Negative,No,Positive,,,,Negative,Negative,Negative,,,,Positive,Positive,Negative,Positive,Negative,Negative
74,AATGCACGG,AATGAAAGG,Positive,Negative,Positive,Positive,Positive,Negative,Negative,Positive,Positive,Negative,Negative,Reciprocal Sign,Positive,,,,Negative,Positive,Positive,,,,Positive,Negative,Negative,Negative,Negative,Negative
75,AATGGACGG,AATGAAGGG,Negative,Positive,Positive,Positive,Positive,Negative,Negative,Negative,Negative,Negative,Negative,Negative,Positive,,,,Negative,Negative,Negative,,,,Positive,Negative,Negative,Negative,Negative,Negative
76,AATGGACGG,AATGAATGG,Negative,Positive,Negative,Negative,No,Negative,Negative,Negative,Negative,Negative,Reciprocal Sign,Negative,Positive,,,,Negative,Negative,Negative,,,,Positive,Positive,Negative,Positive,Negative,Negative
77,AATGGACGG,AATGAAAGG,Positive,Positive,Positive,Positive,Positive,Negative,No,Negative,No,Negative,Reciprocal Sign,Positive,Positive,,,,Negative,Negative,Negative,,,,Positive,Negative,Negative,No,Negative,Negative
78,AATGTACGG,AATGAAGGG,Negative,Positive,Positive,Positive,Positive,Negative,Negative,Negative,Negative,Negative,Reciprocal Sign,Single Sign,Positive,,,,Negative,Positive,Negative,,,,Positive,Negative,Negative,Negative,Negative,Negative
79,AATGTACGG,AATGAATGG,Negative,Positive,Negative,Negative,Positive,Negative,Negative,Negative,Negative,Negative,Negative,Single Sign,Positive,,,,Negative,Negative,Negative,,,,Positive,Positive,Negative,Positive,Negative,Negative
80,AATGTACGG,AATGAAAGG,No,Negative,No,Positive,Positive,Negative,Negative,Negative,No,Negative,No,No,No,,,,Negative,Positive,Negative,,,,Positive,Negative,Negative,No,Negative,Negative
81,AATGCACGG,AATGACCGG,Negative,Negative,Negative,Negative,Negative,Negative,Negative,Negative,Negative,Negative,Reciprocal Sign,Positive,Positive,,,,,,,Negative,Negative,Negative,Negative,Positive,Negative,Negative,Negative,Negative
82,AATGCACGG,AATGAGCGG,No,Negative,Positive,Positive,Positive,Negative,Negative,No,No,Negative,Positive,Reciprocal Sign,Positive,,,,,,,Positive,Positive,Negative,Negative,Negative,No,Negative,Positive,Negative
83,AATGCACGG,AATGATCGG,Negative,Negative,Negative,Negative,Negative,Negative,Negative,Negative,Negative,Negative,Positive,Negative,Positive,,,,,,,Negative,Negative,Negative,Negative,Positive,Negative,Negative,Negative,Negative
84,AATGGACGG,AATGACCGG,Negative,Negative,Negative,Negative,Negative,Negative,Negative,Negative,Negative,Negative,Negative,Positive,Positive,,,,,,,Negative,Negative,Negative,Negative,Positive,Negative,Negative,Negative,Negative
85,AATGGACGG,AATGAGCGG,No,No,No,No,Positive,Negative,Negative,Negative,Negative,Negative,Reciprocal Sign,No,Positive,,,,,,,Negative,Positive,Positive,Positive,No,Positive,Negative,Positive,Positive
86,AATGGACGG,AATGATCGG,Negative,Negative,Negative,Negative,Negative,Negative,Negative,Negative,Negative,Negative,No,Positive,Negative,,,,,,,Negative,Negative,Negative,Negative,Positive,Negative,Negative,Negative,Negative
87,AATGTACGG,AATGACCGG,Negative,Negative,Negative,Negative,Negative,Negative,Negative,Negative,Negative,Negative,Reciprocal Sign,No,Negative,,,,,,,Negative,Negative,Negative,Negative,Positive,Negative,Negative,Negative,Negative
88,AATGTACGG,AATGAGCGG,Negative,Negative,Negative,Negative,Positive,Negative,Negative,Negative,Positive,Negative,Negative,No,Positive,,,,,,,No,Negative,Negative,Negative,Positive,Positive,Positive,Positive,Negative
89,AATGTACGG,AATGATCGG,Negative,Negative,Negative,Negative,Negative,Negative,Negative,Negative,Negative,Negative,Positive,Negative,No,,,,,,,Negative,Negative,Negative,Negative,Positive,Negative,Negative,Negative,Negative
90,AATCAACGG,AATGAACGC,Negative,Negative,Negative,Negative,Negative,Negative,Negative,Negative,Negative,Positive,,,,Reciprocal Sign,Reciprocal Sign,Negative,Negative,Negative,Positive,Negative,Positive,Negative,Positive,Negative,Positive,,,
91,AATCAACGG,AATGAACGT,Negative,Negative,Negative,Negative,Negative,Negative,Negative,Negative,Negative,No,,,,No,No,Negative,Negative,Positive,No,Negative,Positive,No,Positive,No,Positive,,,
92,AATCAACGG,AATGAACGA,Negative,No,Negative,Negative,Negative,Negative,Negative,Negative,Negative,No,,,,No,Reciprocal Sign,Negative,Negative,Positive,Positive,Negative,Positive,No,No,Negative,Positive,,,
93,AATTAACGG,AATGAACGC,Negative,Negative,Negative,Negative,Negative,Negative,Negative,No,Negative,Positive,,,,Negative,No,Negative,Negative,No,Positive,Negative,Positive,Positive,Positive,Negative,Negative,,,
94,AATTAACGG,AATGAACGT,Positive,Negative,Negative,Positive,No,Negative,Positive,Negative,Negative,No,,,,Positive,No,Single Sign,Negative,No,Positive,Negative,Positive,No,Positive,Negative,Negative,,,
95,AATTAACGG,AATGAACGA,No,Negative,Negative,Positive,No,Negative,Negative,Negative,No,Negative,,,,Positive,Reciprocal Sign,No,Negative,Positive,Positive,Negative,Positive,No,Negative,Negative,Negative,,,
96,AATAAACGG,AATGAACGC,Negative,No,Negative,Negative,Negative,Negative,Negative,Negative,Negative,Positive,,,,Negative,Reciprocal Sign,Reciprocal Sign,Negative,Negative,Positive,Negative,Positive,No,Positive,Negative,Positive,,,
97,AATAAACGG,AATGAACGT,No,No,Negative,No,Negative,Negative,Negative,Negative,Negative,Positive,,,,Positive,Negative,Reciprocal Sign,Negative,Negative,Positive,Negative,Positive,No,Positive,Negative,Positive,,,
98,AATAAACGG,AATGAACGA,Negative,No,Negative,No,Negative,Negative,Negative,No,Negative,Positive,,,,Positive,Reciprocal Sign,Reciprocal Sign,Negative,Positive,Positive,Negative,Positive,Negative,No,No,Positive,,,
99,AATCAACGG,AATGAACCG,Positive,Positive,Positive,Positive,Positive,Positive,Positive,Positive,Positive,Positive,,,,Negative,Reciprocal Sign,Negative,Positive,Positive,Positive,Negative,Positive,Negative,,,,Positive,Positive,Positive
100,AATCAACGG,AATGAACTG,Negative,Negative,Negative,Negative,Negative,Negative,Negative,Negative,Negative,Negative,,,,No,Negative,Reciprocal Sign,Positive,Negative,Positive,Negative,Negative,Negative,,,,Negative,Negative,Negative
101,AATCAACGG,AATGAACAG,Negative,Negative,Negative,Negative,Negative,Negative,Negative,Negative,Negative,Negative,,,,No,Reciprocal Sign,No,Negative,Negative,Negative,Positive,Positive,Positive,,,,Negative,Negative,Negative
102,AATTAACGG,AATGAACCG,Positive,Positive,Positive,Positive,Positive,Positive,Positive,Positive,Positive,Positive,,,,Positive,Reciprocal Sign,No,Positive,Positive,Positive,Negative,Positive,Negative,,,,Positive,Positive,Positive
103,AATTAACGG,AATGAACTG,Negative,Negative,Negative,Negative,Negative,Negative,Negative,Negative,Negative,Negative,,,,Positive,Negative,No,Positive,Negative,Positive,Negative,Negative,Negative,,,,Negative,Negative,Negative
104,AATTAACGG,AATGAACAG,Negative,Negative,Negative,Negative,Negative,Negative,Negative,Negative,Negative,Negative,,,,Positive,Negative,Single Sign,Negative,Negative,Negative,Positive,Positive,Positive,,,,Negative,Negative,Negative
105,AATAAACGG,AATGAACCG,Positive,Positive,Positive,Positive,Positive,Positive,Positive,Positive,Positive,Positive,,,,No,Negative,Reciprocal Sign,Positive,Positive,Positive,Negative,Positive,Negative,,,,Positive,Positive,Positive
106,AATAAACGG,AATGAACTG,Negative,Negative,Negative,Negative,Negative,Negative,Negative,Negative,Negative,Negative,,,,Positive,Reciprocal Sign,No,Positive,Negative,Positive,Negative,Negative,Negative,,,,Negative,Negative,Negative
107,AATAAACGG,AATGAACAG,Negative,Negative,Negative,Negative,Negative,Negative,Negative,Negative,Negative,Negative,,,,Positive,Negative,No,Negative,Negative,Negative,Positive,Positive,Positive,,,,Negative,Negative,Negative
108,AATCAACGG,AATGAAGGG,Negative,Positive,Positive,Positive,Positive,Negative,Negative,Negative,Negative,Negative,,,,No,Negative,Negative,Negative,Negative,Negative,,,,Positive,Negative,Negative,Negative,Positive,Negative
109,AATCAACGG,AATGAATGG,Negative,Positive,Negative,Negative,Negative,Negative,Negative,Negative,Negative,Negative,,,,Negative,No,Negative,Negative,Negative,Negative,,,,Positive,Positive,Negative,Positive,Negative,Negative
110,AATCAACGG,AATGAAAGG,Negative,No,Negative,No,Negative,Negative,Negative,No,Negative,Positive,,,,Negative,Negative,Positive,Negative,Positive,Negative,,,,Positive,Negative,Negative,Negative,Negative,Negative
111,AATTAACGG,AATGAAGGG,Negative,Positive,Positive,Positive,Positive,Negative,Negative,Negative,Negative,Negative,,,,Positive,Negative,Negative,Negative,Negative,Negative,,,,Positive,Negative,Negative,Negative,Negative,No
112,AATTAACGG,AATGAATGG,Negative,Positive,Negative,Negative,No,Negative,Negative,Negative,Negative,Negative,,,,Positive,No,No,Negative,Negative,Negative,,,,Positive,Positive,Negative,Positive,Negative,Negative
113,AATTAACGG,AATGAAAGG,Positive,No,Negative,Negative,Positive,No,Negative,No,Positive,No,,,,Positive,No,Negative,Negative,Positive,Negative,,,,Positive,Negative,Negative,Negative,Negative,Negative
114,AATAAACGG,AATGAAGGG,Negative,Positive,Positive,Positive,Positive,Negative,Negative,Negative,Negative,Negative,,,,Positive,Negative,Negative,Negative,Negative,Negative,,,,Positive,Negative,Negative,Negative,Negative,Negative
115,AATAAACGG,AATGAATGG,Negative,Positive,Negative,Negative,Negative,Negative,Negative,Negative,Negative,Negative,,,,No,No,Negative,Negative,Negative,Negative,,,,Positive,Positive,Negative,Positive,Negative,Negative
116,AATAAACGG,AATGAAAGG,Positive,Positive,No,Positive,Negative,Negative,Negative,Negative,Negative,No,,,,Positive,Reciprocal Sign,Negative,Negative,Positive,Positive,,,,Positive,Negative,Negative,Positive,Negative,Negative
117,AATCAACGG,AATGACCGG,Negative,Negative,Negative,Negative,Negative,Negative,Negative,Negative,Negative,Negative,,,,Negative,Negative,Single Sign,,,,Negative,Negative,Negative,Negative,Positive,Negative,Negative,Negative,Negative
118,AATCAACGG,AATGAGCGG,Negative,Negative,No,Negative,No,Negative,Negative,Negative,Positive,Positive,,,,Positive,Negative,Reciprocal Sign,,,,Positive,No,Negative,Negative,Positive,Positive,Positive,Positive,Negative
119,AATCAACGG,AATGATCGG,Negative,Negative,Negative,Negative,Negative,Negative,Negative,Negative,Negative,Negative,,,,No,Reciprocal Sign,Negative,,,,Negative,Negative,Negative,Negative,Positive,Negative,Negative,Negative,Negative
120,AATTAACGG,AATGACCGG,Negative,Negative,Negative,Negative,Negative,Negative,Negative,Negative,Negative,Negative,,,,Positive,Positive,Reciprocal Sign,,,,Negative,Negative,Negative,Negative,Positive,Negative,Negative,Negative,Negative
121,AATTAACGG,AATGAGCGG,Positive,Negative,Negative,No,Positive,Negative,Negative,Negative,No,No,,,,Positive,No,Negative,,,,Positive,Positive,No,Negative,Positive,No,Positive,No,Positive
122,AATTAACGG,AATGATCGG,Negative,Negative,Negative,Negative,Negative,Negative,Negative,Negative,Negative,Negative,,,,Positive,Positive,Negative,,,,Negative,Negative,Negative,Negative,Positive,Negative,Negative,Negative,Negative
123,AATAAACGG,AATGACCGG,Negative,Negative,Negative,Negative,Negative,Negative,Negative,Negative,Negative,Negative,,,,Positive,Reciprocal Sign,Single Sign,,,,Negative,Negative,Negative,Negative,Positive,Negative,Negative,Negative,Negative
124,AATAAACGG,AATGAGCGG,No,Negative,Positive,No,No,Negative,Negative,Negative,Negative,Positive,,,,Positive,Reciprocal Sign,No,,,,Positive,Negative,No,Negative,Negative,Positive,Positive,No,Negative
125,AATAAACGG,AATGATCGG,Negative,Negative,Negative,Negative,Negative,Negative,Negative,Negative,Negative,Negative,,,,Positive,Negative,Negative,,,,Negative,Negative,Negative,Negative,Positive,Negative,Negative,Negative,Negative
126,AATCAACGG,AATGCACGG,Positive,Positive,Positive,Positive,Positive,Positive,Positive,Positive,Positive,Positive,,,,,,,Positive,Positive,Positive,Positive,Positive,Positive,Positive,Positive,Positive,Positive,Positive,Positive
127,AATCAACGG,AATGGACGG,Positive,Positive,Positive,Positive,Positive,Positive,Positive,Positive,Positive,Positive,,,,,,,Positive,Positive,Positive,Positive,Positive,Positive,Positive,Positive,Positive,Positive,Positive,Positive
128,AATCAACGG,AATGTACGG,Positive,Positive,Positive,Positive,Positive,Positive,Positive,Positive,Positive,Positive,,,,,,,Positive,Positive,Positive,Positive,Positive,Positive,Positive,Positive,Positive,Positive,Positive,Positive
129,AATTAACGG,AATGCACGG,Positive,Positive,Positive,Positive,Positive,Positive,Positive,Positive,Positive,Positive,,,,,,,Positive,Positive,Positive,Positive,Positive,Positive,Positive,Positive,Positive,Positive,Positive,Positive
130,AATTAACGG,AATGGACGG,Positive,Positive,Positive,Positive,Positive,Positive,Positive,Positive,Positive,Positive,,,,,,,Positive,Positive,Positive,Positive,Positive,Positive,Positive,Positive,Positive,Positive,Positive,Positive
131,AATTAACGG,AATGTACGG,Positive,Positive,Positive,Positive,Positive,Positive,Positive,Positive,Positive,Positive,,,,,,,Positive,Positive,Positive,Positive,Positive,Positive,Positive,Positive,Positive,Positive,Positive,Positive
132,AATAAACGG,AATGCACGG,Positive,Positive,Positive,Positive,Positive,Positive,Positive,Positive,Positive,Positive,,,,,,,Positive,Positive,Positive,Positive,Positive,Positive,Positive,Positive,Positive,Positive,Positive,Positive
133,AATAAACGG,AATGGACGG,Positive,Positive,Positive,Positive,Positive,Positive,Positive,Positive,Positive,Positive,,,,,,,Positive,Positive,Positive,Positive,Positive,Positive,Positive,Positive,Positive,Positive,Positive,Positive
134,AATAAACGG,AATGTACGG,Positive,Positive,Positive,Positive,Positive,Positive,Positive,Positive,Positive,Positive,,,,,,,Positive,Positive,Positive,Positive,Positive,Positive,Positive,Positive,Positive,Positive,Positive,Positive
135,AACGAACGG,AATGAACGC,Negative,No,Negative,Positive,Positive,Negative,Negative,,,,Positive,Negative,Positive,Negative,Negative,No,No,Negative,No,Positive,No,No,Positive,Negative,Positive,,,
136,AACGAACGG,AATGAACGT,Negative,Negative,Negative,No,Positive,No,Negative,,,,Positive,Reciprocal Sign,Positive,Positive,Single Sign,Negative,Positive,Positive,Positive,Single Sign,No,Negative,Positive,Negative,Positive,,,
137,AACGAACGG,AATGAACGA,Negative,Single Sign,Negative,No,Single Sign,Negative,Negative,,,,Positive,Reciprocal Sign,Positive,Positive,Reciprocal Sign,Negative,Positive,Negative,No,No,Negative,Negative,No,Reciprocal Sign,Positive,,,
138,AAGGAACGG,AATGAACGC,Positive,Negative,No,No,No,Negative,No,,,,Reciprocal Sign,No,Positive,Negative,Reciprocal Sign,Reciprocal Sign,Positive,Positive,Positive,Negative,Negative,No,No,Negative,Positive,,,
139,AAGGAACGG,AATGAACGT,Positive,Negative,Negative,No,Positive,No,No,,,,Negative,No,Positive,Positive,Single Sign,Negative,No,Single Sign,Reciprocal Sign,No,Negative,No,Negative,Negative,Positive,,,
140,AAGGAACGG,AATGAACGA,Positive,Negative,No,Positive,No,Negative,No,,,,Negative,Single Sign,Positive,Positive,Positive,Negative,No,Single Sign,Positive,Negative,Negative,No,No,Negative,Positive,,,
141,AAAGAACGG,AATGAACGC,Positive,No,No,No,No,Negative,Single Sign,,,,Negative,Positive,Positive,Negative,Negative,Reciprocal Sign,Single Sign,No,Single Sign,No,Negative,No,Positive,Negative,Positive,,,
142,AAAGAACGG,AATGAACGT,Positive,Negative,Negative,Positive,Positive,Negative,No,,,,Negative,Negative,Positive,Positive,Negative,Negative,No,Single Sign,Single Sign,No,Negative,Negative,Positive,Negative,Positive,,,
143,AAAGAACGG,AATGAACGA,No,Negative,No,No,Positive,Negative,Negative,,,,Reciprocal Sign,Negative,Positive,Positive,Reciprocal Sign,Negative,Negative,Single Sign,No,Negative,Negative,No,Positive,Negative,Positive,,,
144,AACGAACGG,AATGAACCG,Negative,Positive,Negative,No,Negative,Negative,Negative,,,,No,Reciprocal Sign,No,Negative,Reciprocal Sign,No,Positive,Positive,No,Negative,Negative,Negative,,,,No,Positive,Positive
145,AACGAACGG,AATGAACTG,No,No,No,Single Sign,Negative,Positive,Negative,,,,Positive,Negative,Positive,Positive,Negative,Reciprocal Sign,Positive,Negative,Negative,Positive,Negative,Negative,,,,Positive,Positive,Positive
146,AACGAACGG,AATGAACAG,Negative,No,Negative,Single Sign,Single Sign,Negative,Negative,,,,Reciprocal Sign,Reciprocal Sign,Positive,Positive,Reciprocal Sign,Reciprocal Sign,Negative,Negative,No,Positive,No,No,,,,Positive,Positive,Positive
147,AAGGAACGG,AATGAACCG,Negative,Positive,Positive,Positive,Positive,Negative,No,,,,Negative,Negative,Positive,Positive,No,Reciprocal Sign,Positive,Negative,Positive,Negative,No,No,,,,Negative,Negative,Negative
148,AAGGAACGG,AATGAACTG,Positive,Negative,Positive,Single Sign,Single Sign,Negative,No,,,,Negative,No,Positive,Positive,Negative,Negative,Positive,Positive,Positive,Negative,Positive,Negative,,,,No,Negative,Negative
149,AAGGAACGG,AATGAACAG,Positive,Negative,Negative,Positive,No,Positive,No,,,,No,Negative,Positive,Positive,No,No,Negative,Positive,Single Sign,Negative,Positive,Negative,,,,Positive,Negative,No
150,AAAGAACGG,AATGAACCG,Negative,Positive,Negative,Positive,No,Negative,No,,,,No,Negative,Reciprocal Sign,Negative,Negative,Negative,Positive,Negative,Positive,Negative,Negative,Negative,,,,Negative,Negative,Negative
151,AAAGAACGG,AATGAACTG,Positive,Negative,Positive,Single Sign,Positive,Negative,Negative,,,,Reciprocal Sign,Negative,Positive,Positive,Negative,Negative,Positive,No,Positive,Negative,Positive,Negative,,,,No,Negative,Negative
152,AAAGAACGG,AATGAACAG,Negative,Negative,Negative,Negative,No,Positive,No,,,,Reciprocal Sign,Negative,Positive,Negative,Reciprocal Sign,No,Negative,Positive,No,Negative,Positive,Negative,,,,Positive,Positive,No
153,AACGAACGG,AATGAAGGG,Single Sign,No,Negative,Positive,Negative,Single Sign,No,,,,Negative,Reciprocal Sign,Positive,Negative,Negative,Negative,Single Sign,Positive,Negative,,,,Positive,No,Negative,Single Sign,Positive,Single Sign
154,AACGAACGG,AATGAATGG,No,Positive,Negative,Single Sign,No,No,Negative,,,,Negative,No,Positive,Positive,Negative,Negative,Positive,Positive,Single Sign,,,,Positive,Negative,Negative,Positive,Positive,Positive
155,AACGAACGG,AATGAAAGG,No,No,Negative,Reciprocal Sign,Positive,Negative,Negative,,,,Negative,Negative,Positive,Negative,Reciprocal Sign,Reciprocal Sign,Positive,Positive,Single Sign,,,,Positive,No,Positive,Positive,Single Sign,Positive
156,AAGGAACGG,AATGAAGGG,Positive,Positive,Positive,Positive,Positive,Negative,Negative,,,,Negative,Single Sign,Positive,Positive,Single Sign,Reciprocal Sign,No,Negative,Single Sign,,,,Negative,Negative,Single Sign,Positive,Negative,Negative
157,AAGGAACGG,AATGAATGG,Positive,Positive,Negative,Single Sign,Single Sign,Negative,Negative,,,,Negative,Single Sign,Positive,Positive,Single Sign,Reciprocal Sign,Negative,No,Negative,,,,No,Positive,Single Sign,Negative,Negative,Negative
158,AAGGAACGG,AATGAAAGG,Single Sign,Negative,Negative,No,Positive,No,No,,,,Negative,Single Sign,Positive,No,Negative,Positive,Negative,Positive,Single Sign,,,,Negative,Negative,Single Sign,Negative,Negative,Negative
159,AAAGAACGG,AATGAAGGG,Positive,Positive,Positive,Positive,No,Negative,Single Sign,,,,Positive,No,Positive,No,Negative,Negative,Single Sign,No,Positive,,,,No,Negative,Single Sign,Positive,No,No
160,AAAGAACGG,AATGAATGG,No,Positive,Negative,Single Sign,No,Negative,No,,,,Negative,No,Positive,Negative,Negative,Positive,Negative,Negative,Negative,,,,Positive,Positive,Single Sign,Negative,Negative,Negative
161,AAAGAACGG,AATGAAAGG,No,Positive,Negative,Positive,Reciprocal Sign,Negative,Negative,,,,Negative,Negative,Positive,Negative,Reciprocal Sign,Positive,Positive,Negative,No,,,,Negative,Negative,Single Sign,Negative,Negative,Negative
162,AACGAACGG,AATGACCGG,Negative,Single Sign,Negative,Single Sign,No,Negative,No,,,,Negative,Negative,Positive,Positive,No,Negative,,,,Single Sign,Single Sign,Negative,No,Negative,Positive,Positive,Positive,Positive
163,AACGAACGG,AATGAGCGG,Negative,No,Negative,No,Positive,No,Negative,,,,Positive,Negative,Positive,No,Negative,Negative,,,,Positive,Negative,Negative,Negative,Negative,Positive,Negative,Positive,No
164,AACGAACGG,AATGATCGG,Negative,Negative,Negative,Negative,Negative,Negative,Positive,,,,Positive,Reciprocal Sign,Positive,Positive,Negative,Negative,,,,No,Negative,No,Negative,Negative,Positive,Positive,No,Positive
165,AAGGAACGG,AATGACCGG,Negative,Negative,Positive,Positive,Positive,Negative,No,,,,Negative,Single Sign,Positive,Negative,Positive,Negative,,,,Negative,Negative,Negative,Negative,Negative,Single Sign,Negative,Negative,Negative
166,AAGGAACGG,AATGAGCGG,No,No,Negative,Positive,Positive,Negative,Negative,,,,Reciprocal Sign,Negative,Positive,Positive,Reciprocal Sign,No,,,,No,Negative,Negative,Negative,No,Positive,Positive,No,Negative
167,AAGGAACGG,AATGATCGG,Negative,Negative,Single Sign,Single Sign,Positive,Positive,Single Sign,,,,Negative,Single Sign,Positive,Positive,Reciprocal Sign,Negative,,,,Negative,Negative,Negative,Negative,Negative,Single Sign,Negative,Negative,Negative
168,AAAGAACGG,AATGACCGG,Negative,Negative,Positive,Positive,No,Negative,Negative,,,,Positive,Reciprocal Sign,No,Positive,Negative,Single Sign,,,,Negative,Negative,Negative,Negative,Negative,Single Sign,Negative,No,No
169,AAAGAACGG,AATGAGCGG,Positive,Negative,No,Positive,Reciprocal Sign,Negative,Single Sign,,,,Negative,Negative,Positive,Positive,Reciprocal Sign,No,,,,No,Negative,Negative,Positive,No,Positive,Single Sign,Single Sign,Negative
170,AAAGAACGG,AATGATCGG,Negative,Negative,Single Sign,Positive,Negative,Negative,No,,,,Positive,Negative,Positive,No,Reciprocal Sign,Negative,,,,Negative,Negative,Negative,Negative,Negative,Positive,Negative,Negative,Negative
171,AACGAACGG,AATGCACGG,Positive,Negative,Positive,Negative,Positive,Negative,Negative,,,,Reciprocal Sign,Positive,No,,,,Positive,Positive,Positive,Negative,Positive,Negative,Positive,Negative,Positive,Positive,Positive,Positive
172,AACGAACGG,AATGGACGG,Positive,Positive,Negative,Negative,Positive,Negative,Negative,,,,Positive,Negative,No,,,,Positive,Positive,Positive,Negative,Negative,Negative,No,Negative,No,Positive,Positive,Positive
173,AACGAACGG,AATGTACGG,No,Positive,Negative,Positive,No,Positive,Negative,,,,Negative,Negative,Negative,,,,Positive,Positive,Positive,Negative,No,Negative,Positive,No,Positive,Positive,Positive,Negative
174,AAGGAACGG,AATGCACGG,No,Positive,Positive,Positive,Positive,Negative,Positive,,,,Negative,Single Sign,Positive,,,,Negative,No,Negative,No,Negative,Negative,Negative,Negative,No,Negative,Negative,Negative
175,AAGGAACGG,AATGGACGG,Negative,Positive,Positive,Positive,Positive,Negative,Negative,,,,Reciprocal Sign,Single Sign,Positive,,,,Negative,Negative,Positive,Negative,No,Negative,Negative,Negative,Positive,Negative,Negative,Negative
176,AAGGAACGG,AATGTACGG,Negative,Positive,Positive,Positive,Positive,Negative,Positive,,,,Negative,Reciprocal Sign,Positive,,,,Negative,Positive,Negative,Negative,Negative,Negative,Negative,Negative,Positive,Negative,Negative,Negative
177,AAAGAACGG,AATGCACGG,Negative,Positive,Positive,Positive,Positive,Negative,Negative,,,,Negative,Positive,Positive,,,,No,Negative,Positive,No,No,Negative,Negative,Negative,Positive,Negative,Negative,Negative
178,AAAGAACGG,AATGGACGG,Negative,Positive,Positive,Positive,Positive,Negative,No,,,,Negative,Negative,No,,,,Negative,Negative,Positive,Negative,Negative,Negative,Negative,Negative,Positive,Negative,Negative,Negative
179,AAAGAACGG,AATGTACGG,Negative,Positive,Positive,Positive,Positive,Negative,No,,,,Reciprocal Sign,Negative,Negative,,,,No,No,No,Negative,Negative,Negative,Negative,Negative,Positive,Negative,Negative,Negative
180,AACGAACGG,AATCAACGG,Negative,No,Negative,Positive,Positive,No,No,,,,,,,Negative,Reciprocal Sign,Reciprocal Sign,Positive,Positive,Positive,Positive,No,Negative,Positive,Positive,No,Positive,Positive,Positive
181,AACGAACGG,AATTAACGG,Positive,Negative,Negative,Positive,Positive,No,Negative,,,,,,,Negative,Negative,Single Sign,No,Positive,Positive,Positive,Positive,Negative,Negative,No,Negative,No,Positive,Positive
182,AACGAACGG,AATAAACGG,Negative,Positive,No,Positive,Negative,Positive,Negative,,,,,,,Negative,Negative,Negative,Positive,Positive,Negative,Negative,Negative,Negative,Positive,No,Positive,Positive,Positive,Positive
183,AAGGAACGG,AATCAACGG,Negative,Positive,Positive,Positive,Positive,Negative,Negative,,,,,,,Positive,Reciprocal Sign,Reciprocal Sign,Negative,No,Negative,Negative,Negative,Negative,Negative,Negative,Positive,Negative,Negative,Negative
184,AAGGAACGG,AATTAACGG,Negative,Positive,Positive,Positive,Positive,Negative,Positive,,,,,,,Positive,Positive,Negative,No,Negative,Positive,Negative,Negative,Negative,Negative,Negative,Positive,Negative,Negative,Negative
185,AAGGAACGG,AATAAACGG,No,Positive,Positive,Positive,Positive,Negative,No,,,,,,,No,Reciprocal Sign,Negative,Negative,Negative,Positive,Negative,Negative,Negative,Negative,Negative,Positive,Negative,Negative,Negative
186,AAAGAACGG,AATCAACGG,Negative,Positive,Positive,Positive,Positive,Negative,Negative,,,,,,,Negative,Negative,Positive,Positive,Negative,Negative,Negative,Negative,Negative,Negative,Negative,Positive,Negative,Positive,Negative
187,AAAGAACGG,AATTAACGG,Negative,Positive,Positive,Positive,Positive,Negative,Positive,,,,,,,Positive,Negative,Single Sign,Positive,Negative,Negative,Negative,Negative,Negative,Negative,Negative,No,Negative,Negative,Negative
188,AAAGAACGG,AATAAACGG,Negative,Positive,Positive,Positive,No,Negative,Positive,,,,,,,Positive,Reciprocal Sign,Reciprocal Sign,Positive,Negative,Positive,Negative,Negative,Negative,No,Negative,Positive,Negative,Negative,Negative
189,ACTGAACGG,AATGAACGC,Positive,Positive,Negative,Negative,,,,No,Negative,Single Sign,Negative,Reciprocal Sign,Positive,Negative,Reciprocal Sign,Negative,No,No,Single Sign,Negative,Negative,Positive,Negative,Negative,Positive,,,
190,ACTGAACGG,AATGAACGT,Positive,Negative,Negative,No,,,,No,Negative,Positive,No,Positive,Positive,Positive,Single Sign,Reciprocal Sign,Negative,Single Sign,Single Sign,Negative,No,Negative,Negative,Negative,Positive,,,
191,ACTGAACGG,AATGAACGA,Positive,Negative,Negative,Negative,,,,No,No,Single Sign,Positive,No,Positive,Positive,Reciprocal Sign,Reciprocal Sign,Negative,Single Sign,Single Sign,Negative,Negative,Positive,Positive,No,Positive,,,
192,AGTGAACGG,AATGAACGC,Single Sign,No,Negative,Negative,,,,Negative,Negative,Reciprocal Sign,Negative,Negative,Positive,Negative,Reciprocal Sign,Negative,Single Sign,Single Sign,Positive,Single Sign,Positive,Single Sign,No,Negative,Negative,,,
193,AGTGAACGG,AATGAACGT,Positive,Negative,No,No,,,,Negative,Negative,Positive,Reciprocal Sign,Reciprocal Sign,Positive,Positive,Negative,Negative,Negative,Reciprocal Sign,Single Sign,No,Positive,No,Negative,No,Single Sign,,,
194,AGTGAACGG,AATGAACGA,Single Sign,No,No,Negative,,,,Negative,Negative,Positive,Positive,Negative,Negative,Positive,No,Negative,Negative,Positive,Single Sign,Negative,Positive,Single Sign,Positive,Negative,Positive,,,
195,ATTGAACGG,AATGAACGC,No,No,Negative,Negative,,,,Negative,Negative,Single Sign,Reciprocal Sign,No,Positive,Negative,Negative,Positive,Positive,Single Sign,Single Sign,Negative,Negative,No,Negative,No,No,,,
196,ATTGAACGG,AATGAACGT,No,Negative,No,No,,,,No,Negative,Single Sign,Reciprocal Sign,Negative,Positive,Positive,Positive,No,Negative,Negative,Single Sign,Negative,Negative,Negative,Negative,No,Positive,,,
197,ATTGAACGG,AATGAACGA,Negative,No,No,No,,,,No,Negative,Single Sign,No,Negative,Positive,Positive,No,No,Negative,No,Single Sign,Negative,Positive,Negative,No,No,Positive,,,
198,ACTGAACGG,AATGAACCG,Negative,Positive,Positive,Positive,,,,Positive,No,Negative,Negative,Reciprocal Sign,Positive,Negative,Reciprocal Sign,No,Negative,Negative,Negative,Negative,Negative,Positive,,,,Negative,Negative,Negative
199,ACTGAACGG,AATGAACTG,Positive,Negative,Positive,Single Sign,,,,Negative,Negative,No,Reciprocal Sign,Negative,Reciprocal Sign,Positive,Negative,Negative,Negative,Positive,Positive,Negative,Single Sign,Positive,,,,Negative,No,Negative
200,ACTGAACGG,AATGAACAG,Positive,Positive,Negative,Positive,,,,Positive,No,Positive,Positive,Negative,Positive,Positive,Positive,Reciprocal Sign,Negative,Positive,Positive,Negative,Positive,No,,,,Positive,Negative,Negative
201,AGTGAACGG,AATGAACCG,Positive,Positive,Positive,Positive,,,,No,No,Positive,No,Negative,Positive,Positive,No,Negative,Negative,Positive,Negative,Negative,Positive,Negative,,,,Positive,Positive,No
202,AGTGAACGG,AATGAACTG,Single Sign,Positive,Positive,Single Sign,,,,Positive,Single Sign,Single Sign,No,Reciprocal Sign,Positive,Negative,Negative,Negative,Negative,Single Sign,No,Single Sign,Single Sign,No,,,,Positive,Single Sign,Positive
203,AGTGAACGG,AATGAACAG,Negative,No,Negative,Negative,,,,No,Negative,Negative,Negative,Negative,Positive,Positive,Reciprocal Sign,No,Negative,Negative,Negative,Positive,No,Positive,,,,Negative,Negative,Negative
204,ATTGAACGG,AATGAACCG,Negative,Negative,Negative,Negative,,,,No,Positive,Negative,Reciprocal Sign,Negative,Positive,Negative,No,No,Negative,Negative,Negative,Negative,Negative,Positive,,,,Negative,Negative,Negative
205,ATTGAACGG,AATGAACTG,No,Negative,Single Sign,Positive,,,,No,Positive,Negative,Negative,Negative,Positive,Positive,No,Negative,Positive,Negative,Positive,No,Single Sign,Positive,,,,Single Sign,No,No
206,ATTGAACGG,AATGAACAG,Negative,Negative,Negative,No,,,,Negative,Negative,Positive,Negative,Negative,Positive,Positive,Single Sign,Single Sign,Negative,No,Negative,No,Positive,Positive,,,,No,Reciprocal Sign,Negative
207,ACTGAACGG,AATGAAGGG,No,Positive,Positive,Positive,,,,Negative,Negative,Negative,Positive,No,Positive,Positive,Negative,Reciprocal Sign,Single Sign,Negative,Positive,,,,Negative,Negative,Single Sign,Negative,Negative,No
208,ACTGAACGG,AATGAATGG,Negative,Reciprocal Sign,Negative,Negative,,,,Negative,Negative,Negative,Negative,Positive,Positive,Positive,Negative,Negative,Single Sign,Negative,Positive,,,,Positive,Negative,No,Negative,Negative,Negative
209,ACTGAACGG,AATGAAAGG,Single Sign,Negative,Negative,Positive,,,,No,No,Negative,Negative,Reciprocal Sign,Positive,No,Negative,Reciprocal Sign,Single Sign,No,Positive,,,,Negative,Negative,Positive,Negative,Negative,Negative
210,AGTGAACGG,AATGAAGGG,Positive,Positive,Positive,Positive,,,,Negative,Negative,Positive,Negative,Positive,Negative,Positive,No,Reciprocal Sign,Negative,No,Negative,,,,Positive,Negative,Negative,No,Single Sign,No
211,AGTGAACGG,AATGAATGG,Negative,Reciprocal Sign,Negative,Single Sign,,,,Negative,Negative,Negative,Negative,Negative,Positive,Negative,Negative,Negative,Negative,Negative,Negative,,,,Positive,No,Negative,Negative,Single Sign,No
212,AGTGAACGG,AATGAAAGG,Positive,No,Negative,No,,,,No,No,Positive,Reciprocal Sign,Negative,Positive,Negative,Reciprocal Sign,Negative,Positive,Positive,Positive,,,,Positive,Negative,Negative,Reciprocal Sign,Positive,No
213,ATTGAACGG,AATGAAGGG,Reciprocal Sign,Negative,Negative,Negative,,,,Negative,Negative,Reciprocal Sign,Negative,Reciprocal Sign,Positive,No,Reciprocal Sign,Negative,Negative,Negative,Reciprocal Sign,,,,No,Reciprocal Sign,Positive,Negative,Reciprocal Sign,Reciprocal Sign
214,ATTGAACGG,AATGAATGG,Negative,Negative,Negative,Positive,,,,Negative,Negative,Negative,Reciprocal Sign,No,Positive,Positive,Reciprocal Sign,Single Sign,Negative,Negative,Negative,,,,Positive,Positive,Negative,No,Reciprocal Sign,Reciprocal Sign
215,ATTGAACGG,AATGAAAGG,Negative,Negative,Negative,Positive,,,,Positive,Negative,Positive,Reciprocal Sign,Negative,Positive,No,No,Single Sign,Negative,No,No,,,,Positive,Negative,Negative,Negative,Reciprocal Sign,Reciprocal Sign
216,ACTGAACGG,AATGACCGG,Negative,Positive,Positive,Positive,,,,Positive,Single Sign,No,Negative,Positive,Positive,No,Reciprocal Sign,Negative,,,,No,Single Sign,Positive,Negative,Positive,Positive,Positive,Positive,Positive
217,ACTGAACGG,AATGAGCGG,No,Negative,Negative,No,,,,Positive,Negative,Single Sign,No,Negative,Positive,Positive,Negative,Reciprocal Sign,,,,No,Negative,Negative,Positive,Single Sign,Positive,No,Single Sign,No
218,ACTGAACGG,AATGATCGG,Negative,Positive,Positive,Positive,,,,Positive,Single Sign,Positive,Positive,Positive,Positive,Positive,Reciprocal Sign,Reciprocal Sign,,,,Negative,Single Sign,Positive,Reciprocal Sign,Negative,Negative,Negative,Negative,Negative
219,AGTGAACGG,AATGACCGG,Single Sign,Single Sign,Single Sign,Negative,,,,Single Sign,Single Sign,Positive,Negative,Negative,Positive,No,Reciprocal Sign,Negative,,,,Single Sign,Positive,Negative,Negative,Negative,Negative,Positive,Single Sign,Positive
220,AGTGAACGG,AATGAGCGG,Positive,Negative,Negative,Negative,,,,Negative,Negative,Positive,Reciprocal Sign,Negative,Positive,Positive,Reciprocal Sign,Reciprocal Sign,,,,Positive,Negative,Negative,Positive,No,Positive,No,Positive,No
221,AGTGAACGG,AATGATCGG,No,Positive,Single Sign,Negative,,,,Positive,Single Sign,No,No,Negative,No,No,Reciprocal Sign,Negative,,,,No,Negative,Negative,Negative,Negative,Reciprocal Sign,Negative,Negative,Positive
222,ATTGAACGG,AATGACCGG,Positive,Negative,Single Sign,Negative,,,,Single Sign,Single Sign,Positive,Negative,Negative,Positive,No,No,Reciprocal Sign,,,,Single Sign,Positive,Positive,Positive,Positive,Positive,Single Sign,Positive,Positive
223,ATTGAACGG,AATGAGCGG,Reciprocal Sign,Negative,Negative,No,,,,No,Negative,Single Sign,Reciprocal Sign,Negative,Positive,Positive,Single Sign,Negative,,,,Negative,No,Negative,No,Negative,Positive,Negative,Negative,No
224,ATTGAACGG,AATGATCGG,Positive,No,Single Sign,Negative,,,,Positive,Single Sign,Positive,No,Negative,Positive,Reciprocal Sign,Negative,Single Sign,,,,Single Sign,Positive,Positive,Single Sign,Positive,Positive,No,No,Positive
225,ACTGAACGG,AATGCACGG,Positive,Positive,Positive,Positive,,,,Positive,Positive,Negative,Positive,Reciprocal Sign,Positive,,,,Negative,Negative,Negative,Negative,Positive,Negative,Negative,Negative,Positive,Negative,Negative,Negative
226,ACTGAACGG,AATGGACGG,Negative,Positive,Positive,Positive,,,,Positive,No,Negative,Single Sign,No,Reciprocal Sign,,,,Negative,Negative,Negative,Negative,Negative,Negative,Negative,Negative,Positive,Negative,No,Negative
227,ACTGAACGG,AATGTACGG,Negative,Positive,Positive,Positive,,,,Positive,Positive,Negative,Reciprocal Sign,Negative,Positive,,,,Positive,Positive,Negative,Negative,Positive,Negative,Negative,Negative,No,Negative,Negative,Negative
228,AGTGAACGG,AATGCACGG,Positive,Positive,Positive,Positive,,,,Positive,Positive,Negative,Negative,Negative,Positive,,,,Positive,Negative,Positive,No,Positive,Negative,Positive,Negative,No,Negative,Positive,Negative
229,AGTGAACGG,AATGGACGG,Positive,Positive,Positive,Positive,,,,Negative,No,Negative,Positive,Reciprocal Sign,Negative,,,,Negative,Negative,Negative,Negative,Positive,Positive,Positive,Negative,Negative,No,No,Negative
230,AGTGAACGG,AATGTACGG,Positive,Positive,Positive,Positive,,,,Negative,No,Positive,Negative,Single Sign,No,,,,Positive,Positive,Negative,Negative,Positive,No,Positive,Negative,Negative,No,Positive,Negative
231,ATTGAACGG,AATGCACGG,Negative,Negative,Positive,Negative,,,,Positive,Positive,Negative,No,Positive,Positive,,,,Negative,No,Positive,Positive,Positive,Positive,Positive,Negative,Positive,No,Negative,Negative
232,ATTGAACGG,AATGGACGG,Negative,Positive,Positive,Negative,,,,Positive,Positive,Negative,Negative,No,Negative,,,,Negative,Positive,Negative,Negative,Positive,Positive,Positive,Negative,Positive,Negative,No,Negative
233,ATTGAACGG,AATGTACGG,Negative,No,No,Negative,,,,Positive,Positive,Negative,Negative,Single Sign,No,,,,Negative,Positive,Negative,Negative,Positive,Positive,Positive,Negative,Positive,Positive,Positive,Negative
234,ACTGAACGG,AATCAACGG,Negative,Positive,Positive,Positive,,,,Negative,No,Negative,,,,Positive,Positive,No,No,Negative,Negative,Negative,Positive,Negative,Negative,Positive,Positive,Negative,Positive,Negative
235,ACTGAACGG,AATTAACGG,Negative,Positive,Positive,Positive,,,,Positive,Positive,Negative,,,,No,No,Negative,Positive,Negative,Positive,Negative,Positive,No,Negative,Negative,No,Negative,Negative,Negative
236,ACTGAACGG,AATAAACGG,Negative,Positive,Positive,Positive,,,,Positive,Negative,Negative,,,,Positive,No,Negative,Positive,Negative,Negative,Negative,Negative,Negative,Negative,Negative,Positive,Negative,Negative,Negative
237,AGTGAACGG,AATCAACGG,Positive,Positive,Positive,Negative,,,,Negative,Positive,Positive,,,,Negative,Reciprocal Sign,Negative,No,Positive,No,Positive,Positive,Negative,Positive,Negative,Negative,Negative,Positive,Positive
238,AGTGAACGG,AATTAACGG,Positive,Positive,Positive,Positive,,,,No,Positive,Positive,,,,Positive,Reciprocal Sign,Negative,Positive,Positive,No,Positive,Positive,Positive,Positive,Negative,Negative,Negative,Negative,No
239,AGTGAACGG,AATAAACGG,Positive,Positive,Positive,Positive,,,,No,Negative,Positive,,,,Negative,Positive,Reciprocal Sign,Positive,Negative,Negative,Negative,Positive,Negative,Positive,Negative,Negative,Positive,Negative,Negative
240,ATTGAACGG,AATCAACGG,Negative,Negative,Positive,Negative,,,,Positive,Positive,Positive,,,,No,Negative,Single Sign,Negative,Positive,Negative,No,Positive,Positive,Positive,Negative,Positive,Positive,Positive,Negative
241,ATTGAACGG,AATTAACGG,Positive,Negative,Positive,Negative,,,,Positive,Positive,Positive,,,,Positive,Single Sign,Reciprocal Sign,Negative,Positive,Negative,Positive,Positive,Positive,No,Negative,Positive,No,No,Positive
242,ATTGAACGG,AATAAACGG,Positive,Positive,No,Negative,,,,Positive,Positive,Positive,,,,No,Single Sign,Single Sign,Negative,Positive,Negative,Negative,Positive,Positive,Positive,Negative,Positive,Positive,Negative,Negative
243,ACTGAACGG,AACGAACGG,Single Sign,No,Negative,Positive,,,,,,,Positive,Negative,Positive,Positive,Reciprocal Sign,Negative,Reciprocal Sign,Single Sign,Single Sign,Positive,Positive,Positive,Single Sign,Positive,Positive,Single Sign,Single Sign,Single Sign
244,ACTGAACGG,AAGGAACGG,Negative,Positive,Positive,Positive,,,,,,,Negative,Single Sign,Positive,Reciprocal Sign,Reciprocal Sign,Positive,Single Sign,Negative,Positive,Negative,Negative,Reciprocal Sign,Negative,Negative,Positive,Negative,Negative,Negative
245,ACTGAACGG,AAAGAACGG,Negative,Positive,Positive,Positive,,,,,,,Positive,Negative,Negative,No,Negative,Reciprocal Sign,Positive,Negative,Reciprocal Sign,Negative,Negative,Negative,Negative,Reciprocal Sign,Positive,Negative,Negative,Negative
246,AGTGAACGG,AACGAACGG,Negative,No,Negative,Negative,,,,,,,Single Sign,Negative,Positive,Reciprocal Sign,Reciprocal Sign,Reciprocal Sign,Negative,Positive,Negative,Negative,No,No,Negative,No,Positive,Negative,Positive,Positive
247,AGTGAACGG,AAGGAACGG,Positive,Positive,Positive,Positive,,,,,,,Reciprocal Sign,Negative,Positive,No,Reciprocal Sign,Negative,Single Sign,Negative,No,No,Negative,Negative,No,Negative,Negative,Negative,Negative,Negative
248,AGTGAACGG,AAAGAACGG,No,Positive,Positive,Positive,,,,,,,Negative,Negative,Negative,Negative,Reciprocal Sign,Reciprocal Sign,Positive,Negative,No,Negative,Negative,Negative,Positive,Negative,Negative,Negative,Negative,Negative
249,ATTGAACGG,AACGAACGG,No,No,Negative,Single Sign,,,,,,,No,No,Positive,No,Negative,No,Negative,Positive,Positive,Reciprocal Sign,No,Negative,Positive,Reciprocal Sign,Positive,Reciprocal Sign,Positive,Positive
250,ATTGAACGG,AAGGAACGG,Reciprocal Sign,Positive,Positive,Positive,,,,,,,Negative,Single Sign,Positive,Reciprocal Sign,Single Sign,Single Sign,Negative,Negative,No,Negative,Positive,Negative,Negative,Negative,Positive,Negative,Reciprocal Sign,Reciprocal Sign
251,ATTGAACGG,AAAGAACGG,Reciprocal Sign,Positive,Positive,Positive,,,,,,,Negative,Negative,Positive,Positive,No,Single Sign,Negative,Negative,Negative,Negative,Negative,Negative,Negative,Negative,Positive,Negative,Reciprocal Sign,Reciprocal Sign
252,CATGAACGG,AATGAACGC,Positive,,,,No,Negative,Negative,No,Negative,Single Sign,Single Sign,Negative,Positive,Negative,Reciprocal Sign,Single Sign,Positive,Positive,Single Sign,Negative,Positive,Negative,Negative,Positive,Positive,,,
253,CATGAACGG,AATGAACGT,No,,,,No,Negative,Negative,No,Negative,Single Sign,Positive,No,Positive,Positive,Single Sign,Positive,No,Single Sign,Single Sign,Negative,Positive,No,Negative,Positive,Positive,,,
254,CATGAACGG,AATGAACGA,Negative,,,,No,Negative,Negative,Negative,Negative,Single Sign,Positive,Negative,Positive,Positive,Reciprocal Sign,No,No,Positive,Negative,Reciprocal Sign,Positive,No,Negative,Positive,Positive,,,
255,GATGAACGG,AATGAACGC,Single Sign,,,,No,Negative,Negative,Negative,Negative,Single Sign,Positive,No,Positive,Negative,Negative,Negative,Positive,Positive,Positive,Negative,No,No,Negative,Single Sign,Positive,,,
256,GATGAACGG,AATGAACGT,Single Sign,,,,Positive,No,Negative,Negative,Negative,Single Sign,No,Negative,Positive,Positive,Reciprocal Sign,Negative,Negative,Single Sign,No,Negative,Negative,Negative,Negative,Single Sign,Positive,,,
257,GATGAACGG,AATGAACGA,No,,,,Positive,Negative,Negative,No,Negative,Positive,No,Negative,Positive,Positive,Single Sign,No,Reciprocal Sign,No,Negative,Negative,Positive,Negative,Negative,Single Sign,Positive,,,
258,TATGAACGG,AATGAACGC,Positive,,,,Positive,Negative,Positive,Negative,Negative,Single Sign,Positive,Negative,Positive,Negative,Positive,Negative,Positive,Negative,Positive,Negative,Positive,No,Negative,Negative,Positive,,,
259,TATGAACGG,AATGAACGT,Positive,,,,No,No,No,Negative,Negative,Single Sign,Positive,Negative,Positive,Positive,Reciprocal Sign,Negative,No,Positive,Single Sign,Negative,Positive,No,Negative,Negative,Positive,,,
260,TATGAACGG,AATGAACGA,No,,,,Positive,Negative,Negative,No,Negative,Single Sign,Positive,Negative,Positive,Positive,Single Sign,Negative,Negative,Positive,Single Sign,Negative,Positive,No,Positive,Negative,Positive,,,
261,CATGAACGG,AATGAACCG,Negative,,,,Negative,Negative,Positive,Positive,Positive,Negative,No,Negative,No,Reciprocal Sign,Reciprocal Sign,Single Sign,Negative,Negative,Negative,Negative,No,Positive,,,,Negative,Negative,Negative
262,CATGAACGG,AATGAACTG,Negative,,,,No,Negative,Positive,Positive,Positive,No,Reciprocal Sign,Negative,No,Positive,Reciprocal Sign,Negative,Negative,Negative,Negative,Negative,Single Sign,Single Sign,,,,No,Negative,Negative
263,CATGAACGG,AATGAACAG,Negative,,,,No,Negative,Negative,Negative,Negative,Positive,Positive,Negative,Positive,Positive,Positive,Single Sign,Negative,No,Negative,Negative,Positive,Positive,,,,Negative,Negative,Negative
264,GATGAACGG,AATGAACCG,Negative,,,,Positive,Positive,Positive,Positive,Positive,No,Single Sign,Negative,Positive,Negative,No,Negative,Negative,Positive,Negative,Negative,Positive,Single Sign,,,,Positive,No,No
265,GATGAACGG,AATGAACTG,Negative,,,,Positive,Positive,Positive,Negative,Negative,Negative,No,Negative,Positive,Positive,Negative,No,Negative,No,Negative,Negative,Single Sign,Single Sign,,,,Single Sign,No,Positive
266,GATGAACGG,AATGAACAG,Single Sign,,,,Positive,Negative,Negative,No,Negative,Positive,Positive,Negative,Positive,Positive,No,Single Sign,Negative,Positive,Negative,Negative,Positive,Positive,,,,Single Sign,Negative,Negative
267,TATGAACGG,AATGAACCG,Negative,,,,Negative,Negative,Positive,Positive,Positive,Negative,Negative,Negative,Positive,Negative,Positive,Negative,Negative,Negative,Negative,Negative,Positive,Positive,,,,Negative,Negative,Negative
268,TATGAACGG,AATGAACTG,Negative,,,,Negative,No,Negative,Negative,Negative,Negative,Positive,Reciprocal Sign,Positive,Positive,Positive,Negative,Positive,Negative,Positive,Negative,Single Sign,Positive,,,,Negative,Negative,Negative
269,TATGAACGG,AATGAACAG,Negative,,,,Negative,No,Negative,Negative,Negative,No,Reciprocal Sign,Negative,Positive,No,Single Sign,Negative,No,Negative,No,Negative,Positive,Positive,,,,Negative,Negative,Negative
270,CATGAACGG,AATGAAGGG,Reciprocal Sign,,,,Negative,Negative,Negative,Negative,Negative,Reciprocal Sign,Reciprocal Sign,Negative,Positive,Positive,No,Single Sign,Negative,Reciprocal Sign,Reciprocal Sign,,,,Negative,No,Positive,Reciprocal Sign,Reciprocal Sign,Reciprocal Sign
271,CATGAACGG,AATGAATGG,Negative,,,,Positive,Negative,Negative,Negative,Negative,Negative,Negative,No,Positive,Positive,Negative,Single Sign,Negative,Negative,Negative,,,,Positive,Positive,Negative,Negative,Negative,Negative
272,CATGAACGG,AATGAAAGG,Negative,,,,Positive,Negative,No,No,Negative,Single Sign,Positive,Reciprocal Sign,Positive,Positive,Negative,Single Sign,Negative,Negative,Reciprocal Sign,,,,Negative,No,Negative,Reciprocal Sign,Negative,Negative
273,GATGAACGG,AATGAAGGG,Negative,,,,Positive,Negative,No,Negative,Negative,Reciprocal Sign,Positive,Negative,Positive,No,No,Negative,Negative,Reciprocal Sign,Reciprocal Sign,,,,Negative,Single Sign,Single Sign,Negative,Reciprocal Sign,Reciprocal Sign
274,GATGAACGG,AATGAATGG,Negative,,,,Single Sign,Negative,Negative,Negative,Negative,Negative,Negative,Negative,No,Positive,Negative,No,Negative,Negative,Reciprocal Sign,,,,Positive,Positive,Single Sign,Positive,Negative,Negative
275,GATGAACGG,AATGAAAGG,Reciprocal Sign,,,,Positive,Negative,Negative,Positive,No,No,No,Negative,Positive,Positive,No,Single Sign,Negative,No,Negative,,,,Negative,Single Sign,Single Sign,Negative,Negative,Negative
276,TATGAACGG,AATGAAGGG,Reciprocal Sign,,,,Negative,Negative,Positive,Negative,Negative,Reciprocal Sign,Positive,Negative,Positive,Negative,Reciprocal Sign,Negative,Negative,Reciprocal Sign,Negative,,,,Negative,Negative,Positive,Reciprocal Sign,Reciprocal Sign,Reciprocal Sign
277,TATGAACGG,AATGAATGG,Negative,,,,Reciprocal Sign,Negative,Positive,Negative,Negative,Negative,Positive,No,Positive,Negative,Reciprocal Sign,Negative,Negative,Negative,No,,,,Positive,Positive,Negative,Negative,Reciprocal Sign,Negative
278,TATGAACGG,AATGAAAGG,Single Sign,,,,Positive,No,Negative,Positive,Negative,Single Sign,Positive,Negative,Positive,Negative,Positive,Reciprocal Sign,Negative,No,Positive,,,,Negative,Negative,Negative,Negative,Negative,Negative
279,CATGAACGG,AATGACCGG,Negative,,,,Negative,Negative,Positive,Positive,Single Sign,No,Positive,Negative,Reciprocal Sign,Positive,Reciprocal Sign,No,,,,Negative,Positive,No,Negative,Negative,Positive,Negative,Positive,No
280,CATGAACGG,AATGAGCGG,No,,,,Positive,Negative,Negative,No,Positive,Single Sign,No,Negative,Positive,Positive,No,Single Sign,,,,Negative,No,No,Positive,Single Sign,Positive,Positive,Single Sign,No
281,CATGAACGG,AATGATCGG,Negative,,,,Negative,Negative,Positive,Single Sign,Single Sign,Negative,No,Positive,Positive,Positive,Reciprocal Sign,Negative,,,,Negative,Positive,Positive,Negative,Negative,Negative,Negative,Negative,No
282,GATGAACGG,AATGACCGG,No,,,,Positive,Positive,Positive,Positive,Positive,Negative,Reciprocal Sign,No,Positive,Positive,Negative,Reciprocal Sign,,,,Negative,Negative,Negative,Negative,Negative,Negative,Negative,No,No
283,GATGAACGG,AATGAGCGG,No,,,,Positive,Negative,Negative,No,Negative,Positive,Single Sign,Negative,Positive,Positive,No,Single Sign,,,,Negative,Negative,Negative,Negative,Positive,Positive,No,Positive,No
284,GATGAACGG,AATGATCGG,Single Sign,,,,No,Single Sign,Positive,Single Sign,Single Sign,No,Reciprocal Sign,Negative,No,Positive,Negative,No,,,,Negative,Negative,Negative,Negative,Negative,Negative,Negative,Negative,Positive
285,TATGAACGG,AATGACCGG,Negative,,,,Negative,Single Sign,Positive,Negative,Negative,Negative,Positive,Negative,No,Negative,Single Sign,Negative,,,,Negative,Single Sign,Positive,Negative,Positive,Positive,Negative,No,No
286,TATGAACGG,AATGAGCGG,Positive,,,,Single Sign,Negative,Negative,Negative,Positive,Single Sign,Positive,Negative,Positive,Positive,Positive,Reciprocal Sign,,,,No,No,No,No,No,Positive,Single Sign,Positive,No
287,TATGAACGG,AATGATCGG,Negative,,,,Negative,No,Single Sign,Negative,Negative,Negative,Positive,Negative,Positive,Positive,No,Negative,,,,Negative,Positive,Positive,Negative,Positive,Positive,Negative,Negative,No
288,CATGAACGG,AATGCACGG,Negative,,,,Negative,Negative,Positive,Positive,Positive,Negative,No,Reciprocal Sign,Positive,,,,Negative,Negative,Negative,Negative,Positive,Positive,Negative,Negative,Positive,Negative,Negative,Negative
289,CATGAACGG,AATGGACGG,Negative,,,,Negative,Negative,Positive,Positive,Positive,Negative,Positive,Negative,Positive,,,,Negative,Negative,Negative,Negative,Positive,Positive,Positive,Negative,Positive,Negative,Negative,Negative
290,CATGAACGG,AATGTACGG,Negative,,,,Negative,Negative,Positive,Positive,Positive,Negative,Positive,No,Negative,,,,No,Negative,Negative,Negative,Positive,Positive,Negative,Negative,Positive,No,Negative,Negative
291,GATGAACGG,AATGCACGG,No,,,,Positive,Positive,Positive,Positive,Positive,Negative,Negative,No,Positive,,,,Negative,Positive,Positive,Negative,Positive,Positive,Negative,Positive,Negative,No,Negative,Negative
292,GATGAACGG,AATGGACGG,No,,,,Positive,Positive,Positive,Positive,Positive,Negative,No,Negative,Positive,,,,Negative,No,Negative,Negative,Positive,Positive,Negative,Negative,Positive,No,No,Negative
293,GATGAACGG,AATGTACGG,Negative,,,,No,Positive,Positive,Positive,Positive,Negative,Reciprocal Sign,Single Sign,Positive,,,,Negative,Positive,No,Negative,Positive,Positive,Negative,Positive,Negative,Positive,No,Negative
294,TATGAACGG,AATGCACGG,Negative,,,,Negative,Negative,Positive,Positive,Positive,Negative,Positive,Negative,Positive,,,,Negative,Negative,Positive,Negative,Positive,Positive,Negative,Negative,Positive,Negative,Negative,Negative
295,TATGAACGG,AATGGACGG,Negative,,,,Negative,Positive,Positive,Positive,Positive,Negative,Negative,Negative,Reciprocal Sign,,,,Negative,Negative,Negative,Negative,Positive,Positive,Negative,Negative,Positive,Negative,Negative,Negative
296,TATGAACGG,AATGTACGG,Negative,,,,Negative,No,Positive,Positive,Positive,Negative,Positive,Negative,Positive,,,,Negative,Negative,Negative,Negative,Positive,Positive,Negative,Negative,Positive,Negative,Negative,Negative
297,CATGAACGG,AATCAACGG,Negative,,,,Negative,Negative,Positive,Positive,Positive,Negative,,,,No,Negative,Single Sign,No,Negative,Positive,No,Positive,Positive,Negative,Negative,Positive,Negative,No,Negative
298,CATGAACGG,AATTAACGG,Negative,,,,Negative,Negative,Positive,Positive,Positive,No,,,,Positive,Negative,Negative,Positive,Negative,Negative,Negative,Positive,Positive,Negative,Negative,Positive,Negative,Negative,Negative
299,CATGAACGG,AATAAACGG,Negative,,,,Negative,Negative,Positive,Positive,Positive,No,,,,Positive,Negative,Negative,Negative,Negative,Negative,Negative,Positive,Positive,Negative,No,Positive,Negative,Negative,Negative
300,GATGAACGG,AATCAACGG,Negative,,,,Positive,Positive,Positive,Positive,Positive,Negative,,,,Positive,Single Sign,Single Sign,Negative,Positive,No,Negative,Negative,Positive,Negative,Positive,Positive,No,Positive,Negative
301,GATGAACGG,AATTAACGG,Positive,,,,Positive,Positive,Positive,Positive,Positive,Negative,,,,Positive,Negative,Reciprocal Sign,Negative,Negative,Positive,Negative,Positive,Positive,Negative,Positive,Negative,No,Negative,Positive
302,GATGAACGG,AATAAACGG,Negative,,,,Negative,Positive,Positive,Positive,Positive,Positive,,,,Positive,Negative,Negative,No,Positive,Positive,Negative,Positive,Positive,Negative,Positive,Positive,No,Negative,Negative
303,TATGAACGG,AATCAACGG,Negative,,,,Negative,Negative,Positive,Positive,Positive,Negative,,,,Negative,Single Sign,Negative,Negative,Negative,Negative,Negative,Positive,Positive,Negative,Negative,Positive,Negative,Negative,Negative
304,TATGAACGG,AATTAACGG,Negative,,,,Negative,Positive,Positive,Positive,Positive,Negative,,,,No,Single Sign,Negative,Negative,Negative,Negative,Negative,Positive,Positive,Negative,Negative,Positive,Negative,Negative,Negative
305,TATGAACGG,AATAAACGG,Negative,,,,Negative,Negative,Positive,Positive,Positive,Negative,,,,Positive,Negative,Negative,Negative,Negative,Negative,Negative,Positive,Positive,No,Negative,Positive,Negative,Negative,Negative
306,CATGAACGG,AACGAACGG,No,,,,Single Sign,Negative,Negative,,,,Reciprocal Sign,Positive,Positive,Positive,Reciprocal Sign,Negative,Positive,Positive,Single Sign,Single Sign,Positive,No,Single Sign,Positive,Positive,Positive,Positive,Positive
307,CATGAACGG,AAGGAACGG,Reciprocal Sign,,,,Positive,Negative,No,,,,Negative,No,Positive,Positive,Positive,Negative,No,Reciprocal Sign,No,Reciprocal Sign,Positive,Negative,Reciprocal Sign,Negative,Positive,Reciprocal Sign,Reciprocal Sign,Reciprocal Sign
308,CATGAACGG,AAAGAACGG,Reciprocal Sign,,,,Positive,Negative,Negative,,,,No,No,Positive,Reciprocal Sign,Negative,Single Sign,No,Reciprocal Sign,Reciprocal Sign,Reciprocal Sign,Positive,Negative,Reciprocal Sign,Negative,Positive,Reciprocal Sign,Reciprocal Sign,Reciprocal Sign
309,GATGAACGG,AACGAACGG,Reciprocal Sign,,,,Positive,Positive,Negative,,,,Reciprocal Sign,Negative,Positive,Positive,Negative,No,No,Single Sign,No,No,Positive,Negative,No,Positive,Positive,Positive,Positive,Positive
310,GATGAACGG,AAGGAACGG,Negative,,,,Positive,Negative,Negative,,,,Negative,Single Sign,Positive,Positive,Single Sign,Negative,Positive,Reciprocal Sign,No,Reciprocal Sign,Negative,Negative,Reciprocal Sign,Negative,Negative,Negative,Reciprocal Sign,Reciprocal Sign
311,GATGAACGG,AAAGAACGG,Negative,,,,Positive,Negative,No,,,,Reciprocal Sign,No,Positive,No,Single Sign,Single Sign,Single Sign,Reciprocal Sign,Reciprocal Sign,Reciprocal Sign,Negative,Negative,Reciprocal Sign,Negative,Negative,Negative,Reciprocal Sign,Reciprocal Sign
312,TATGAACGG,AACGAACGG,No,,,,No,No,Negative,,,,Reciprocal Sign,Negative,Positive,Reciprocal Sign,Positive,Negative,Positive,Positive,Single Sign,No,No,Negative,Positive,No,Positive,Single Sign,Positive,Single Sign
313,TATGAACGG,AAGGAACGG,Reciprocal Sign,,,,Positive,Negative,Negative,,,,Negative,Negative,Positive,Positive,Single Sign,Negative,Reciprocal Sign,Reciprocal Sign,Negative,Reciprocal Sign,Negative,Negative,Reciprocal Sign,Reciprocal Sign,No,Reciprocal Sign,Reciprocal Sign,Reciprocal Sign
314,TATGAACGG,AAAGAACGG,Reciprocal Sign,,,,Positive,Negative,Negative,,,,Positive,Negative,Positive,Negative,Positive,Negative,Negative,Reciprocal Sign,Reciprocal Sign,Reciprocal Sign,Negative,Negative,Reciprocal Sign,Reciprocal Sign,No,Reciprocal Sign,Reciprocal Sign,Reciprocal Sign
315,CATGAACGG,ACTGAACGG,Reciprocal Sign,,,,,,,Negative,Negative,Reciprocal Sign,Reciprocal Sign,Positive,Reciprocal Sign,Positive,No,Negative,Negative,Reciprocal Sign,Reciprocal Sign,Reciprocal Sign,Negative,Negative,Reciprocal Sign,Negative,Positive,Reciprocal Sign,Reciprocal Sign,Reciprocal Sign
316,CATGAACGG,AGTGAACGG,Positive,,,,,,,Positive,Positive,Negative,Positive,Negative,Negative,Positive,Positive,Negative,Negative,Negative,Reciprocal Sign,No,Positive,Positive,Negative,Positive,Positive,Negative,No,Negative
317,CATGAACGG,ATTGAACGG,Positive,,,,,,,Reciprocal Sign,Reciprocal Sign,Positive,Negative,No,Negative,Positive,Negative,Negative,Negative,Single Sign,Negative,Single Sign,Positive,Positive,Single Sign,Positive,Positive,Single Sign,Positive,Positive
318,GATGAACGG,ACTGAACGG,Negative,,,,,,,No,Negative,Reciprocal Sign,Positive,Negative,Positive,Positive,Single Sign,No,Negative,Reciprocal Sign,Reciprocal Sign,Reciprocal Sign,Negative,Negative,Reciprocal Sign,Negative,Positive,Negative,Reciprocal Sign,Reciprocal Sign
319,GATGAACGG,AGTGAACGG,Negative,,,,,,,Positive,No,Negative,No,Negative,No,Positive,Negative,No,Single Sign,Negative,Negative,Negative,Negative,Negative,Negative,Negative,Single Sign,Negative,Negative,Reciprocal Sign
320,GATGAACGG,ATTGAACGG,Negative,,,,,,,Positive,Positive,Reciprocal Sign,Negative,Negative,Positive,Positive,Reciprocal Sign,Reciprocal Sign,Negative,Negative,Negative,Negative,Positive,Positive,Negative,Positive,No,Negative,Reciprocal Sign,Reciprocal Sign
321,TATGAACGG,ACTGAACGG,Reciprocal Sign,,,,,,,Positive,Positive,Reciprocal Sign,Reciprocal Sign,No,Positive,Positive,Positive,Negative,No,Reciprocal Sign,Negative,Reciprocal Sign,Positive,Positive,Reciprocal Sign,Reciprocal Sign,Reciprocal Sign,Reciprocal Sign,Reciprocal Sign,Negative
322,TATGAACGG,AGTGAACGG,Negative,,,,,,,Positive,Positive,Negative,Positive,Negative,Positive,No,Single Sign,Negative,Negative,Negative,Negative,Negative,Positive,Positive,Negative,Negative,No,Reciprocal Sign,Negative,Reciprocal Sign
323,TATGAACGG,ATTGAACGG,Positive,,,,,,,Reciprocal Sign,Reciprocal Sign,Positive,Positive,Negative,Positive,Reciprocal Sign,Reciprocal Sign,Negative,Negative,Positive,Negative,No,Positive,Positive,Negative,Negative,Positive,Single Sign,Negative,Positive
