,Mutant_A,Mutant_B,NM,ACGGACCTG,TCGGACCTG,CCGGACCTG,GAGGACCTG,GTGGACCTG,GGGGACCTG,GCAGACCTG,GCTGACCTG,GCCGACCTG,GCGAACCTG,GCGTACCTG,GCGCACCTG,GCGGTCCTG,GCGGGCCTG,GCGGCCCTG,GCGGAACTG,GCGGATCTG,GCGGAGCTG,GCGGACATG,GCGGACTTG,GCGGACGTG,GCGGACCAG,GCGGACCGG,GCGGACCCG,GCGGACCTA,GCGGACCTT,GCGGACCTC
0,GCGGACCCG,GCGGACCTC,Negative,Negative,Negative,Negative,Negative,Positive,No,Positive,,,Negative,Reciprocal Sign,,Negative,No,,Negative,Positive,Negative,Positive,Negative,Negative,,,,,,
1,GCGGACCCG,GCGGACCTT,Negative,Negative,Negative,Negative,No,Negative,Negative,No,No,Negative,Positive,Reciprocal Sign,,Negative,Positive,,Negative,Reciprocal Sign,Negative,Positive,Negative,Negative,,,,,,
2,GCGGACCCG,GCGGACCTA,Negative,Negative,Negative,Negative,No,Negative,Negative,Negative,Negative,Reciprocal Sign,Positive,Negative,,Negative,Reciprocal Sign,,Negative,Negative,Negative,Positive,Negative,No,,,,,,
3,GCGGACCGG,GCGGACCTC,Single Sign,Negative,Positive,Positive,Single Sign,Single Sign,Positive,Single Sign,,No,Negative,Negative,Positive,Single Sign,No,Negative,Positive,Positive,Negative,Positive,Negative,Positive,,,,,,
4,GCGGACCGG,GCGGACCTT,Positive,No,Negative,Negative,Negative,Positive,No,Positive,Single Sign,Negative,Negative,Negative,Positive,Single Sign,No,Positive,No,Single Sign,No,Positive,Reciprocal Sign,Negative,,,,,,
5,GCGGACCGG,GCGGACCTA,Positive,Negative,Negative,Negative,Negative,Positive,Negative,Negative,Negative,Negative,Positive,Negative,Positive,Negative,Reciprocal Sign,Negative,Positive,Single Sign,Negative,Positive,Reciprocal Sign,No,,,,,,
6,GCGGACCAG,GCGGACCTC,Negative,Negative,Negative,Negative,Negative,Negative,Negative,Negative,,Negative,Positive,Negative,Positive,Reciprocal Sign,Negative,,Negative,Negative,Negative,Positive,Positive,Negative,,,,,,
7,GCGGACCAG,GCGGACCTT,Negative,Negative,Negative,Negative,Negative,Negative,Negative,Negative,Negative,Negative,Positive,Negative,Positive,Negative,Negative,No,Negative,Negative,Negative,Positive,Negative,Negative,,,,,,
8,GCGGACCAG,GCGGACCTA,Positive,Negative,Negative,No,Negative,No,Negative,Single Sign,Positive,Positive,Negative,Negative,Positive,Negative,Negative,Negative,Positive,Negative,Negative,Positive,Negative,Negative,,,,,,
9,GCGGACGTG,GCGGACCTC,Positive,Negative,Positive,Negative,Negative,Negative,Negative,Negative,,Negative,Reciprocal Sign,Single Sign,Positive,Negative,Single Sign,Reciprocal Sign,Negative,Negative,Negative,,,,Positive,Negative,Positive,,,
10,GCGGACGTG,GCGGACCTT,Negative,Negative,No,Negative,Single Sign,Negative,Negative,No,No,Negative,Positive,Negative,Positive,Negative,Single Sign,Positive,Negative,Positive,Negative,,,,Positive,Negative,Negative,,,
11,GCGGACGTG,GCGGACCTA,Negative,Negative,Negative,Negative,Negative,Negative,Negative,No,Negative,Negative,No,Single Sign,Positive,Negative,Reciprocal Sign,Positive,Negative,Single Sign,Positive,,,,Negative,Negative,Positive,,,
12,GCGGACTTG,GCGGACCTC,Reciprocal Sign,Single Sign,Positive,Single Sign,Reciprocal Sign,Reciprocal Sign,Single Sign,Reciprocal Sign,,Positive,Negative,Reciprocal Sign,Positive,Negative,Negative,Positive,Positive,Positive,Positive,,,,Positive,Negative,Single Sign,,,
13,GCGGACTTG,GCGGACCTT,Single Sign,Single Sign,Positive,No,Reciprocal Sign,Single Sign,Single Sign,Single Sign,Reciprocal Sign,Positive,Negative,Reciprocal Sign,Positive,Negative,Negative,Positive,Positive,Single Sign,Positive,,,,Positive,Negative,Single Sign,,,
14,GCGGACTTG,GCGGACCTA,Negative,Negative,Reciprocal Sign,Negative,Negative,Negative,Negative,Negative,No,Negative,Negative,Reciprocal Sign,Positive,Negative,Reciprocal Sign,Reciprocal Sign,Negative,Negative,Negative,,,,Negative,Negative,Negative,,,
15,GCGGACATG,GCGGACCTC,Negative,Negative,Reciprocal Sign,Reciprocal Sign,Negative,Negative,Negative,Negative,,Negative,Negative,Negative,Positive,Reciprocal Sign,Negative,Negative,Reciprocal Sign,Negative,Reciprocal Sign,,,,Positive,Negative,Positive,,,
16,GCGGACATG,GCGGACCTT,Reciprocal Sign,Negative,Reciprocal Sign,Reciprocal Sign,Negative,Negative,Reciprocal Sign,Reciprocal Sign,Negative,Negative,No,Negative,Positive,Negative,Negative,Negative,Reciprocal Sign,Negative,Reciprocal Sign,,,,Positive,Reciprocal Sign,Negative,,,
17,GCGGACATG,GCGGACCTA,Reciprocal Sign,Negative,Reciprocal Sign,Reciprocal Sign,Negative,Negative,Negative,Negative,Reciprocal Sign,Negative,Positive,Negative,Positive,Negative,Single Sign,Negative,Reciprocal Sign,Negative,Reciprocal Sign,,,,Negative,Reciprocal Sign,Negative,,,
18,GCGGACGTG,GCGGACCCG,Negative,Positive,Positive,Negative,Negative,Positive,Positive,No,Negative,Negative,Negative,Single Sign,,Negative,Reciprocal Sign,,Positive,Negative,Positive,,,,,,,Positive,Negative,Negative
19,GCGGACGTG,GCGGACCGG,Negative,Negative,Negative,Negative,Negative,Negative,Negative,Negative,Negative,Negative,Negative,Negative,Positive,Negative,Reciprocal Sign,Positive,Positive,Negative,Positive,,,,,,,Negative,Negative,Negative
20,GCGGACGTG,GCGGACCAG,Reciprocal Sign,Reciprocal Sign,Reciprocal Sign,Reciprocal Sign,Reciprocal Sign,Reciprocal Sign,Reciprocal Sign,Reciprocal Sign,Reciprocal Sign,Reciprocal Sign,Positive,No,Positive,Reciprocal Sign,Positive,Positive,Negative,Reciprocal Sign,Negative,,,,,,,Reciprocal Sign,Reciprocal Sign,Reciprocal Sign
21,GCGGACTTG,GCGGACCCG,Reciprocal Sign,Reciprocal Sign,Single Sign,Reciprocal Sign,Reciprocal Sign,Reciprocal Sign,Reciprocal Sign,Reciprocal Sign,Reciprocal Sign,No,Reciprocal Sign,Positive,,Negative,Positive,,Positive,Single Sign,Positive,,,,,,,Positive,Single Sign,Single Sign
22,GCGGACTTG,GCGGACCGG,Negative,Single Sign,Positive,Negative,Negative,Single Sign,Single Sign,Negative,Negative,Negative,Reciprocal Sign,Reciprocal Sign,Reciprocal Sign,Negative,Reciprocal Sign,Negative,Positive,Negative,Positive,,,,,,,Negative,Reciprocal Sign,Negative
23,GCGGACTTG,GCGGACCAG,Negative,Negative,Negative,Negative,Negative,Negative,Negative,Negative,Negative,Negative,Negative,No,Positive,Reciprocal Sign,Single Sign,Negative,Negative,Reciprocal Sign,Negative,,,,,,,Negative,Reciprocal Sign,Negative
24,GCGGACATG,GCGGACCCG,Positive,Single Sign,Single Sign,Positive,Single Sign,Positive,Positive,Single Sign,Positive,Negative,Reciprocal Sign,Reciprocal Sign,,Negative,No,,Positive,Negative,Positive,,,,,,,Reciprocal Sign,Reciprocal Sign,Reciprocal Sign
25,GCGGACATG,GCGGACCGG,Negative,Negative,Negative,Negative,Negative,Negative,Negative,Negative,Negative,Negative,No,Negative,Positive,Single Sign,Negative,Negative,Negative,Negative,Negative,,,,,,,Negative,Negative,No
26,GCGGACATG,GCGGACCAG,Reciprocal Sign,Reciprocal Sign,Negative,Reciprocal Sign,Reciprocal Sign,Reciprocal Sign,Reciprocal Sign,Reciprocal Sign,Reciprocal Sign,Negative,Positive,Negative,Positive,Negative,Reciprocal Sign,Reciprocal Sign,Negative,Negative,Negative,,,,,,,Negative,No,Negative
27,GCGGAGCTG,GCGGACCTC,Single Sign,Negative,Positive,Positive,Single Sign,Single Sign,No,Single Sign,,Negative,Positive,Negative,Positive,Negative,Positive,No,,,,Positive,Negative,Positive,Positive,Negative,Positive,,,
28,GCGGAGCTG,GCGGACCTT,Negative,Negative,Positive,No,Single Sign,Negative,Negative,Positive,Positive,Negative,Positive,Negative,Positive,Negative,Single Sign,Positive,,,,Negative,Negative,No,Positive,Negative,Negative,,,
29,GCGGAGCTG,GCGGACCTA,No,Negative,Positive,Negative,Single Sign,Negative,Negative,Single Sign,No,Negative,Positive,Reciprocal Sign,Positive,Negative,Reciprocal Sign,Reciprocal Sign,,,,No,Negative,Reciprocal Sign,Negative,Negative,Positive,,,
30,GCGGATCTG,GCGGACCTC,Positive,Positive,No,Single Sign,Single Sign,Reciprocal Sign,Positive,Positive,,,Reciprocal Sign,Negative,Reciprocal Sign,Negative,Reciprocal Sign,Positive,,,,Positive,Positive,Negative,Negative,Single Sign,Positive,,,
31,GCGGATCTG,GCGGACCTT,Negative,Positive,Positive,Negative,Single Sign,No,No,Negative,,,Reciprocal Sign,Negative,Positive,Negative,Negative,Positive,,,,No,No,Negative,Negative,Negative,Positive,,,
32,GCGGATCTG,GCGGACCTA,Negative,Negative,Positive,Negative,Single Sign,Negative,Negative,No,,,Positive,Negative,Positive,Negative,Single Sign,Negative,,,,No,Reciprocal Sign,Single Sign,Negative,Negative,No,,,
33,GCGGAACTG,GCGGACCTC,Single Sign,Negative,Positive,Positive,Single Sign,Single Sign,No,Single Sign,,Negative,Negative,Negative,Positive,Negative,Negative,Reciprocal Sign,,,,Positive,Positive,Positive,Positive,Negative,Positive,,,
34,GCGGAACTG,GCGGACCTT,No,Negative,Positive,No,Single Sign,Negative,No,Positive,Single Sign,Negative,No,Negative,Positive,Negative,Reciprocal Sign,Reciprocal Sign,,,,Positive,Negative,No,Positive,Negative,No,,,
35,GCGGAACTG,GCGGACCTA,Negative,Negative,Positive,Negative,Single Sign,No,Negative,Single Sign,No,Negative,No,Reciprocal Sign,Positive,Negative,Single Sign,Reciprocal Sign,,,,Positive,Negative,No,Negative,Negative,Positive,,,
36,GCGGAGCTG,GCGGACCCG,Negative,Negative,Negative,Negative,Negative,Negative,Negative,Negative,Negative,Reciprocal Sign,Positive,No,,Negative,Reciprocal Sign,,,,,Negative,Reciprocal Sign,Negative,,,,Negative,Negative,Negative
37,GCGGAGCTG,GCGGACCGG,Reciprocal Sign,Reciprocal Sign,Negative,Reciprocal Sign,Reciprocal Sign,Reciprocal Sign,Reciprocal Sign,Reciprocal Sign,Reciprocal Sign,Reciprocal Sign,Positive,Reciprocal Sign,Reciprocal Sign,No,Reciprocal Sign,,,,,Negative,Negative,Negative,,,,Reciprocal Sign,Reciprocal Sign,Reciprocal Sign
38,GCGGAGCTG,GCGGACCAG,Negative,Negative,Negative,Negative,Negative,Negative,Reciprocal Sign,Negative,Negative,Negative,Negative,Negative,Positive,Negative,Positive,Single Sign,,,,Negative,Negative,Negative,,,,Negative,Reciprocal Sign,Reciprocal Sign
39,GCGGATCTG,GCGGACCCG,Positive,Negative,Positive,Negative,Negative,Positive,Positive,Positive,,,Reciprocal Sign,No,,,Positive,,,,,Negative,Negative,No,,,,Positive,Positive,Positive
40,GCGGATCTG,GCGGACCGG,Negative,Negative,Positive,Negative,No,Negative,Negative,Negative,,,Positive,Negative,Positive,Single Sign,Negative,Positive,,,,Reciprocal Sign,No,Negative,,,,No,Positive,Single Sign
41,GCGGATCTG,GCGGACCAG,Negative,Negative,Negative,Negative,Negative,No,No,Positive,,,Positive,Negative,Positive,Negative,Reciprocal Sign,Positive,,,,Negative,Negative,Negative,,,,Negative,Negative,Negative
42,GCGGAACTG,GCGGACCCG,Negative,Negative,Negative,Negative,Negative,Negative,Negative,Negative,Negative,Reciprocal Sign,Positive,Reciprocal Sign,,Negative,Positive,,,,,Negative,Reciprocal Sign,Negative,,,,Negative,Negative,Negative
43,GCGGAACTG,GCGGACCGG,Reciprocal Sign,Reciprocal Sign,Negative,Reciprocal Sign,Reciprocal Sign,Reciprocal Sign,Reciprocal Sign,Reciprocal Sign,Reciprocal Sign,Reciprocal Sign,Negative,Negative,Positive,Negative,No,,,,,Negative,Negative,Negative,,,,Reciprocal Sign,Reciprocal Sign,Reciprocal Sign
44,GCGGAACTG,GCGGACCAG,Negative,Negative,Negative,Negative,Negative,Negative,Reciprocal Sign,Negative,Negative,Negative,No,Negative,Reciprocal Sign,Negative,Positive,Positive,,,,Negative,Negative,Negative,,,,Negative,Reciprocal Sign,Reciprocal Sign
45,GCGGAGCTG,GCGGACGTG,Negative,Negative,Negative,Negative,Negative,Negative,Negative,Negative,Negative,Negative,Positive,Single Sign,Positive,Negative,Reciprocal Sign,No,,,,,,,Positive,Positive,Negative,Negative,Negative,Negative
46,GCGGAGCTG,GCGGACTTG,Negative,Negative,Positive,Negative,Single Sign,No,Single Sign,Negative,Negative,Negative,Positive,Negative,Positive,Negative,Reciprocal Sign,Negative,,,,,,,Positive,Positive,Negative,Negative,Negative,Negative
47,GCGGAGCTG,GCGGACATG,Negative,Negative,Positive,Negative,Negative,Negative,Negative,Negative,Negative,Negative,Positive,Negative,Positive,Negative,Positive,Negative,,,,,,,Positive,Negative,Negative,Negative,Negative,Negative
48,GCGGATCTG,GCGGACGTG,Single Sign,Negative,Positive,Single Sign,Positive,Single Sign,Positive,Single Sign,,,No,No,Positive,Negative,No,Positive,,,,,,,Positive,Positive,Single Sign,Single Sign,Single Sign,Positive
49,GCGGATCTG,GCGGACTTG,Positive,Single Sign,No,Positive,Single Sign,Positive,No,Positive,,,No,No,Positive,Negative,Single Sign,Reciprocal Sign,,,,,,,Positive,Positive,Positive,Positive,Single Sign,Single Sign
50,GCGGATCTG,GCGGACATG,Positive,No,Positive,Single Sign,Positive,Single Sign,Single Sign,Single Sign,,,Positive,Negative,Positive,Negative,Positive,Positive,,,,,,,Positive,Single Sign,No,Positive,Positive,Reciprocal Sign
51,GCGGAACTG,GCGGACGTG,Negative,Negative,Negative,Negative,Negative,Negative,Negative,Negative,Negative,Negative,Positive,Single Sign,Positive,Negative,Single Sign,Reciprocal Sign,,,,,,,Positive,Positive,Negative,Negative,Negative,Negative
52,GCGGAACTG,GCGGACTTG,Negative,Negative,Positive,Negative,Single Sign,Negative,Negative,Negative,Negative,Negative,No,Positive,Positive,Negative,Single Sign,Negative,,,,,,,Positive,Positive,Negative,Negative,Negative,Negative
53,GCGGAACTG,GCGGACATG,Negative,Negative,Positive,Negative,Negative,Negative,Negative,Positive,Negative,Negative,No,Reciprocal Sign,Positive,Negative,No,Negative,,,,,,,Positive,No,No,Negative,Negative,Negative
54,GCGGCCCTG,GCGGACCTC,Positive,Positive,Positive,No,Positive,No,Positive,Positive,,,No,Negative,Positive,,,,Positive,No,Negative,Positive,Negative,Positive,,Negative,,,,
55,GCGGCCCTG,GCGGACCTT,Negative,Negative,Negative,Negative,Positive,Negative,Positive,Negative,Negative,Negative,Single Sign,Negative,Positive,,,,Positive,Positive,Negative,Positive,Negative,Positive,Positive,Negative,,,,
56,GCGGCCCTG,GCGGACCTA,Negative,Negative,Negative,Negative,Positive,Negative,Positive,Negative,Negative,Negative,Negative,No,Positive,,,,Positive,Negative,Negative,Positive,Positive,Positive,Negative,Negative,,,,
57,GCGGGCCTG,GCGGACCTC,Positive,Negative,Negative,Negative,Negative,No,Negative,Positive,,Negative,Single Sign,Negative,Reciprocal Sign,,,,Negative,Negative,Positive,Positive,Negative,Positive,Positive,Negative,Positive,,,
58,GCGGGCCTG,GCGGACCTT,Negative,Negative,Positive,Negative,Positive,Negative,Negative,No,Positive,Negative,Single Sign,Positive,Reciprocal Sign,,,,Negative,Positive,Positive,Positive,Negative,Positive,Positive,Negative,Positive,,,
59,GCGGGCCTG,GCGGACCTA,Negative,Negative,Negative,Negative,Positive,Negative,Negative,Positive,Negative,Negative,Single Sign,Negative,Positive,,,,No,Positive,Positive,Positive,Positive,Positive,Negative,Negative,Positive,,,
60,GCGGTCCTG,GCGGACCTC,Positive,Negative,Positive,Negative,Positive,Negative,Positive,Positive,,Negative,Positive,Reciprocal Sign,Positive,,,,Negative,Negative,Negative,Positive,Negative,No,Positive,Positive,Positive,,,
61,GCGGTCCTG,GCGGACCTT,Positive,Negative,Negative,Negative,Positive,Negative,Positive,No,Positive,Negative,Positive,Positive,Positive,,,,Negative,No,Negative,Positive,Negative,Negative,Positive,No,Positive,,,
62,GCGGTCCTG,GCGGACCTA,Positive,Negative,Positive,Negative,Positive,Negative,Positive,Positive,Negative,Negative,Positive,No,Positive,,,,Negative,Positive,Negative,Positive,Negative,Negative,Negative,No,No,,,
63,GCGGCCCTG,GCGGACCCG,,Positive,Positive,Positive,Positive,Positive,Positive,Positive,Positive,,Positive,,,,,,,Positive,,,Negative,Positive,,,,Positive,Positive,Positive
64,GCGGCCCTG,GCGGACCGG,Negative,Negative,Negative,Negative,Negative,Negative,Negative,Negative,Negative,Negative,Single Sign,Negative,Positive,,,,,Negative,,Negative,Negative,Positive,,,,Negative,Negative,Negative
65,GCGGCCCTG,GCGGACCAG,Negative,Negative,Negative,,Negative,Negative,Negative,Negative,Negative,Negative,Single Sign,Negative,Positive,,,,Positive,Negative,Positive,Positive,No,Positive,,,,Negative,No,
66,GCGGGCCTG,GCGGACCCG,Positive,Positive,Positive,Negative,Positive,Positive,Positive,,Positive,,Positive,Negative,,,,,Positive,No,Positive,Negative,Negative,Positive,,,,Positive,Positive,Positive
67,GCGGGCCTG,GCGGACCGG,Negative,Negative,Negative,Negative,Negative,Negative,Negative,Negative,Negative,Negative,Negative,Negative,Positive,,,,Positive,Negative,Positive,Negative,Negative,Positive,,,,Negative,Negative,Negative
68,GCGGGCCTG,GCGGACCAG,Negative,Negative,Negative,Negative,Negative,Negative,Negative,Negative,Negative,Negative,No,Negative,Negative,,,,Positive,Negative,Positive,Positive,Positive,Positive,,,,Negative,No,Negative
69,GCGGTCCTG,GCGGACCCG,Positive,Positive,Positive,No,Positive,Positive,Positive,Positive,Positive,Negative,Reciprocal Sign,Positive,,,,,Positive,,Positive,Positive,Negative,Positive,,,,Positive,Positive,Positive
70,GCGGTCCTG,GCGGACCGG,Negative,Negative,Negative,Negative,Negative,Negative,Negative,Negative,Negative,Negative,No,Reciprocal Sign,Reciprocal Sign,,,,Positive,Negative,Positive,Positive,Negative,Positive,,,,Negative,Negative,Negative
71,GCGGTCCTG,GCGGACCAG,Negative,Negative,Negative,Negative,Negative,Negative,Negative,Negative,Negative,Negative,Positive,Positive,Reciprocal Sign,,,,Positive,Negative,Positive,Positive,Negative,Positive,,,,Negative,Negative,Negative
72,GCGGCCCTG,GCGGACGTG,Negative,Negative,Negative,Negative,Negative,Negative,Negative,Negative,Negative,Negative,No,Negative,Positive,,,,Positive,Negative,Positive,,,,Positive,Positive,,Negative,Negative,Negative
73,GCGGCCCTG,GCGGACTTG,Positive,Negative,No,Negative,Positive,Positive,Positive,Negative,Negative,Negative,No,Negative,Positive,,,,Positive,Positive,Positive,,,,Positive,Positive,,Positive,Negative,Negative
74,GCGGCCCTG,GCGGACATG,Negative,Negative,Negative,Negative,Negative,Negative,Negative,Negative,Negative,Negative,Negative,Negative,Positive,,,,Negative,Negative,Negative,,,,Positive,Negative,,Positive,Positive,Negative
75,GCGGGCCTG,GCGGACGTG,Negative,Negative,Negative,Negative,Negative,Negative,Negative,Negative,Negative,Negative,No,Negative,No,,,,Positive,Negative,Positive,,,,Positive,Positive,Negative,Negative,Negative,Negative
76,GCGGGCCTG,GCGGACTTG,Positive,Positive,Negative,No,Positive,Negative,No,Positive,Positive,Negative,Single Sign,Negative,Positive,,,,Positive,Negative,Positive,,,,Positive,Positive,Negative,Positive,Negative,Negative
77,GCGGGCCTG,GCGGACATG,Negative,Negative,Negative,Negative,Negative,Negative,Negative,Negative,,Negative,No,Negative,Reciprocal Sign,,,,Negative,Negative,Positive,,,,Positive,Negative,Negative,Positive,Positive,No
78,GCGGTCCTG,GCGGACGTG,Negative,Negative,Negative,Negative,Negative,Negative,Negative,Negative,Negative,Negative,Positive,Single Sign,Positive,,,,Positive,Negative,Positive,,,,Positive,Positive,Negative,Negative,Negative,Negative
79,GCGGTCCTG,GCGGACTTG,Positive,Negative,Positive,Positive,Positive,Negative,Positive,Positive,Negative,Negative,Negative,Reciprocal Sign,Positive,,,,Positive,Negative,Positive,,,,Positive,Positive,Negative,Positive,Negative,Negative
80,GCGGTCCTG,GCGGACATG,Negative,Negative,Negative,Negative,Negative,Negative,Negative,Negative,Negative,Negative,No,No,Positive,,,,Negative,Negative,Negative,,,,Positive,Positive,Negative,Positive,Positive,No
81,GCGGCCCTG,GCGGAGCTG,Negative,Negative,Negative,Negative,Negative,Negative,Negative,Negative,Negative,Negative,Positive,Negative,Positive,,,,,,,Negative,Negative,Positive,Positive,,,Negative,Negative,Negative
82,GCGGCCCTG,GCGGATCTG,Positive,No,Negative,Positive,Positive,Positive,Positive,Positive,,,No,Negative,Positive,,,,,,,Negative,Positive,Positive,Positive,Positive,,Positive,Positive,Positive
83,GCGGCCCTG,GCGGAACTG,Negative,Negative,Negative,Negative,Negative,Negative,Negative,Negative,Negative,Negative,Negative,Negative,Negative,,,,,,,Negative,Negative,Positive,Positive,,,Negative,Negative,Negative
84,GCGGGCCTG,GCGGAGCTG,Negative,Negative,Negative,Negative,Negative,Negative,Negative,Negative,Negative,Negative,Single Sign,Negative,Positive,,,,,,,Negative,Negative,Positive,Positive,Positive,Positive,Negative,Negative,Negative
85,GCGGGCCTG,GCGGATCTG,Positive,Negative,Positive,Negative,Negative,Positive,Negative,Positive,,,Negative,Negative,Positive,,,,,,,Positive,Positive,No,Positive,Positive,Positive,Positive,Positive,Negative
86,GCGGGCCTG,GCGGAACTG,Negative,Negative,Negative,Negative,Negative,Negative,Negative,Negative,Negative,Negative,Negative,Negative,Negative,,,,,,,Negative,Negative,Positive,Positive,Positive,Positive,Negative,Negative,Negative
87,GCGGTCCTG,GCGGAGCTG,Negative,Negative,Negative,Negative,Negative,Negative,Negative,Negative,Negative,Negative,Positive,Positive,Positive,,,,,,,Negative,Negative,Positive,Positive,Positive,Positive,Negative,Negative,Negative
88,GCGGTCCTG,GCGGATCTG,Positive,Negative,No,Negative,Positive,Negative,Positive,Positive,,,Positive,Positive,Positive,,,,,,,No,Negative,Negative,No,Positive,,Positive,Positive,Positive
89,GCGGTCCTG,GCGGAACTG,Negative,Negative,Negative,Negative,Negative,Negative,Negative,Negative,Negative,Negative,Positive,Reciprocal Sign,Positive,,,,,,,Negative,Negative,Negative,Positive,Positive,Positive,Negative,Negative,Negative
90,GCGCACCTG,GCGGACCTC,Negative,Negative,Negative,Negative,No,Positive,Positive,Positive,,,,,,Positive,No,Reciprocal Sign,Negative,Positive,Negative,Positive,Negative,Positive,Positive,Negative,,,,
91,GCGCACCTG,GCGGACCTT,Negative,Negative,Negative,Negative,Positive,Negative,No,Positive,Positive,Negative,,,,Negative,No,Reciprocal Sign,Negative,Positive,Negative,Positive,Negative,Positive,Positive,Negative,,,,
92,GCGCACCTG,GCGGACCTA,Negative,Negative,Positive,Negative,Negative,Negative,Positive,Positive,No,Negative,,,,Reciprocal Sign,Negative,No,Negative,Positive,Positive,Positive,Negative,No,Negative,Negative,,,,
93,GCGTACCTG,GCGGACCTC,Positive,Negative,No,Negative,No,Positive,Negative,No,,Negative,,,,Reciprocal Sign,Negative,No,Negative,Negative,Negative,Positive,Negative,Positive,Positive,Negative,Positive,,,
94,GCGTACCTG,GCGGACCTT,No,Negative,Negative,Negative,Positive,Negative,Negative,No,Positive,Negative,,,,Negative,Positive,Positive,Negative,No,No,Positive,Negative,Negative,Positive,Negative,Negative,,,
95,GCGTACCTG,GCGGACCTA,Negative,Negative,Positive,Negative,Positive,Positive,Negative,No,Negative,Negative,,,,Negative,Single Sign,Single Sign,Negative,No,Negative,Positive,Negative,Positive,Negative,Negative,Positive,,,
96,GCGAACCTG,GCGGACCTC,Positive,Negative,Positive,Positive,Negative,Positive,Negative,Positive,,Negative,,,,No,Positive,No,Negative,Positive,Negative,Positive,Negative,Positive,Positive,Negative,Positive,,,
97,GCGAACCTG,GCGGACCTT,Negative,Negative,Positive,Negative,No,Negative,Negative,Positive,Positive,Negative,,,,Negative,Positive,Single Sign,Negative,Positive,Positive,Positive,Negative,Positive,Positive,Negative,No,,,
98,GCGAACCTG,GCGGACCTA,Negative,Negative,Positive,Negative,No,Negative,Negative,Positive,Positive,Negative,,,,Negative,Single Sign,Negative,Negative,No,Negative,Positive,Negative,Negative,Negative,Negative,Positive,,,
99,GCGCACCTG,GCGGACCCG,,Positive,,Positive,Positive,Positive,Positive,Positive,Positive,No,,,,Positive,Positive,,Positive,Negative,Positive,No,Negative,Positive,,,,Positive,Positive,Positive
100,GCGCACCTG,GCGGACCGG,Negative,Negative,Negative,Negative,Negative,Negative,Negative,Negative,Negative,Negative,,,,Single Sign,Negative,Positive,Positive,Negative,Positive,Positive,Negative,Positive,,,,Negative,Negative,Negative
101,GCGCACCTG,GCGGACCAG,Negative,Negative,Negative,Negative,Negative,Negative,Negative,Negative,Negative,Negative,,,,Negative,Reciprocal Sign,No,Positive,Negative,Positive,Positive,Positive,Positive,,,,Negative,Positive,Negative
102,GCGTACCTG,GCGGACCCG,Positive,Positive,Positive,Positive,Positive,Positive,Positive,No,Positive,Negative,,,,Positive,Negative,,Positive,Positive,Positive,Negative,Negative,Positive,,,,Positive,Positive,Positive
103,GCGTACCTG,GCGGACCGG,Negative,Negative,Negative,Negative,Negative,Negative,Negative,Negative,Negative,Negative,,,,Negative,Negative,Negative,Positive,Negative,Positive,Positive,Negative,Positive,,,,Negative,Negative,Negative
104,GCGTACCTG,GCGGACCAG,Negative,Negative,Negative,Negative,Negative,Negative,Negative,Negative,Negative,Negative,,,,Negative,Negative,Reciprocal Sign,Positive,Negative,Positive,Positive,Positive,Positive,,,,Negative,No,Negative
105,GCGAACCTG,GCGGACCCG,Positive,Positive,Positive,Positive,No,Positive,Positive,Positive,Positive,Negative,,,,No,Positive,,Positive,Positive,Positive,Positive,Negative,No,,,,Positive,Positive,Positive
106,GCGAACCTG,GCGGACCGG,Negative,Negative,Negative,Negative,Negative,Negative,Negative,Negative,Negative,Negative,,,,No,Negative,Single Sign,Positive,Negative,Positive,No,Negative,Positive,,,,Negative,Negative,Negative
107,GCGAACCTG,GCGGACCAG,Negative,Negative,Negative,Negative,Negative,Negative,Negative,Negative,Negative,Negative,,,,Negative,Negative,Positive,Positive,Negative,Positive,Positive,Negative,Positive,,,,Negative,Negative,Negative
108,GCGCACCTG,GCGGACGTG,Negative,Negative,Negative,Negative,Negative,Negative,Negative,Negative,Negative,Negative,,,,Negative,Negative,Positive,Positive,Negative,Positive,,,,Positive,Positive,,Negative,Negative,Negative
109,GCGCACCTG,GCGGACTTG,Negative,Negative,Positive,Positive,Positive,No,Positive,Positive,No,Negative,,,,Negative,Single Sign,Positive,Positive,Negative,Positive,,,,Positive,Positive,,Positive,Positive,Negative
110,GCGCACCTG,GCGGACATG,Negative,Negative,Negative,Negative,Negative,Negative,Negative,Negative,Negative,Negative,,,,Negative,Negative,Negative,Negative,Negative,No,,,,Positive,Negative,,Positive,Positive,Positive
111,GCGTACCTG,GCGGACGTG,Negative,Negative,Negative,Negative,Negative,Negative,Negative,Negative,Negative,Negative,,,,Negative,Negative,Positive,Positive,Negative,Positive,,,,Positive,Positive,Negative,Negative,Negative,Negative
112,GCGTACCTG,GCGGACTTG,Positive,Negative,Negative,Positive,Positive,No,Negative,Positive,No,Negative,,,,Negative,Negative,Negative,Positive,Negative,Positive,,,,Positive,Positive,Negative,Positive,Negative,Negative
113,GCGTACCTG,GCGGACATG,Negative,Negative,Negative,Negative,Negative,Negative,Negative,Negative,Negative,Negative,,,,Negative,Negative,Negative,Negative,Negative,Negative,,,,Positive,Negative,Negative,Positive,Positive,No
114,GCGAACCTG,GCGGACGTG,Negative,Negative,Negative,Negative,Negative,Negative,Negative,Negative,Negative,Negative,,,,Negative,Positive,Positive,Positive,Negative,Positive,,,,Positive,Positive,Negative,Negative,Negative,Negative
115,GCGAACCTG,GCGGACTTG,Positive,Negative,Negative,Positive,Negative,Negative,Positive,Positive,Positive,Negative,,,,Negative,Single Sign,Single Sign,Positive,Negative,Positive,,,,Positive,Positive,Negative,Positive,Negative,Negative
116,GCGAACCTG,GCGGACATG,Negative,Negative,Negative,Negative,Negative,Negative,Negative,Negative,Negative,Negative,,,,Negative,Negative,Reciprocal Sign,Negative,Negative,Negative,,,,Positive,Negative,Negative,Positive,Positive,No
117,GCGCACCTG,GCGGAGCTG,Negative,Negative,Negative,Negative,Negative,Negative,Negative,Negative,Negative,Negative,,,,Negative,Positive,Positive,,,,Negative,Negative,Negative,Positive,Positive,,Negative,Negative,Negative
118,GCGCACCTG,GCGGATCTG,No,No,Negative,Negative,Negative,Positive,Positive,Positive,,,,,,No,Negative,Positive,,,,Negative,Negative,No,Positive,Positive,,Positive,Positive,Positive
119,GCGCACCTG,GCGGAACTG,Negative,Negative,Negative,Negative,Negative,Negative,Negative,Negative,Negative,Negative,,,,Negative,Reciprocal Sign,Negative,,,,Negative,Negative,Negative,Positive,Positive,,Negative,Negative,Negative
120,GCGTACCTG,GCGGAGCTG,Negative,Negative,Negative,Negative,Negative,Negative,Negative,Negative,Negative,Negative,,,,No,Negative,Negative,,,,Negative,Negative,Positive,Positive,Positive,Positive,Negative,Negative,Negative
121,GCGTACCTG,GCGGATCTG,Positive,No,Positive,Negative,Negative,Positive,Positive,Positive,,,,,,No,Negative,Positive,,,,Positive,Positive,Positive,Positive,Positive,Positive,Positive,Positive,No
122,GCGTACCTG,GCGGAACTG,Negative,Negative,Negative,Negative,Negative,Negative,Negative,Negative,Negative,Negative,,,,Reciprocal Sign,Negative,No,,,,Negative,Negative,No,Positive,Positive,Positive,Negative,Negative,Negative
123,GCGAACCTG,GCGGAGCTG,Negative,Negative,Negative,Negative,Negative,Negative,Negative,Negative,Negative,Negative,,,,Negative,Single Sign,Negative,,,,Negative,Negative,Positive,Positive,Positive,Positive,Negative,Negative,Negative
124,GCGAACCTG,GCGGATCTG,Positive,No,No,Positive,Negative,Positive,Positive,Positive,,,,,,Negative,Negative,Positive,,,,No,Negative,Negative,Positive,Positive,Positive,Positive,Positive,Positive
125,GCGAACCTG,GCGGAACTG,Negative,Negative,Negative,Negative,Negative,Negative,Negative,Negative,Negative,Negative,,,,Negative,Negative,No,,,,Negative,Negative,Negative,Positive,Positive,Positive,Negative,Negative,Negative
126,GCGCACCTG,GCGGCCCTG,Positive,Positive,Positive,Positive,Positive,Positive,Positive,Positive,Positive,Positive,,,,,,,Positive,Positive,Positive,Positive,Positive,Positive,Positive,Positive,,Positive,Positive,Positive
127,GCGCACCTG,GCGGGCCTG,Positive,Positive,Positive,Positive,Positive,Positive,Positive,Positive,Positive,Positive,,,,,,,Positive,Positive,Positive,Positive,Positive,Positive,Positive,Positive,,Positive,Positive,Positive
128,GCGCACCTG,GCGGTCCTG,Positive,Positive,Positive,Positive,Positive,Positive,Positive,Positive,Positive,Positive,,,,,,,Positive,Positive,Positive,Positive,Positive,Positive,Positive,Positive,,Positive,Positive,Positive
129,GCGTACCTG,GCGGCCCTG,Positive,Positive,Positive,Positive,Positive,Positive,Positive,Positive,Positive,Positive,,,,,,,Positive,Positive,Positive,Positive,Positive,Positive,Positive,Positive,,Positive,Positive,Positive
130,GCGTACCTG,GCGGGCCTG,Reciprocal Sign,Positive,Reciprocal Sign,Reciprocal Sign,Reciprocal Sign,Positive,Positive,Reciprocal Sign,Reciprocal Sign,Reciprocal Sign,,,,,,,Positive,Reciprocal Sign,Positive,Positive,Reciprocal Sign,Positive,Positive,Positive,Positive,Reciprocal Sign,Reciprocal Sign,Reciprocal Sign
131,GCGTACCTG,GCGGTCCTG,Positive,Positive,Positive,Positive,Positive,Positive,Positive,Positive,Positive,Positive,,,,,,,Positive,Positive,Positive,Positive,Positive,Positive,Positive,Positive,Positive,Positive,Positive,Positive
132,GCGAACCTG,GCGGCCCTG,Positive,Positive,Positive,Positive,Positive,Positive,Positive,Positive,Positive,Positive,,,,,,,Positive,Positive,Positive,Positive,Positive,Positive,Positive,Positive,,Positive,Positive,Positive
133,GCGAACCTG,GCGGGCCTG,Positive,Positive,Positive,Positive,Positive,Positive,Positive,Positive,Positive,Positive,,,,,,,Positive,Positive,Positive,Positive,Positive,Positive,Positive,Positive,Positive,Positive,Positive,Positive
134,GCGAACCTG,GCGGTCCTG,Positive,Positive,Positive,Positive,Positive,Positive,Positive,Positive,Positive,Positive,,,,,,,Positive,Positive,Positive,Positive,Positive,Positive,Positive,Positive,Positive,Positive,Positive,Positive
135,GCCGACCTG,GCGGACCTC,Positive,Negative,Positive,No,,Negative,No,,,,Reciprocal Sign,Reciprocal Sign,,Negative,Negative,,No,,Negative,Positive,Single Sign,Negative,Negative,Single Sign,,,,
136,GCCGACCTG,GCGGACCTT,Positive,Negative,Negative,Negative,Negative,Negative,Negative,,,,No,Negative,Positive,Reciprocal Sign,Negative,Positive,Positive,,Negative,Positive,Single Sign,No,Positive,No,Negative,,,
137,GCCGACCTG,GCGGACCTA,Positive,Negative,No,Negative,Negative,Negative,No,,,,Positive,Positive,Positive,Negative,Negative,Negative,Negative,,Negative,Positive,Negative,Reciprocal Sign,Positive,Single Sign,Negative,,,
138,GCTGACCTG,GCGGACCTC,,Negative,No,Reciprocal Sign,No,Negative,Reciprocal Sign,,,,Reciprocal Sign,Negative,Positive,Negative,Negative,Negative,Negative,,Reciprocal Sign,Negative,Negative,Negative,Negative,Negative,Positive,,,
139,GCTGACCTG,GCGGACCTT,Negative,No,Positive,Negative,Positive,Negative,Negative,,,,Positive,Negative,Positive,Negative,No,Negative,No,,Reciprocal Sign,Negative,Positive,Negative,Negative,Negative,Negative,,,
140,GCTGACCTG,GCGGACCTA,Negative,No,Positive,Negative,No,Negative,Negative,,,,Reciprocal Sign,Negative,Positive,Negative,Single Sign,Negative,No,,Negative,No,Positive,No,Negative,Negative,Positive,,,
141,GCAGACCTG,GCGGACCTC,No,Negative,Negative,No,Negative,Single Sign,Reciprocal Sign,,,,Positive,Negative,Positive,Negative,Single Sign,Reciprocal Sign,Single Sign,No,No,Positive,Negative,Negative,No,Negative,Positive,,,
142,GCAGACCTG,GCGGACCTT,Negative,Negative,Negative,Negative,No,No,Negative,,,,Positive,Negative,Reciprocal Sign,Negative,Negative,Negative,Positive,Negative,Positive,Positive,Negative,No,Negative,Negative,Positive,,,
143,GCAGACCTG,GCGGACCTA,Negative,Negative,Negative,Negative,Negative,No,Negative,,,,Positive,Negative,Positive,Negative,Reciprocal Sign,Negative,No,No,Negative,Positive,Negative,No,Negative,Reciprocal Sign,No,,,
144,GCCGACCTG,GCGGACCCG,Positive,Negative,Negative,,Negative,Positive,Positive,,,,Positive,Negative,,Negative,,,Positive,,Negative,Negative,Negative,Negative,,,,Positive,Negative,
145,GCCGACCTG,GCGGACCGG,Positive,Negative,Positive,Negative,Negative,Single Sign,No,,,,Positive,Reciprocal Sign,Positive,Negative,Negative,Positive,Positive,,Positive,Positive,Single Sign,Positive,,,,Single Sign,Positive,Positive
146,GCCGACCTG,GCGGACCAG,Positive,Negative,No,Negative,Negative,Negative,Negative,,,,Negative,Negative,Positive,Negative,Negative,Negative,No,,Negative,Negative,No,No,,,,Positive,Negative,Reciprocal Sign
147,GCTGACCTG,GCGGACCCG,No,Negative,Negative,Negative,Negative,Negative,No,,,,Positive,No,,Negative,Single Sign,,No,,Negative,Negative,Positive,Negative,,,,Positive,Positive,
148,GCTGACCTG,GCGGACCGG,Single Sign,Negative,Positive,No,Negative,Negative,Negative,,,,Positive,Negative,Positive,No,Single Sign,Negative,Positive,,Negative,Single Sign,Positive,Positive,,,,Positive,Positive,
149,GCTGACCTG,GCGGACCAG,Single Sign,No,Positive,Negative,No,No,No,,,,No,Negative,Positive,Negative,Positive,Negative,No,,Negative,Negative,Negative,Negative,,,,Positive,Positive,
150,GCAGACCTG,GCGGACCCG,Negative,Positive,Negative,Positive,No,No,Negative,,,,Positive,Reciprocal Sign,,Negative,,,Positive,No,Positive,Positive,Negative,No,,,,Positive,Positive,Positive
151,GCAGACCTG,GCGGACCGG,Single Sign,Positive,Negative,Positive,No,Positive,Positive,,,,Positive,Negative,Positive,Single Sign,Negative,No,Positive,Positive,Positive,Positive,Negative,No,,,,Negative,No,No
152,GCAGACCTG,GCGGACCAG,Negative,Single Sign,Negative,Positive,Negative,No,No,,,,Positive,Negative,Positive,Negative,No,Negative,Positive,Positive,Negative,Positive,Negative,No,,,,No,Negative,Negative
153,GCCGACCTG,GCGGACGTG,Positive,Negative,Positive,Negative,Negative,No,Negative,,,,Reciprocal Sign,Single Sign,Positive,Negative,Negative,Reciprocal Sign,Positive,,Positive,,,,Positive,Positive,Negative,Single Sign,No,Negative
154,GCCGACCTG,GCGGACTTG,Positive,Single Sign,Negative,No,Negative,Negative,Reciprocal Sign,,,,Reciprocal Sign,Negative,No,Negative,Negative,Negative,Negative,,Negative,,,,Positive,Positive,Negative,Positive,Single Sign,Positive
155,GCCGACCTG,GCGGACATG,Positive,Negative,Positive,Negative,Negative,No,Single Sign,,,,Reciprocal Sign,Negative,Positive,Negative,Negative,Negative,No,,Single Sign,,,,No,Negative,Negative,Positive,No,Negative
156,GCTGACCTG,GCGGACGTG,No,Negative,Positive,Negative,No,Negative,Negative,,,,Positive,Single Sign,Positive,Negative,Single Sign,Negative,No,,Negative,,,,Negative,Negative,No,Single Sign,Positive,
157,GCTGACCTG,GCGGACTTG,Positive,Single Sign,Negative,Positive,Negative,Negative,No,,,,Positive,No,Positive,Negative,Single Sign,No,Negative,,Negative,,,,Negative,Positive,Single Sign,Positive,Single Sign,
158,GCTGACCTG,GCGGACATG,Single Sign,No,Positive,Negative,Positive,No,No,,,,Positive,Positive,Positive,Negative,,Negative,No,,Negative,,,,Negative,Negative,No,Positive,Positive,
159,GCAGACCTG,GCGGACGTG,No,No,Negative,Positive,Negative,Positive,Negative,,,,Positive,Positive,Reciprocal Sign,Negative,Positive,Positive,Positive,No,Positive,,,,Positive,Negative,Positive,Positive,Positive,Negative
160,GCAGACCTG,GCGGACTTG,No,Negative,No,Positive,Negative,No,No,,,,Positive,Negative,Positive,Negative,Reciprocal Sign,Negative,Positive,Negative,Positive,,,,No,Negative,No,Positive,Negative,Negative
161,GCAGACCTG,GCGGACATG,Negative,Negative,Negative,Negative,Negative,No,No,,,,Positive,Negative,Positive,Negative,Negative,Negative,Positive,Negative,No,,,,Negative,Reciprocal Sign,Negative,Positive,Positive,Positive
162,GCCGACCTG,GCGGAGCTG,Positive,Negative,Positive,Negative,Negative,No,Single Sign,,,,Positive,Negative,Reciprocal Sign,Negative,No,Reciprocal Sign,,,,Single Sign,Negative,Positive,Positive,Positive,Negative,No,Negative,Negative
163,GCCGACCTG,GCGGATCTG,,Negative,Negative,Negative,Reciprocal Sign,Negative,Negative,,,,Negative,Reciprocal Sign,Reciprocal Sign,Reciprocal Sign,Reciprocal Sign,Positive,,,,Positive,Negative,Negative,Negative,Negative,Negative,Positive,,Single Sign
164,GCCGACCTG,GCGGAACTG,Positive,Negative,No,Negative,No,Negative,Single Sign,,,,Negative,No,Positive,Negative,Negative,Negative,,,,Positive,Negative,Negative,Positive,No,Negative,Negative,Negative,Negative
165,GCTGACCTG,GCGGAGCTG,Single Sign,No,Positive,Negative,No,Negative,No,,,,Positive,Reciprocal Sign,Positive,Negative,Positive,Negative,,,,Negative,Negative,Negative,Negative,Negative,Positive,Positive,Positive,
166,GCTGACCTG,GCGGATCTG,,Reciprocal Sign,Negative,Negative,Negative,Negative,Negative,,,,Positive,Negative,Positive,Reciprocal Sign,Reciprocal Sign,Positive,,,,No,No,Negative,Negative,Negative,Positive,Positive,,
167,GCTGACCTG,GCGGAACTG,No,Negative,Negative,No,No,Negative,No,,,,Positive,Reciprocal Sign,Positive,Negative,No,Positive,,,,No,Negative,No,Negative,No,Positive,Positive,Positive,
168,GCAGACCTG,GCGGAGCTG,No,Positive,Negative,Positive,No,No,No,,,,Positive,Negative,Positive,Negative,Reciprocal Sign,Reciprocal Sign,,,,Positive,Single Sign,Positive,Negative,Negative,Positive,Positive,Positive,Positive
169,GCAGACCTG,GCGGATCTG,No,Negative,Negative,Positive,No,Negative,Positive,,,,Positive,Negative,Positive,Negative,Single Sign,Positive,,,,Positive,Negative,No,Positive,Negative,Positive,Positive,Positive,No
170,GCAGACCTG,GCGGAACTG,Negative,No,Negative,Negative,Negative,No,No,,,,Positive,Negative,Positive,Negative,Single Sign,Reciprocal Sign,,,,Positive,No,No,No,Positive,Positive,No,Positive,Single Sign
171,GCCGACCTG,GCGGCCCTG,Positive,Negative,Negative,Negative,Negative,Negative,Positive,,,,Negative,Negative,Positive,,,,Positive,,Positive,No,Negative,Positive,Positive,Positive,,Positive,Positive,
172,GCCGACCTG,GCGGGCCTG,Positive,Negative,Negative,,Negative,Positive,Negative,,,,Positive,Negative,Positive,,,,Positive,,Positive,Positive,Positive,Positive,Positive,Positive,,Positive,Positive,Positive
173,GCCGACCTG,GCGGTCCTG,Positive,Negative,Negative,Negative,No,Negative,Positive,,,,Positive,Positive,Positive,,,,Positive,,Positive,Positive,No,Negative,Positive,Positive,Negative,Positive,Negative,Negative
174,GCTGACCTG,GCGGCCCTG,No,Negative,Negative,Negative,Negative,No,Positive,,,,Single Sign,Negative,Positive,,,,Positive,,Negative,Negative,Negative,Negative,Negative,Negative,,Negative,Positive,
175,GCTGACCTG,GCGGGCCTG,Positive,Negative,Negative,Negative,No,Negative,Negative,,,,Single Sign,Negative,Reciprocal Sign,,,,Positive,,Positive,,Positive,Positive,Positive,Positive,Positive,Positive,Positive,
176,GCTGACCTG,GCGGTCCTG,Positive,Negative,Negative,Negative,Negative,Negative,Positive,,,,Positive,Reciprocal Sign,Positive,,,,Positive,,Negative,Negative,Negative,No,Negative,Positive,Positive,Positive,Positive,
177,GCAGACCTG,GCGGCCCTG,Positive,Negative,Positive,No,No,Negative,Positive,,,,Positive,Negative,Reciprocal Sign,,,,Positive,Positive,Positive,Positive,Negative,Positive,Positive,No,,Positive,Positive,Positive
178,GCAGACCTG,GCGGGCCTG,Positive,Positive,Negative,Negative,Negative,Positive,Negative,,,,Single Sign,Negative,Positive,,,,Positive,Positive,Positive,Positive,Positive,Positive,Positive,Negative,,Positive,Positive,Positive
179,GCAGACCTG,GCGGTCCTG,Positive,Positive,Positive,Positive,Positive,Negative,Positive,,,,Positive,Negative,Positive,,,,Positive,No,Positive,Positive,No,No,Negative,Positive,Positive,Positive,No,Positive
180,GCCGACCTG,GCGCACCTG,Positive,Negative,Negative,Negative,Negative,Positive,Positive,,,,,,,Negative,Negative,Positive,Positive,,Positive,Positive,Negative,Positive,Positive,Negative,,Positive,Positive,
181,GCCGACCTG,GCGTACCTG,Positive,Negative,Negative,Negative,Negative,Positive,Positive,,,,,,,Negative,Negative,Single Sign,Positive,,Positive,Positive,Positive,Positive,Positive,Negative,Positive,Positive,Positive,Negative
182,GCCGACCTG,GCGAACCTG,Positive,Negative,Negative,Negative,Negative,Positive,Positive,,,,,,,Negative,Negative,Negative,Positive,,Positive,Positive,Positive,Positive,Positive,No,Positive,Positive,Positive,Positive
183,GCTGACCTG,GCGCACCTG,Negative,Negative,Negative,Negative,No,Positive,Positive,,,,,,,Negative,No,Reciprocal Sign,Positive,,Positive,Positive,Negative,No,Negative,Negative,,Positive,Positive,
184,GCTGACCTG,GCGTACCTG,Positive,Negative,Negative,Negative,Negative,No,Positive,,,,,,,Negative,Negative,Negative,No,,Negative,Positive,Positive,Positive,Negative,Negative,Positive,Positive,Positive,
185,GCTGACCTG,GCGAACCTG,Negative,No,Negative,Negative,Negative,No,Negative,,,,,,,Negative,No,Single Sign,Negative,,Positive,No,Negative,No,Negative,Negative,No,Positive,Positive,
186,GCAGACCTG,GCGCACCTG,Negative,Positive,Positive,Negative,No,No,No,,,,,,,Positive,Negative,Reciprocal Sign,Positive,Positive,Positive,Positive,Positive,Positive,Negative,Positive,,Positive,Positive,Positive
187,GCAGACCTG,GCGTACCTG,Positive,Positive,No,Positive,Positive,Positive,Negative,,,,,,,No,No,No,Positive,No,No,Positive,Positive,Positive,Positive,Negative,Positive,Positive,Positive,No
188,GCAGACCTG,GCGAACCTG,Negative,Positive,Negative,Positive,Negative,No,Negative,,,,,,,Negative,Single Sign,Negative,Positive,Positive,Positive,Positive,Negative,No,Positive,No,Positive,Positive,Positive,No
189,GGGGACCTG,GCGGACCTC,Single Sign,Negative,No,Positive,,,,Positive,,Negative,Negative,Negative,Positive,Single Sign,Reciprocal Sign,Positive,No,Positive,Negative,Positive,Positive,Negative,Negative,Negative,Single Sign,,,
190,GGGGACCTG,GCGGACCTT,No,No,Negative,No,,,,No,Single Sign,Negative,No,Negative,Positive,Negative,Reciprocal Sign,Positive,Negative,Single Sign,No,Positive,Positive,Negative,Negative,Negative,Single Sign,,,
191,GGGGACCTG,GCGGACCTA,No,Negative,Positive,No,,,,Single Sign,No,Negative,No,Negative,Positive,Single Sign,Single Sign,Positive,No,Single Sign,Negative,Positive,Positive,Single Sign,Negative,Negative,Single Sign,,,
192,GTGGACCTG,GCGGACCTC,Positive,Negative,No,No,,,,Single Sign,,Negative,No,Negative,Positive,Negative,Negative,Negative,No,Positive,Negative,Positive,Positive,Negative,Positive,Negative,Positive,,,
193,GTGGACCTG,GCGGACCTT,Negative,Negative,Positive,Negative,,,,Positive,Single Sign,Negative,No,Negative,Positive,Negative,Negative,No,Negative,Single Sign,Negative,Positive,Positive,No,Positive,Negative,No,,,
194,GTGGACCTG,GCGGACCTA,Negative,Negative,Positive,Negative,,,,Single Sign,Negative,Negative,Positive,No,No,Negative,Negative,No,No,Negative,Negative,Positive,No,No,Negative,Negative,Positive,,,
195,GAGGACCTG,GCGGACCTC,Positive,Negative,No,Positive,,,,No,,,Negative,Negative,Positive,Positive,Reciprocal Sign,Positive,Single Sign,Positive,No,Positive,Negative,Negative,Negative,Negative,Positive,,,
196,GAGGACCTG,GCGGACCTT,Negative,Negative,Negative,Negative,,,,Negative,Positive,Negative,No,Negative,Positive,Negative,Positive,Positive,Single Sign,Single Sign,No,No,Negative,No,Negative,Reciprocal Sign,Negative,,,
197,GAGGACCTG,GCGGACCTA,Negative,Negative,Positive,Negative,,,,Negative,Negative,Negative,Single Sign,Single Sign,Positive,Negative,Single Sign,Positive,Single Sign,Single Sign,No,Positive,Negative,Negative,Negative,Reciprocal Sign,Positive,,,
198,GGGGACCTG,GCGGACCCG,Negative,Positive,Negative,Negative,,,,Negative,Negative,Negative,No,Positive,,Single Sign,Positive,,Positive,Negative,Positive,No,Positive,Negative,,,,Negative,Negative,Negative
199,GGGGACCTG,GCGGACCGG,Negative,Negative,Negative,Positive,,,,Negative,Negative,Negative,Negative,Reciprocal Sign,Positive,Reciprocal Sign,Negative,Positive,Positive,Negative,No,Negative,Positive,Negative,,,,Negative,Negative,Negative
200,GGGGACCTG,GCGGACCAG,Positive,No,Negative,Positive,,,,Positive,No,Negative,Negative,Negative,Reciprocal Sign,Negative,No,Positive,Positive,Positive,Positive,Negative,Negative,Negative,,,,Negative,Positive,Negative
201,GTGGACCTG,GCGGACCCG,Negative,Positive,Negative,Negative,,,,Negative,Negative,Negative,Negative,Reciprocal Sign,,Negative,Single Sign,,Negative,Negative,Negative,No,Positive,Positive,,,,Negative,Negative,Negative
202,GTGGACCTG,GCGGACCGG,Negative,Single Sign,Negative,Negative,,,,Negative,Negative,Negative,No,No,Positive,Negative,Negative,Negative,Positive,Negative,Positive,Negative,Positive,Negative,,,,Negative,Negative,Negative
203,GTGGACCTG,GCGGACCAG,Positive,Negative,Positive,Negative,,,,Positive,No,Negative,No,Negative,Reciprocal Sign,Negative,Negative,Negative,Positive,Positive,Positive,Negative,Negative,Negative,,,,Negative,Positive,Positive
204,GAGGACCTG,GCGGACCCG,Positive,Positive,Positive,Negative,,,,Positive,Negative,Negative,No,No,,Negative,Single Sign,,Negative,Negative,Negative,Reciprocal Sign,Single Sign,Positive,,,,Positive,Positive,Positive
205,GAGGACCTG,GCGGACCGG,Single Sign,No,Negative,Positive,,,,Single Sign,No,Negative,Negative,Negative,Positive,Single Sign,No,No,Positive,Positive,Positive,Positive,Single Sign,Negative,,,,Negative,Positive,No
206,GAGGACCTG,GCGGACCAG,Single Sign,Single Sign,Negative,Positive,,,,Single Sign,Positive,Positive,Positive,Negative,Positive,Negative,Reciprocal Sign,Positive,Positive,Positive,Positive,Positive,Reciprocal Sign,Negative,,,,Positive,Single Sign,Positive
207,GGGGACCTG,GCGGACGTG,Positive,Negative,Positive,Positive,,,,Positive,Positive,Negative,No,Positive,Positive,Single Sign,Single Sign,Positive,Positive,Negative,Positive,,,,Negative,Positive,Positive,Positive,Positive,No
208,GGGGACCTG,GCGGACTTG,Positive,Single Sign,Negative,Single Sign,,,,Positive,No,Negative,No,Reciprocal Sign,Positive,Positive,No,Positive,Positive,Negative,Single Sign,,,,Negative,Single Sign,Positive,Positive,Positive,Positive
209,GGGGACCTG,GCGGACATG,Negative,Negative,Positive,Positive,,,,Positive,Negative,Negative,Positive,Positive,Positive,Single Sign,Reciprocal Sign,Positive,No,Negative,Positive,,,,Negative,Negative,Positive,Positive,Positive,No
210,GTGGACCTG,GCGGACGTG,Positive,Negative,Positive,Negative,,,,Positive,Positive,Negative,Negative,Single Sign,Positive,Negative,Single Sign,Negative,Positive,Positive,Positive,,,,Negative,Single Sign,Single Sign,Positive,Positive,Positive
211,GTGGACCTG,GCGGACTTG,Positive,No,Negative,Positive,,,,Positive,Negative,Negative,Negative,Reciprocal Sign,Positive,Negative,Negative,Positive,Positive,Negative,Positive,,,,Negative,Single Sign,Single Sign,Positive,Positive,Positive
212,GTGGACCTG,GCGGACATG,No,Negative,Positive,Negative,,,,Positive,Negative,Negative,No,Reciprocal Sign,Positive,Negative,No,Negative,Negative,Negative,Positive,,,,Negative,Negative,Single Sign,Positive,Positive,Single Sign
213,GAGGACCTG,GCGGACGTG,Single Sign,Negative,Negative,Positive,,,,Single Sign,Positive,Negative,Negative,Reciprocal Sign,Reciprocal Sign,Negative,Single Sign,Positive,Reciprocal Sign,Positive,Positive,,,,Negative,Positive,Single Sign,Positive,Single Sign,Single Sign
214,GAGGACCTG,GCGGACTTG,No,No,Negative,Single Sign,,,,Negative,Negative,Negative,Negative,Single Sign,Positive,Negative,Single Sign,Positive,Positive,Negative,Single Sign,,,,Negative,Positive,Single Sign,Positive,Positive,Negative
215,GAGGACCTG,GCGGACATG,Negative,Negative,Negative,Positive,,,,Positive,Negative,Negative,Negative,Single Sign,Positive,Negative,Reciprocal Sign,Negative,Single Sign,Negative,Positive,,,,Negative,Negative,Single Sign,Positive,Positive,No
216,GGGGACCTG,GCGGAGCTG,Negative,Positive,Negative,Negative,,,,Negative,Negative,Negative,Positive,Positive,Positive,Negative,No,Positive,,,,No,Negative,Negative,Negative,Negative,Positive,Negative,Negative,Negative
217,GGGGACCTG,GCGGATCTG,Positive,Reciprocal Sign,Negative,No,,,,Positive,,,Positive,Negative,Positive,Positive,Reciprocal Sign,Positive,,,,Single Sign,Negative,Negative,Positive,Positive,Positive,Positive,Positive,No
218,GGGGACCTG,GCGGAACTG,Negative,Positive,Negative,No,,,,Negative,Negative,Negative,Negative,Negative,Reciprocal Sign,Single Sign,Negative,Positive,,,,Negative,Negative,Negative,Negative,No,Positive,Negative,Negative,Negative
219,GTGGACCTG,GCGGAGCTG,Negative,Positive,No,Negative,,,,Negative,Negative,Negative,No,Reciprocal Sign,Positive,Negative,Positive,No,,,,Negative,Negative,Negative,Positive,Positive,Negative,Negative,Negative,Negative
220,GTGGACCTG,GCGGATCTG,Positive,Negative,Positive,Negative,,,,Positive,,,Positive,Negative,Positive,Negative,Negative,Reciprocal Sign,,,,No,Negative,Negative,Positive,Positive,Positive,Positive,Positive,Single Sign
221,GTGGACCTG,GCGGAACTG,Negative,Single Sign,Negative,Negative,,,,Negative,Negative,Negative,Positive,Positive,Positive,Negative,No,Positive,,,,Negative,Negative,Negative,Positive,Positive,Negative,Negative,Negative,Negative
222,GAGGACCTG,GCGGAGCTG,Single Sign,Single Sign,No,Positive,,,,Single Sign,Positive,Negative,Positive,No,Positive,Negative,Single Sign,Negative,,,,Single Sign,Single Sign,Single Sign,Positive,Positive,Negative,Single Sign,Single Sign,Single Sign
223,GAGGACCTG,GCGGATCTG,Positive,Negative,Negative,No,,,,Positive,,,Positive,Negative,Positive,No,Reciprocal Sign,Reciprocal Sign,,,,Reciprocal Sign,Positive,Positive,Positive,Single Sign,Positive,Positive,Positive,Reciprocal Sign
224,GAGGACCTG,GCGGAACTG,Positive,Single Sign,Negative,Positive,,,,Single Sign,Positive,Negative,No,Single Sign,Positive,Negative,Reciprocal Sign,Positive,,,,Single Sign,Single Sign,Positive,Positive,Positive,Negative,Single Sign,Single Sign,Single Sign
225,GGGGACCTG,GCGGCCCTG,Negative,Negative,Negative,Negative,,,,Negative,Negative,Negative,Single Sign,Negative,Positive,,,,Positive,Negative,Negative,Negative,Negative,Negative,Negative,Negative,,Negative,Negative,Negative
226,GGGGACCTG,GCGGGCCTG,Negative,No,Negative,Negative,,,,Negative,Negative,Negative,Negative,Negative,Positive,,,,Negative,Negative,No,Negative,Negative,Negative,Negative,Negative,Positive,Negative,Negative,Negative
227,GGGGACCTG,GCGGTCCTG,Negative,Positive,Negative,Negative,,,,Negative,Negative,Negative,Negative,No,Positive,,,,Negative,Negative,Negative,Negative,Negative,Negative,Negative,Positive,No,Negative,Negative,Negative
228,GTGGACCTG,GCGGCCCTG,Negative,Positive,Negative,Negative,,,,Negative,Negative,Negative,Reciprocal Sign,Negative,Positive,,,,Negative,Negative,Negative,Negative,Negative,Negative,Negative,Negative,,Negative,Negative,Negative
229,GTGGACCTG,GCGGGCCTG,Negative,Positive,Negative,Negative,,,,Negative,Negative,Negative,Positive,Negative,Negative,,,,Negative,Negative,Negative,Negative,Negative,Negative,Negative,Negative,Positive,Negative,Negative,Negative
230,GTGGACCTG,GCGGTCCTG,Positive,Positive,Negative,Negative,,,,Negative,Negative,Negative,Positive,Positive,Positive,,,,Negative,Negative,Negative,Negative,Negative,Negative,Negative,Negative,Negative,Negative,Negative,Negative
231,GAGGACCTG,GCGGCCCTG,Positive,Negative,Positive,Negative,,,,No,Negative,Negative,Reciprocal Sign,No,Positive,,,,Positive,Positive,Negative,Positive,Positive,Negative,Negative,Negative,,Positive,Positive,Positive
232,GAGGACCTG,GCGGGCCTG,Positive,Positive,Negative,Negative,,,,Positive,Positive,Negative,Positive,Negative,Positive,,,,No,Negative,Positive,Positive,Positive,No,Negative,Negative,Positive,Positive,Positive,Negative
233,GAGGACCTG,GCGGTCCTG,Positive,Negative,Positive,Negative,,,,Positive,Negative,Negative,Negative,Single Sign,Positive,,,,Positive,Negative,Negative,Positive,No,Negative,Negative,Positive,No,Positive,Positive,Positive
234,GGGGACCTG,GCGCACCTG,Negative,Negative,Negative,Negative,,,,Negative,Negative,Negative,,,,Single Sign,Negative,Positive,Positive,Negative,Negative,Negative,Negative,Negative,Negative,Negative,,Negative,Negative,Negative
235,GGGGACCTG,GCGTACCTG,Negative,Negative,Negative,Negative,,,,Negative,Negative,Negative,,,,Single Sign,Negative,Positive,Negative,Negative,Positive,Negative,Negative,Negative,Negative,Negative,Positive,Negative,Negative,Negative
236,GGGGACCTG,GCGAACCTG,Negative,No,Negative,Negative,,,,Negative,Negative,Negative,,,,Negative,Negative,Single Sign,Negative,Negative,Positive,Negative,Negative,Negative,Negative,Negative,Negative,Negative,Negative,Negative
237,GTGGACCTG,GCGCACCTG,Negative,Positive,Negative,Negative,,,,Negative,Negative,Negative,,,,Negative,Reciprocal Sign,Positive,Negative,Negative,Negative,Negative,Negative,Negative,Negative,Negative,,Negative,Negative,Negative
238,GTGGACCTG,GCGTACCTG,Negative,Positive,Negative,Negative,,,,Negative,Negative,Negative,,,,Negative,Negative,Negative,Negative,Negative,Negative,Negative,Negative,Negative,Negative,Negative,Positive,Negative,Negative,Negative
239,GTGGACCTG,GCGAACCTG,Negative,Positive,Negative,Negative,,,,Negative,Negative,Negative,,,,Negative,Negative,Negative,Negative,Negative,Negative,Negative,Negative,Negative,Negative,Negative,Positive,Negative,Negative,Negative
240,GAGGACCTG,GCGCACCTG,No,Negative,Positive,Negative,,,,Positive,Positive,Negative,,,,Reciprocal Sign,Negative,Positive,Positive,Negative,No,Positive,Positive,No,Negative,Negative,,Positive,Positive,Positive
241,GAGGACCTG,GCGTACCTG,Positive,Positive,Positive,No,,,,Negative,No,Negative,,,,Positive,Negative,Positive,Positive,Negative,Negative,Positive,Positive,Negative,Negative,Negative,Positive,Positive,Positive,Negative
242,GAGGACCTG,GCGAACCTG,Positive,No,Positive,Negative,,,,Positive,No,Negative,,,,Negative,Positive,Negative,Positive,Negative,Positive,Positive,Positive,Negative,Negative,Negative,Positive,Positive,Positive,Positive
243,GGGGACCTG,GCCGACCTG,Positive,Reciprocal Sign,Negative,Negative,,,,,,,Positive,Negative,Positive,Negative,Reciprocal Sign,Positive,Single Sign,,Single Sign,Single Sign,Single Sign,Negative,Positive,No,Single Sign,Positive,No,Negative
244,GGGGACCTG,GCTGACCTG,Single Sign,Reciprocal Sign,Negative,Negative,,,,,,,Positive,No,Positive,Negative,Negative,Reciprocal Sign,Single Sign,,No,No,No,Negative,Negative,Negative,Single Sign,Positive,Positive,
245,GGGGACCTG,GCAGACCTG,Single Sign,Single Sign,Negative,Single Sign,,,,,,,Negative,Reciprocal Sign,Positive,Single Sign,Negative,Positive,Single Sign,Single Sign,Single Sign,Single Sign,Single Sign,Positive,Single Sign,Positive,No,Positive,Positive,No
246,GTGGACCTG,GCCGACCTG,Positive,Single Sign,Negative,Negative,,,,,,,Positive,No,Positive,Negative,Negative,Negative,No,,Positive,Positive,Negative,No,Positive,Single Sign,Positive,Positive,Negative,Negative
247,GTGGACCTG,GCTGACCTG,Single Sign,Single Sign,No,Negative,,,,,,,Single Sign,Negative,Reciprocal Sign,Negative,Negative,No,No,,Negative,No,Negative,No,Negative,Negative,Positive,Positive,Positive,
248,GTGGACCTG,GCAGACCTG,Single Sign,Reciprocal Sign,Single Sign,Positive,,,,,,,Single Sign,No,Positive,Negative,Single Sign,Negative,Positive,Positive,Positive,Positive,Positive,Single Sign,Single Sign,No,Positive,Single Sign,Positive,Single Sign
249,GAGGACCTG,GCCGACCTG,Reciprocal Sign,Negative,Single Sign,No,,,,,,,Negative,No,Positive,Negative,Negative,Positive,Reciprocal Sign,,Single Sign,Positive,Positive,No,Single Sign,Negative,No,Positive,Positive,
250,GAGGACCTG,GCTGACCTG,Positive,Negative,Single Sign,Negative,,,,,,,No,No,Positive,Negative,Positive,Positive,Reciprocal Sign,,Positive,Positive,No,Single Sign,Positive,Negative,Positive,Positive,Positive,
251,GAGGACCTG,GCAGACCTG,Positive,Reciprocal Sign,Negative,Positive,,,,,,,Positive,Negative,Positive,Positive,Negative,No,Positive,Single Sign,Positive,Positive,Positive,Negative,Positive,No,Positive,Positive,Positive,Positive
252,CCGGACCTG,GCGGACCTC,Single Sign,,,,Single Sign,Single Sign,Single Sign,Reciprocal Sign,,Negative,Positive,Negative,Positive,Negative,Reciprocal Sign,Single Sign,Positive,Positive,No,Positive,Negative,Negative,Negative,Negative,Positive,,,
253,CCGGACCTG,GCGGACCTT,No,,,,Single Sign,No,Positive,Single Sign,Single Sign,Negative,No,Negative,Positive,Negative,Negative,No,No,Single Sign,Positive,Negative,Negative,Positive,Negative,Negative,Negative,,,
254,CCGGACCTG,GCGGACCTA,No,,,,Single Sign,No,Positive,Reciprocal Sign,No,Negative,No,Negative,Positive,Negative,No,Negative,Negative,Negative,Negative,Positive,Reciprocal Sign,Negative,Negative,Negative,Negative,,,
255,TCGGACCTG,GCGGACCTC,Positive,,,,Positive,Positive,Negative,No,,Negative,Reciprocal Sign,Negative,Positive,No,Reciprocal Sign,Reciprocal Sign,Positive,Negative,Single Sign,Positive,Negative,Positive,Negative,Negative,Positive,,,
256,TCGGACCTG,GCGGACCTT,Negative,,,,Positive,Negative,Negative,Negative,Single Sign,Negative,Reciprocal Sign,Reciprocal Sign,Positive,Negative,Positive,Positive,Positive,Reciprocal Sign,Single Sign,Positive,Negative,No,Negative,Negative,Negative,,,
257,TCGGACCTG,GCGGACCTA,Negative,,,,Positive,Positive,Negative,Negative,Positive,Negative,Reciprocal Sign,Negative,Positive,Negative,Negative,No,Positive,Reciprocal Sign,Single Sign,Positive,Negative,Negative,Reciprocal Sign,Negative,Positive,,,
258,ACGGACCTG,GCGGACCTC,Single Sign,,,,Single Sign,No,Single Sign,Single Sign,,Negative,Negative,Negative,Positive,Negative,Reciprocal Sign,Reciprocal Sign,Negative,Positive,Negative,Positive,Positive,Negative,Positive,Negative,Positive,,,
259,ACGGACCTG,GCGGACCTT,No,,,,Single Sign,Negative,No,Negative,Single Sign,Negative,Reciprocal Sign,Negative,Positive,Negative,Negative,Reciprocal Sign,Negative,Single Sign,No,Positive,Positive,No,Positive,Negative,Negative,,,
260,ACGGACCTG,GCGGACCTA,No,,,,Single Sign,Negative,Negative,Single Sign,Positive,Negative,Reciprocal Sign,Negative,Positive,Negative,Negative,Negative,No,Single Sign,Negative,Positive,Negative,No,Negative,Negative,Positive,,,
261,CCGGACCTG,GCGGACCCG,Positive,,,,Negative,Positive,Positive,Positive,Negative,,Reciprocal Sign,Positive,,Negative,Negative,,Negative,Negative,Negative,Negative,No,No,,,,No,No,No
262,CCGGACCTG,GCGGACCGG,Negative,,,,Negative,Negative,No,Negative,Negative,Negative,Negative,Negative,Positive,No,Negative,Negative,No,Negative,Negative,Negative,Negative,No,,,,Negative,Negative,Negative
263,CCGGACCTG,GCGGACCAG,Positive,,,,Negative,Negative,Single Sign,Single Sign,No,Negative,Positive,Reciprocal Sign,Negative,Negative,Negative,,Positive,Negative,Positive,Negative,Single Sign,Negative,,,,Negative,Positive,No
264,TCGGACCTG,GCGGACCCG,No,,,,Positive,Positive,Negative,Positive,No,Negative,Positive,Positive,,Negative,Positive,,Positive,No,Positive,Positive,Positive,Positive,,,,Positive,No,No
265,TCGGACCTG,GCGGACCGG,No,,,,Negative,No,No,Negative,No,Negative,Negative,Negative,Positive,Negative,No,Positive,Positive,Single Sign,Positive,Positive,Single Sign,Positive,,,,Negative,Negative,Negative
266,TCGGACCTG,GCGGACCAG,Single Sign,,,,Negative,Single Sign,Negative,Positive,Positive,Positive,Positive,Negative,Negative,Negative,Reciprocal Sign,Negative,Positive,Single Sign,Reciprocal Sign,Positive,Positive,Positive,,,,Negative,Positive,Negative
267,ACGGACCTG,GCGGACCCG,Negative,,,,Negative,Positive,No,Negative,Negative,Negative,Positive,Negative,,Negative,Negative,,Negative,Negative,Negative,Single Sign,Positive,Positive,,,,Negative,Negative,Negative
268,ACGGACCTG,GCGGACCGG,Negative,,,,Negative,Single Sign,Negative,Negative,Negative,Negative,No,Negative,No,No,Negative,Positive,Positive,Negative,Positive,Negative,Positive,Positive,,,,Negative,Negative,Negative
269,ACGGACCTG,GCGGACCAG,Positive,,,,Negative,Positive,Single Sign,Positive,Positive,Negative,Negative,Negative,Negative,Negative,Negative,Single Sign,Positive,Positive,Positive,Negative,Single Sign,Negative,,,,Positive,Positive,Positive
270,CCGGACCTG,GCGGACGTG,Positive,,,,No,Negative,Single Sign,Single Sign,Positive,Negative,Negative,Negative,Positive,Negative,Positive,No,No,No,Positive,,,,Negative,Positive,Positive,Positive,Positive,Positive
271,CCGGACCTG,GCGGACTTG,No,,,,Single Sign,Negative,Positive,No,No,Negative,No,No,Positive,Negative,Negative,Negative,No,Negative,Negative,,,,Positive,Positive,Negative,Negative,Reciprocal Sign,Negative
272,CCGGACCTG,GCGGACATG,No,,,,Positive,Negative,Single Sign,Single Sign,Negative,Negative,Negative,Negative,Positive,Negative,Reciprocal Sign,Reciprocal Sign,Negative,Negative,Positive,,,,Negative,Negative,Negative,Positive,Negative,No
273,TCGGACCTG,GCGGACGTG,Positive,,,,Negative,No,Single Sign,No,Positive,Negative,Positive,Single Sign,Positive,Negative,Negative,Positive,Reciprocal Sign,Single Sign,Reciprocal Sign,,,,Negative,Positive,Positive,Positive,Positive,Positive
274,TCGGACCTG,GCGGACTTG,Positive,,,,Positive,Negative,No,Positive,Negative,Negative,Negative,Reciprocal Sign,Positive,Negative,No,Reciprocal Sign,Positive,Negative,Reciprocal Sign,,,,No,Positive,Positive,Positive,Positive,Negative
275,TCGGACCTG,GCGGACATG,Negative,,,,Negative,Negative,Negative,Negative,Negative,Negative,Negative,Reciprocal Sign,Positive,Negative,Negative,Negative,Single Sign,Negative,Single Sign,,,,Negative,No,Negative,Positive,Positive,Positive
276,ACGGACCTG,GCGGACGTG,Positive,,,,No,Positive,Single Sign,Positive,Positive,Negative,No,Single Sign,Positive,Negative,Positive,Positive,Single Sign,Positive,Single Sign,,,,Positive,Single Sign,Single Sign,Positive,Positive,Positive
277,ACGGACCTG,GCGGACTTG,Positive,,,,No,Negative,Positive,Negative,Single Sign,Negative,Negative,Reciprocal Sign,Positive,Negative,Single Sign,Negative,Positive,Negative,Positive,,,,Negative,Single Sign,Single Sign,Negative,Positive,Positive
278,ACGGACCTG,GCGGACATG,Positive,,,,Positive,Negative,Single Sign,Positive,Positive,Negative,Reciprocal Sign,Negative,Positive,Negative,Reciprocal Sign,No,Negative,Negative,Positive,,,,Negative,Negative,Single Sign,Single Sign,Single Sign,Single Sign
279,CCGGACCTG,GCGGAGCTG,Positive,,,,Positive,Positive,Single Sign,Single Sign,Positive,Negative,Positive,Negative,Positive,Negative,Positive,Negative,,,,Positive,Positive,Single Sign,Positive,Positive,Negative,Positive,Positive,Positive
280,CCGGACCTG,GCGGATCTG,Positive,,,,Negative,Positive,Positive,Reciprocal Sign,,,Positive,Negative,Positive,Negative,Negative,Positive,,,,Single Sign,No,No,Negative,No,Negative,Positive,Positive,Single Sign
281,CCGGACCTG,GCGGAACTG,Positive,,,,Positive,Positive,Single Sign,Single Sign,Positive,Negative,Reciprocal Sign,Reciprocal Sign,Positive,Negative,Negative,No,,,,Positive,Positive,Negative,Positive,Positive,Negative,No,Positive,Positive
282,TCGGACCTG,GCGGAGCTG,Positive,,,,Negative,Single Sign,Negative,Negative,Positive,Negative,Positive,Negative,Reciprocal Sign,Negative,No,Reciprocal Sign,,,,Single Sign,Single Sign,Reciprocal Sign,Single Sign,Positive,Positive,Single Sign,Single Sign,Single Sign
283,TCGGACCTG,GCGGATCTG,Positive,,,,Negative,Positive,Negative,Positive,,,Positive,No,Positive,Negative,Positive,Positive,,,,Positive,No,Single Sign,Positive,Positive,Positive,Positive,Positive,Positive
284,TCGGACCTG,GCGGAACTG,Positive,,,,Negative,Single Sign,Negative,No,Negative,Negative,Positive,No,Positive,Negative,Reciprocal Sign,Negative,,,,Single Sign,Single Sign,Single Sign,Positive,Positive,Positive,Positive,Positive,Positive
285,ACGGACCTG,GCGGAGCTG,Positive,,,,Negative,Single Sign,Single Sign,Positive,Negative,Negative,Positive,Negative,Positive,Reciprocal Sign,Positive,Negative,,,,Positive,Positive,No,Positive,Positive,Negative,Negative,Positive,Negative
286,ACGGACCTG,GCGGATCTG,Single Sign,,,,Negative,Positive,Positive,Positive,,,Positive,Negative,Positive,Negative,Negative,Positive,,,,No,Positive,Negative,No,Positive,No,Positive,Single Sign,Single Sign
287,ACGGACCTG,GCGGAACTG,No,,,,No,Single Sign,Single Sign,Positive,Negative,Negative,Negative,No,Positive,Negative,Negative,Positive,,,,Negative,Positive,Negative,Positive,Positive,Negative,No,Negative,Negative
288,CCGGACCTG,GCGGCCCTG,No,,,,Negative,Negative,No,Negative,Negative,Negative,Positive,Negative,Negative,,,,Negative,Negative,Negative,Negative,Negative,Negative,,Positive,,Negative,No,Negative
289,CCGGACCTG,GCGGGCCTG,Positive,,,,Negative,Negative,Positive,No,Negative,,Single Sign,Negative,Negative,,,,Negative,Negative,Negative,Negative,No,No,Negative,Positive,Negative,Positive,Negative,Negative
290,CCGGACCTG,GCGGTCCTG,Positive,,,,Negative,Negative,Positive,Positive,Negative,Negative,Reciprocal Sign,Reciprocal Sign,No,,,,Negative,Negative,Negative,Positive,No,Negative,Negative,Positive,Negative,Negative,Negative,No
291,TCGGACCTG,GCGGCCCTG,Positive,,,,Positive,Positive,Positive,Positive,No,Negative,Negative,Negative,Positive,,,,Positive,Positive,Positive,Positive,Positive,Positive,Negative,Positive,,Positive,Positive,Positive
292,TCGGACCTG,GCGGGCCTG,Positive,,,,No,Positive,Positive,Positive,No,Negative,Negative,Positive,Positive,,,,No,Positive,Positive,Positive,Positive,Positive,Negative,Positive,Positive,Positive,Positive,No
293,TCGGACCTG,GCGGTCCTG,Positive,,,,Positive,Negative,Positive,Positive,Negative,Negative,Positive,Positive,Positive,,,,Positive,Positive,Positive,Positive,Positive,Positive,Negative,Positive,Positive,Positive,Positive,Positive
294,ACGGACCTG,GCGGCCCTG,Negative,,,,Negative,Positive,Negative,Negative,Negative,Negative,No,Negative,Positive,,,,Negative,Negative,Negative,Negative,Negative,Negative,Negative,Negative,,Negative,Negative,Negative
295,ACGGACCTG,GCGGGCCTG,Negative,,,,Negative,Positive,Positive,Negative,Negative,Negative,Negative,Positive,No,,,,Negative,Negative,Negative,Negative,Negative,Negative,Negative,Negative,Positive,Negative,Negative,Negative
296,ACGGACCTG,GCGGTCCTG,Negative,,,,Negative,Negative,Positive,Negative,Negative,Negative,Positive,Negative,Positive,,,,Negative,Negative,Negative,Negative,Negative,Negative,Negative,Positive,Positive,Negative,Negative,Negative
297,CCGGACCTG,GCGCACCTG,Negative,,,,Negative,Negative,No,Positive,Negative,Negative,,,,Reciprocal Sign,Negative,Negative,Negative,Negative,Negative,Positive,No,Negative,Negative,Positive,,Positive,Positive,Negative
298,CCGGACCTG,GCGTACCTG,Positive,,,,Negative,Negative,Positive,No,Negative,Negative,,,,Reciprocal Sign,Negative,Negative,Negative,Negative,Negative,Negative,Positive,Negative,Negative,Positive,Positive,Positive,Negative,Negative
299,CCGGACCTG,GCGAACCTG,Negative,,,,Negative,Negative,Positive,Positive,Negative,Negative,,,,Negative,Negative,Negative,Negative,Negative,Negative,Negative,Negative,Negative,Negative,Negative,No,Negative,Negative,Negative
300,TCGGACCTG,GCGCACCTG,Positive,,,,Positive,Positive,Positive,Positive,No,Negative,,,,No,Negative,Positive,Positive,Positive,Positive,Positive,Positive,Positive,Negative,Positive,,Positive,Positive,Positive
301,TCGGACCTG,GCGTACCTG,Positive,,,,Positive,Positive,Positive,Positive,Negative,Negative,,,,No,Positive,Negative,Positive,Positive,Positive,Positive,Positive,Positive,Negative,Positive,Positive,Positive,Positive,Positive
302,TCGGACCTG,GCGAACCTG,Positive,,,,Positive,Positive,No,Positive,No,Negative,,,,Negative,Negative,Negative,Positive,Positive,Positive,Positive,Positive,Positive,Negative,Positive,Positive,Positive,Positive,Positive
303,ACGGACCTG,GCGCACCTG,Negative,,,,Negative,Positive,Positive,Negative,Negative,Negative,,,,Negative,Negative,Positive,Negative,Negative,Negative,Negative,Negative,Negative,Negative,Negative,,Negative,Negative,Negative
304,ACGGACCTG,GCGTACCTG,Negative,,,,Negative,Positive,Negative,Negative,Negative,Negative,,,,Negative,Negative,Negative,Negative,Negative,Negative,Negative,Negative,Negative,Negative,Negative,Positive,Negative,Negative,Negative
305,ACGGACCTG,GCGAACCTG,Negative,,,,Negative,Positive,No,Negative,Negative,Negative,,,,Negative,Negative,No,Negative,Negative,Negative,Negative,Negative,Negative,Negative,Negative,Positive,Negative,Negative,Negative
306,CCGGACCTG,GCCGACCTG,Single Sign,,,,Negative,Single Sign,Negative,,,,No,Reciprocal Sign,Positive,Negative,,Positive,Single Sign,,Single Sign,Positive,Single Sign,Positive,Positive,Positive,,Positive,No,Positive
307,CCGGACCTG,GCTGACCTG,Single Sign,,,,Negative,Negative,No,,,,Positive,Negative,Reciprocal Sign,Negative,Negative,Negative,Single Sign,,Positive,Negative,Positive,No,No,No,Negative,Single Sign,Single Sign,
308,CCGGACCTG,GCAGACCTG,Negative,,,,Negative,Negative,Positive,,,,Positive,Negative,Positive,Negative,Negative,Negative,No,Positive,No,No,Negative,No,Positive,Negative,Positive,No,Negative,Negative
309,TCGGACCTG,GCCGACCTG,Reciprocal Sign,,,,Single Sign,Reciprocal Sign,Negative,,,,Reciprocal Sign,Negative,Positive,Negative,Negative,Negative,Reciprocal Sign,,Reciprocal Sign,Reciprocal Sign,Positive,Reciprocal Sign,Single Sign,Reciprocal Sign,Positive,Positive,Positive,Single Sign
310,TCGGACCTG,GCTGACCTG,Positive,,,,Single Sign,Single Sign,Single Sign,,,,Positive,Negative,Positive,Negative,Negative,Reciprocal Sign,Positive,,Single Sign,Positive,Positive,Reciprocal Sign,Positive,Single Sign,Positive,Positive,Positive,
311,TCGGACCTG,GCAGACCTG,Positive,,,,Negative,Positive,Negative,,,,Positive,Negative,Positive,No,Negative,Reciprocal Sign,No,No,Negative,Positive,Positive,Negative,Negative,Negative,Positive,Positive,Positive,Negative
312,ACGGACCTG,GCCGACCTG,Single Sign,,,,Negative,Reciprocal Sign,Negative,,,,Reciprocal Sign,No,Positive,Negative,Negative,No,Single Sign,,Single Sign,Single Sign,Single Sign,Single Sign,Positive,Single Sign,Positive,Single Sign,Single Sign,No
313,ACGGACCTG,GCTGACCTG,Single Sign,,,,Negative,Single Sign,Negative,,,,Reciprocal Sign,Negative,Positive,Negative,Negative,Negative,Single Sign,,No,Positive,Positive,Negative,No,Negative,Negative,Single Sign,Single Sign,
314,ACGGACCTG,GCAGACCTG,Negative,,,,Positive,Single Sign,Positive,,,,Reciprocal Sign,Negative,Positive,Negative,Single Sign,Negative,Positive,Negative,No,Positive,Negative,Negative,Single Sign,Negative,Positive,No,Negative,Negative
315,CCGGACCTG,GGGGACCTG,Negative,,,,,,,No,Negative,Negative,Reciprocal Sign,No,No,Negative,Negative,Negative,Positive,Negative,Positive,No,Negative,Negative,Negative,Positive,Negative,Negative,Negative,Negative
316,CCGGACCTG,GTGGACCTG,Positive,,,,,,,Single Sign,Negative,Negative,Positive,Negative,No,Negative,Reciprocal Sign,Negative,Positive,Negative,No,No,Positive,Negative,Negative,Positive,Positive,Positive,Positive,Positive
317,CCGGACCTG,GAGGACCTG,Single Sign,,,,,,,Reciprocal Sign,Negative,Negative,Negative,Single Sign,No,Negative,Negative,Negative,Single Sign,Negative,Positive,Single Sign,Single Sign,No,Negative,Single Sign,No,Positive,Positive,Single Sign
318,TCGGACCTG,GGGGACCTG,Positive,,,,,,,Negative,No,Negative,No,No,Positive,Single Sign,Negative,Reciprocal Sign,Negative,Negative,Negative,Positive,Positive,Single Sign,Negative,Positive,Negative,Positive,Positive,Positive
319,TCGGACCTG,GTGGACCTG,Positive,,,,,,,Positive,Positive,Negative,No,No,Positive,Negative,Reciprocal Sign,Positive,Single Sign,Positive,Single Sign,Positive,Negative,Negative,No,Positive,Positive,Positive,Positive,Positive
320,TCGGACCTG,GAGGACCTG,Positive,,,,,,,Negative,Positive,Positive,Negative,Single Sign,Positive,Negative,Reciprocal Sign,Positive,Negative,Negative,Negative,Negative,No,Negative,Reciprocal Sign,Negative,Positive,Positive,Positive,No
321,ACGGACCTG,GGGGACCTG,Negative,,,,,,,Negative,Negative,Negative,No,Reciprocal Sign,Positive,Single Sign,Negative,No,Positive,Negative,Positive,Negative,Negative,Negative,Negative,Negative,No,Negative,Negative,Negative
322,ACGGACCTG,GTGGACCTG,Negative,,,,,,,Negative,Negative,Negative,Single Sign,Negative,Reciprocal Sign,Negative,Negative,No,Negative,Negative,Negative,Negative,Negative,Negative,Negative,Negative,Positive,Negative,Negative,Negative
323,ACGGACCTG,GAGGACCTG,Positive,,,,,,,Single Sign,Negative,Negative,Negative,No,Positive,Reciprocal Sign,Negative,Negative,Single Sign,Negative,No,Positive,Positive,Negative,Negative,Negative,Reciprocal Sign,Positive,Positive,No
